trait,delta,candidate,mean,sd,lo95,hi95,source
Asthma,0.01,MELD_lambda0_afproj,0.909580308577503,0.00873415061873003,0.892619758215274,0.926157051713276,R9_UKB
Asthma,0.01,MELD_lambda0_reportN,0.909374875237559,0.0084718516024307,0.891770645347612,0.925001437971895,R9_UKB
Asthma,0.01,MELD_lambda0_equal,0.90293276179066,0.00939879221628662,0.882462717739594,0.919741678215336,R9_UKB
Asthma,0.01,MELD_lambda1_afproj,0.90967182173546,0.00841161344949859,0.892408818114742,0.925443230320436,R9_UKB
Asthma,0.01,EUR,0.885041219728852,0.0104514039528381,0.863224048358847,0.904381594586369,R9_UKB
Asthma,0.01,EAS,0.803831828294937,0.0137991073830927,0.775549584009142,0.830126539934475,R9_UKB
Asthma,0.01,AFR,0.764651678747217,0.0136492142470492,0.738490288419796,0.791605353438076,R9_UKB
Asthma,0.01,CSA,0.866902865785419,0.011270517337705,0.844410793549116,0.888211217155075,R9_UKB
Asthma,0.01,AMR,0.877564641903565,0.0102954936617341,0.856668076649174,0.897485436113399,R9_UKB
Asthma,0.01,MID,0.872107693677332,0.0108607699706047,0.850507255570295,0.892756147411004,R9_UKB
COPD,0.01,MELD_lambda0_afproj,0.893801958622125,0.00954594144494033,0.874676695685647,0.911426394481385,R9_UKB
COPD,0.01,MELD_lambda0_reportN,0.89396582010046,0.0093481247141726,0.874737298819253,0.91101627527456,R9_UKB
COPD,0.01,MELD_lambda0_equal,0.891118825340224,0.00910632855816294,0.871714023209177,0.907674546648575,R9_UKB
COPD,0.01,MELD_lambda1_afproj,0.891829191693352,0.00995692955195357,0.870834421017054,0.90951431999524,R9_UKB
COPD,0.01,EUR,0.854402068487302,0.0130389169044979,0.827871046657084,0.877967130386393,R9_UKB
COPD,0.01,EAS,0.803358242688485,0.0137929412021346,0.774956333574128,0.830053804954812,R9_UKB
COPD,0.01,AFR,0.729176258210788,0.0148549752685986,0.697953142600046,0.757467865779696,R9_UKB
COPD,0.01,CSA,0.854555594805378,0.0103540010026323,0.833501336221936,0.874069182508244,R9_UKB
COPD,0.01,AMR,0.843347755845925,0.0143895913737534,0.814386149036403,0.870172077639268,R9_UKB
COPD,0.01,MID,0.845818963410133,0.0117413957565092,0.822356155254386,0.86869579397646,R9_UKB
Gout,0.01,MELD_lambda0_afproj,0.882248605078014,0.0097579840593939,0.861702202578564,0.90078806830912,R9_UKB
Gout,0.01,MELD_lambda0_reportN,0.88186287705606,0.0096605675645337,0.862228671971004,0.900318911847573,R9_UKB
Gout,0.01,MELD_lambda0_equal,0.879792551426154,0.0100369427449469,0.8594228143181,0.898102927528574,R9_UKB
Gout,0.01,MELD_lambda1_afproj,0.880462456933817,0.00990979378193134,0.859723826601239,0.898337271401098,R9_UKB
Gout,0.01,EUR,0.839316490245791,0.0116284133951793,0.816112769224991,0.86160160405966,R9_UKB
Gout,0.01,EAS,0.808093769619218,0.0133144783336955,0.782873145879501,0.83451450912718,R9_UKB
Gout,0.01,AFR,0.722722781853021,0.015342435043479,0.692718508177039,0.751834168969374,R9_UKB
Gout,0.01,CSA,0.833677050062722,0.0128257708051163,0.806935002572364,0.857584944902935,R9_UKB
Gout,0.01,AMR,0.832068808282212,0.0187645221930156,0.792177335075682,0.86489865481186,R9_UKB
Gout,0.01,MID,0.832905680235093,0.013834714876976,0.805854163580605,0.858999419699777,R9_UKB
HF,0.01,MELD_lambda0_afproj,0.898601472800082,0.00879222955192717,0.881138735356524,0.915703834649604,R9_UKB
HF,0.01,MELD_lambda0_reportN,0.898618432932923,0.00885203605245445,0.880610351077313,0.916040847982602,R9_UKB
HF,0.01,MELD_lambda0_equal,0.891012720856755,0.00928827982722588,0.871197190955503,0.907500451807806,R9_UKB
HF,0.01,MELD_lambda1_afproj,0.897427091661841,0.00914171856593968,0.878749328867794,0.914289469593573,R9_UKB
HF,0.01,EUR,0.864343300687913,0.00936510426607306,0.846020275922169,0.883420284074988,R9_UKB
HF,0.01,EAS,0.81893257707838,0.010424546773473,0.799156970043723,0.839555626001087,R9_UKB
HF,0.01,AFR,0.748857691200287,0.0125717341234165,0.724388244753638,0.773905014401367,R9_UKB
HF,0.01,CSA,0.85422685431444,0.0107074067856962,0.833674056925757,0.875366544025425,R9_UKB
HF,0.01,AMR,0.858435202938599,0.0114721479129125,0.835934140399506,0.880210735035771,R9_UKB
HF,0.01,MID,0.854527147013999,0.012303772830187,0.830082292122693,0.878850777440803,R9_UKB
IPF,0.01,MELD_lambda0_afproj,0.877869068967007,0.0102474320336124,0.857280069495496,0.897529261824949,R9_UKB
IPF,0.01,MELD_lambda0_reportN,0.877904028028134,0.0103389618985117,0.856877043049466,0.896513125105712,R9_UKB
IPF,0.01,MELD_lambda0_equal,0.876451686763217,0.00992687272187296,0.855324685283043,0.894683421471645,R9_UKB
IPF,0.01,MELD_lambda1_afproj,0.875364804317373,0.0101583128065509,0.854589822580553,0.894017972298029,R9_UKB
IPF,0.01,EUR,0.851736062668263,0.0110618438449646,0.829948936077727,0.873552561335176,R9_UKB
IPF,0.01,EAS,0.787005796066636,0.0152711489253258,0.757870338322843,0.816401710104548,R9_UKB
IPF,0.01,AFR,0.720263489323327,0.0167626871449281,0.687383295074077,0.753047239052524,R9_UKB
IPF,0.01,CSA,0.838188937997156,0.0127882646476382,0.812322226954121,0.862684783339648,R9_UKB
IPF,0.01,AMR,0.841844697417294,0.013164877976924,0.816401419617986,0.86724455327306,R9_UKB
IPF,0.01,MID,0.838606573456164,0.0121815835018476,0.814266795222275,0.861747457627137,R9_UKB
Stroke,0.01,MELD_lambda0_afproj,0.887591285709337,0.00929603094946227,0.8687230468898,0.905320524170272,R9_UKB
Stroke,0.01,MELD_lambda0_reportN,0.888050307425712,0.00927986573674515,0.869448139293169,0.904597710234145,R9_UKB
Stroke,0.01,MELD_lambda0_equal,0.887245862702982,0.00965819438936169,0.867760609709,0.905174232074864,R9_UKB
Stroke,0.01,MELD_lambda1_afproj,0.8884051575199,0.00931577537829246,0.870611499852962,0.906031510087131,R9_UKB
Stroke,0.01,EUR,0.835471763341381,0.0136617755554774,0.808927613086545,0.861672216883967,R9_UKB
Stroke,0.01,EAS,0.842493716715743,0.0118555891242659,0.81901335369022,0.865588099048395,R9_UKB
Stroke,0.01,AFR,0.733986062849176,0.0170516663768513,0.698510472325575,0.76610493787348,R9_UKB
Stroke,0.01,CSA,0.850848474421961,0.0106676838859477,0.830095095652719,0.871730102477672,R9_UKB
Stroke,0.01,AMR,0.831134420576236,0.0141642023213267,0.803255700329422,0.857466391175611,R9_UKB
Stroke,0.01,MID,0.837987566477034,0.0121336124054748,0.81524473311906,0.861688599145147,R9_UKB
VTE,0.01,MELD_lambda0_afproj,0.87679525178554,0.0101138101499348,0.856015592635469,0.895933821852767,R9_UKB
VTE,0.01,MELD_lambda0_reportN,0.87780561951422,0.0100568200607293,0.856576711288729,0.895745482190222,R9_UKB
VTE,0.01,MELD_lambda0_equal,0.871694016067496,0.0116187765612462,0.845988373219679,0.891792368689341,R9_UKB
VTE,0.01,MELD_lambda1_afproj,0.876668254652374,0.0101766607119754,0.855031052925265,0.894356234013092,R9_UKB
VTE,0.01,EUR,0.859352064303356,0.0110613223279938,0.836156443256549,0.878696390608866,R9_UKB
VTE,0.01,EAS,0.77185868497625,0.0136573382663511,0.744733716236625,0.798164493666648,R9_UKB
VTE,0.01,AFR,0.744101151158061,0.0172772211997473,0.708640398141483,0.775944286810958,R9_UKB
VTE,0.01,CSA,0.833020671648064,0.0122771642917166,0.807591222998526,0.855518613774651,R9_UKB
VTE,0.01,AMR,0.841180759648925,0.0123338242537689,0.815908806838603,0.86346493901882,R9_UKB
VTE,0.01,MID,0.846845134846449,0.0111435726033546,0.823548870701051,0.86813618489415,R9_UKB
Asthma,0.01,MELD_lambda0_afproj,0.907456103727787,0.00944787309747349,0.888188829323581,0.92485642850344,R8_1KG_on_R9blocks
Asthma,0.01,MELD_lambda0_reportN,0.907828847085522,0.00917135446220952,0.889043814262616,0.924781052318427,R8_1KG_on_R9blocks
Asthma,0.01,MELD_lambda0_equal,0.892490920914761,0.0101637215663748,0.871033112239129,0.911356502694048,R8_1KG_on_R9blocks
Asthma,0.01,MELD_lambda1_afproj,0.905909755462557,0.00920129813909113,0.887212049268106,0.922924392292684,R8_1KG_on_R9blocks
Asthma,0.01,EUR,0.890599557879106,0.0101722833769664,0.870058150869889,0.910355843314127,R8_1KG_on_R9blocks
Asthma,0.01,EAS,0.765926767015439,0.0176622731570861,0.730865332530451,0.800817243832031,R8_1KG_on_R9blocks
Asthma,0.01,AFR,0.683086673852494,0.0215056102575995,0.642207505040409,0.725985270092631,R8_1KG_on_R9blocks
Asthma,0.01,CSA,0.850416210667302,0.0140192492611009,0.820256618627824,0.876611324309503,R8_1KG_on_R9blocks
Asthma,0.01,AMR,0.833247648958426,0.0153612166062914,0.803373507011728,0.862804389243675,R8_1KG_on_R9blocks
COPD,0.01,MELD_lambda0_afproj,0.88494766081636,0.0114891334060729,0.860410572237376,0.905950283426141,R8_1KG_on_R9blocks
COPD,0.01,MELD_lambda0_reportN,0.884492153446357,0.0115483632071235,0.860701331387293,0.905823898690297,R8_1KG_on_R9blocks
COPD,0.01,MELD_lambda0_equal,0.874435166961101,0.0114397239509375,0.851459964589334,0.895771639196909,R8_1KG_on_R9blocks
COPD,0.01,MELD_lambda1_afproj,0.883257890434201,0.0115510341629501,0.859319888767551,0.904107353939607,R8_1KG_on_R9blocks
COPD,0.01,EUR,0.856362207218033,0.0144974367024329,0.82735479597625,0.883405465025939,R8_1KG_on_R9blocks
COPD,0.01,EAS,0.7714612260268,0.0193363718958138,0.732627244562253,0.80797307995876,R8_1KG_on_R9blocks
COPD,0.01,AFR,0.661292102107774,0.0206905837738808,0.621192807929812,0.701930309504112,R8_1KG_on_R9blocks
COPD,0.01,CSA,0.828943161238191,0.0137305494413006,0.801182786156772,0.854239078924323,R8_1KG_on_R9blocks
COPD,0.01,AMR,0.813195713481166,0.0210297311711971,0.768428841945791,0.850595510036929,R8_1KG_on_R9blocks
Gout,0.01,MELD_lambda0_afproj,0.888391126721899,0.0110634653635814,0.864955990997841,0.90783824123544,R8_1KG_on_R9blocks
Gout,0.01,MELD_lambda0_reportN,0.888050043196266,0.0112389988969065,0.864143303965481,0.908350008441898,R8_1KG_on_R9blocks
Gout,0.01,MELD_lambda0_equal,0.87631025355042,0.0115740207237827,0.852136652991663,0.896879201318381,R8_1KG_on_R9blocks
Gout,0.01,MELD_lambda1_afproj,0.886088131985503,0.0109345003983761,0.862514435125571,0.906433450243733,R8_1KG_on_R9blocks
Gout,0.01,EUR,0.854961132749808,0.0130660416821305,0.82830483607213,0.878711315505209,R8_1KG_on_R9blocks
Gout,0.01,EAS,0.801271503018957,0.0142113318513291,0.774098802953768,0.829444101372189,R8_1KG_on_R9blocks
Gout,0.01,AFR,0.643165893817764,0.0256774898880465,0.594624056572477,0.69333029585397,R8_1KG_on_R9blocks
Gout,0.01,CSA,0.824989672257346,0.0140082319406185,0.79715461917654,0.85140556275372,R8_1KG_on_R9blocks
Gout,0.01,AMR,0.813496033185843,0.0166497879539643,0.779168696187362,0.845575177318299,R8_1KG_on_R9blocks
HF,0.01,MELD_lambda0_afproj,0.902148811312133,0.0101806456036048,0.881120157178025,0.921483632389327,R8_1KG_on_R9blocks
HF,0.01,MELD_lambda0_reportN,0.901743180918878,0.00978713716327289,0.88151065684305,0.91910960179427,R8_1KG_on_R9blocks
HF,0.01,MELD_lambda0_equal,0.887417852847001,0.0105847522162191,0.865558707382341,0.907654466343985,R8_1KG_on_R9blocks
HF,0.01,MELD_lambda1_afproj,0.90082900767583,0.0101168772953548,0.879238386456508,0.918392874060837,R8_1KG_on_R9blocks
HF,0.01,EUR,0.870633820240153,0.0116904949154576,0.847704743752854,0.893462837305114,R8_1KG_on_R9blocks
HF,0.01,EAS,0.792493841480764,0.0187684025415309,0.752273642749891,0.824598367011354,R8_1KG_on_R9blocks
HF,0.01,AFR,0.674826264389945,0.0212987734019187,0.63161418461937,0.715997381386622,R8_1KG_on_R9blocks
HF,0.01,CSA,0.847001605613327,0.0148232263294056,0.815582636918599,0.874247250698448,R8_1KG_on_R9blocks
HF,0.01,AMR,0.814629368522347,0.0172831983312062,0.779851357408809,0.847669417275841,R8_1KG_on_R9blocks
IPF,0.01,MELD_lambda0_afproj,0.881767894256664,0.0119371450090155,0.856058945412574,0.902666398071067,R8_1KG_on_R9blocks
IPF,0.01,MELD_lambda0_reportN,0.881741146546266,0.0115322363806149,0.857086673867156,0.901799569575895,R8_1KG_on_R9blocks
IPF,0.01,MELD_lambda0_equal,0.869827520580034,0.0123043419261588,0.844841924452004,0.891929195343475,R8_1KG_on_R9blocks
IPF,0.01,MELD_lambda1_afproj,0.880855995650171,0.0123124428519778,0.855101758589625,0.903070703468661,R8_1KG_on_R9blocks
IPF,0.01,EUR,0.856292455942772,0.0134479099336655,0.828161677392462,0.881134609960607,R8_1KG_on_R9blocks
IPF,0.01,EAS,0.776682198210991,0.0165271008698837,0.742620506591889,0.807091036092256,R8_1KG_on_R9blocks
IPF,0.01,AFR,0.654347638024515,0.0239611520170224,0.60624090057005,0.699369849077385,R8_1KG_on_R9blocks
IPF,0.01,CSA,0.825430681729147,0.0156086138855937,0.792010113286365,0.853973017178311,R8_1KG_on_R9blocks
IPF,0.01,AMR,0.816653635247075,0.0159818219855439,0.783480211046236,0.846723250709116,R8_1KG_on_R9blocks
Stroke,0.01,MELD_lambda0_afproj,0.89934531888779,0.00967546525691422,0.879084405562916,0.916963812997525,R8_1KG_on_R9blocks
Stroke,0.01,MELD_lambda0_reportN,0.899939626873722,0.00950103719080512,0.881124447434003,0.917775982529722,R8_1KG_on_R9blocks
Stroke,0.01,MELD_lambda0_equal,0.891226359741781,0.0099090485373844,0.870341632374506,0.90948762082833,R8_1KG_on_R9blocks
Stroke,0.01,MELD_lambda1_afproj,0.900414194463879,0.00929206173418057,0.881331999377,0.917713516208401,R8_1KG_on_R9blocks
Stroke,0.01,EUR,0.855539816117663,0.0130105043058865,0.829056441132355,0.878860341519044,R8_1KG_on_R9blocks
Stroke,0.01,EAS,0.832232703088912,0.0147161395001907,0.802859002768644,0.859115778129297,R8_1KG_on_R9blocks
Stroke,0.01,AFR,0.675865891642741,0.0220514585355183,0.631615397687937,0.719302004955491,R8_1KG_on_R9blocks
Stroke,0.01,CSA,0.844849219347575,0.0134982581792461,0.817417265208543,0.871238340327683,R8_1KG_on_R9blocks
Stroke,0.01,AMR,0.827366920934189,0.0146879443259812,0.798441485594483,0.856657336998407,R8_1KG_on_R9blocks
VTE,0.01,MELD_lambda0_afproj,0.886901421803205,0.00896154140546324,0.868865906606758,0.903231909332353,R8_1KG_on_R9blocks
VTE,0.01,MELD_lambda0_reportN,0.887303999915454,0.00877624844815173,0.868909678271035,0.902838812850963,R8_1KG_on_R9blocks
VTE,0.01,MELD_lambda0_equal,0.868658499882563,0.0109512108731799,0.846322960835063,0.888725246789732,R8_1KG_on_R9blocks
VTE,0.01,MELD_lambda1_afproj,0.887302294080749,0.00850438155678872,0.869480228497346,0.902914985509566,R8_1KG_on_R9blocks
VTE,0.01,EUR,0.872469513883637,0.0095906420469979,0.853420868931026,0.890465558527651,R8_1KG_on_R9blocks
VTE,0.01,EAS,0.745842752844009,0.0176798012847451,0.710414482680064,0.779920178807562,R8_1KG_on_R9blocks
VTE,0.01,AFR,0.671570276614894,0.0232032541262614,0.625106028056275,0.716121487794247,R8_1KG_on_R9blocks
VTE,0.01,CSA,0.827056649212294,0.0125497963227993,0.802143221415827,0.851415977299221,R8_1KG_on_R9blocks
VTE,0.01,AMR,0.811372904522038,0.0156362806149556,0.7801567601845,0.840966710070896,R8_1KG_on_R9blocks
Asthma,0.01,MELD_lambda0_afproj,0.916856108178389,0.00940000090459223,0.898267339410057,0.934987213617369,R8_1KG_original_blocks
Asthma,0.01,MELD_lambda0_reportN,0.917121935803623,0.00947766555983054,0.898361619572497,0.935480432140029,R8_1KG_original_blocks
Asthma,0.01,MELD_lambda0_equal,0.901440953040805,0.0105066588713088,0.879998623185175,0.920953789266244,R8_1KG_original_blocks
Asthma,0.01,MELD_lambda1_afproj,0.915544249905104,0.00957264232973486,0.896893257985436,0.933523602923028,R8_1KG_original_blocks
Asthma,0.01,EUR,0.889351596499258,0.0122882609593317,0.864325483950427,0.912252175850538,R8_1KG_original_blocks
Asthma,0.01,EAS,0.75753622925496,0.0168067011105202,0.725621912561207,0.792096720337838,R8_1KG_original_blocks
Asthma,0.01,AFR,0.622151408375433,0.0327722709182718,0.558325831463601,0.685420383398399,R8_1KG_original_blocks
Asthma,0.01,CSA,0.835472932820091,0.0169831919897815,0.801850073192393,0.867108688487131,R8_1KG_original_blocks
Asthma,0.01,AMR,0.811857859916206,0.0184210986397663,0.778988105230926,0.850438807542696,R8_1KG_original_blocks
COPD,0.01,MELD_lambda0_afproj,0.885654194551982,0.0109889462372101,0.862907336823044,0.906724601603957,R8_1KG_original_blocks
COPD,0.01,MELD_lambda0_reportN,0.884846711215566,0.0106364842324622,0.862969398721,0.906242548655898,R8_1KG_original_blocks
COPD,0.01,MELD_lambda0_equal,0.879237652777398,0.0107213737524945,0.857285156138602,0.899940833677748,R8_1KG_original_blocks
COPD,0.01,MELD_lambda1_afproj,0.88299877551661,0.011096155994172,0.86105338214309,0.905249147104692,R8_1KG_original_blocks
COPD,0.01,EUR,0.845003839977431,0.0138176515958799,0.818588658604539,0.872010278249609,R8_1KG_original_blocks
COPD,0.01,EAS,0.751848477215244,0.0183502608947186,0.719197112203329,0.790462480661903,R8_1KG_original_blocks
COPD,0.01,AFR,0.588700402232132,0.0312373169201315,0.52845076638709,0.646569150420119,R8_1KG_original_blocks
COPD,0.01,CSA,0.808800450172374,0.0170381382962838,0.774349708301572,0.841346663886283,R8_1KG_original_blocks
COPD,0.01,AMR,0.761408800365991,0.0251050225981026,0.714066886518792,0.811778565459865,R8_1KG_original_blocks
Gout,0.01,MELD_lambda0_afproj,0.888827800136551,0.0104360442852906,0.86813001515197,0.908568683173258,R8_1KG_original_blocks
Gout,0.01,MELD_lambda0_reportN,0.887281832472553,0.0107151039259527,0.866450085139748,0.907662614249556,R8_1KG_original_blocks
Gout,0.01,MELD_lambda0_equal,0.877777993419736,0.0112787155334049,0.854141114127809,0.898889006043282,R8_1KG_original_blocks
Gout,0.01,MELD_lambda1_afproj,0.886632384728283,0.0107001881821574,0.865199951460775,0.906521139774241,R8_1KG_original_blocks
Gout,0.01,EUR,0.837007975035653,0.0132117426641278,0.810806975368023,0.862143617272498,R8_1KG_original_blocks
Gout,0.01,EAS,0.761026746450194,0.0170651790313477,0.728357331737602,0.79542246778529,R8_1KG_original_blocks
Gout,0.01,AFR,0.572698175984929,0.0337540193780791,0.505050210907642,0.63829192040198,R8_1KG_original_blocks
Gout,0.01,CSA,0.798250535396742,0.0179416095715685,0.763929447034441,0.833378083483864,R8_1KG_original_blocks
Gout,0.01,AMR,0.766186781928973,0.0224702815434769,0.721323939908661,0.810536533320655,R8_1KG_original_blocks
HF,0.01,MELD_lambda0_afproj,0.89916447659051,0.0110826622359389,0.876637234060006,0.920517122335397,R8_1KG_original_blocks
HF,0.01,MELD_lambda0_reportN,0.899145465126636,0.0105627519923328,0.878344002754668,0.919581813759052,R8_1KG_original_blocks
HF,0.01,MELD_lambda0_equal,0.891365723267914,0.010545837694586,0.870574006908398,0.911063669283982,R8_1KG_original_blocks
HF,0.01,MELD_lambda1_afproj,0.898578851563135,0.0108150274287858,0.877075461113279,0.919848520042449,R8_1KG_original_blocks
HF,0.01,EUR,0.859529062567692,0.0137090995247833,0.831605419377152,0.886208692018353,R8_1KG_original_blocks
HF,0.01,EAS,0.762317167486371,0.0147465291147987,0.733095545527075,0.790899119543262,R8_1KG_original_blocks
HF,0.01,AFR,0.630250234567741,0.0283104993559131,0.575041842462363,0.683688335570446,R8_1KG_original_blocks
HF,0.01,CSA,0.823925271251695,0.0148955858944297,0.794666900020404,0.852762592197085,R8_1KG_original_blocks
HF,0.01,AMR,0.798486560120726,0.018581682982734,0.763976963298945,0.834158456595354,R8_1KG_original_blocks
IPF,0.01,MELD_lambda0_afproj,0.874887859065523,0.0103629873961162,0.854345103854532,0.894873574232343,R8_1KG_original_blocks
IPF,0.01,MELD_lambda0_reportN,0.874230174178535,0.0102733431626726,0.85382448485745,0.895343189531597,R8_1KG_original_blocks
IPF,0.01,MELD_lambda0_equal,0.868071169047952,0.00993948092443218,0.848029894655394,0.887609827449692,R8_1KG_original_blocks
IPF,0.01,MELD_lambda1_afproj,0.87117725539443,0.010602535257489,0.850891124030856,0.892835930763766,R8_1KG_original_blocks
IPF,0.01,EUR,0.83835978237031,0.0128947203938044,0.81323794706844,0.863945871809164,R8_1KG_original_blocks
IPF,0.01,EAS,0.750662205613408,0.017367238793299,0.717466920189883,0.785844751418473,R8_1KG_original_blocks
IPF,0.01,AFR,0.580926050475635,0.0265503789179197,0.532448655813855,0.634315338242469,R8_1KG_original_blocks
IPF,0.01,CSA,0.793647232847254,0.0179383088364299,0.758345449556189,0.827711654867531,R8_1KG_original_blocks
IPF,0.01,AMR,0.76936982064362,0.0205116812152337,0.731649823779971,0.812352862427213,R8_1KG_original_blocks
Stroke,0.01,MELD_lambda0_afproj,0.901965264095045,0.0089606082864118,0.884438864541109,0.918472269856749,R8_1KG_original_blocks
Stroke,0.01,MELD_lambda0_reportN,0.901990318503007,0.00883746994761308,0.885138257004144,0.919063903920184,R8_1KG_original_blocks
Stroke,0.01,MELD_lambda0_equal,0.892694967459474,0.00912787812333053,0.874386536728699,0.909976873642479,R8_1KG_original_blocks
Stroke,0.01,MELD_lambda1_afproj,0.902796360521942,0.00881703883265269,0.885631529830081,0.920498226222318,R8_1KG_original_blocks
Stroke,0.01,EUR,0.848185987842767,0.0139891646209517,0.820312731713991,0.872700312249142,R8_1KG_original_blocks
Stroke,0.01,EAS,0.815113605245155,0.0155981087881094,0.78575834205895,0.845432198026395,R8_1KG_original_blocks
Stroke,0.01,AFR,0.612432963998788,0.0279594080858949,0.55598585686306,0.666292738086824,R8_1KG_original_blocks
Stroke,0.01,CSA,0.832869757590825,0.0138411617341289,0.806320574746875,0.860137354715547,R8_1KG_original_blocks
Stroke,0.01,AMR,0.786206671541674,0.0195365537502743,0.750049485616439,0.825839714602164,R8_1KG_original_blocks
VTE,0.01,MELD_lambda0_afproj,0.884202009295219,0.0101807266775921,0.863901727985838,0.903200038327893,R8_1KG_original_blocks
VTE,0.01,MELD_lambda0_reportN,0.883624719220124,0.0101802454375767,0.86326168002342,0.903482583180898,R8_1KG_original_blocks
VTE,0.01,MELD_lambda0_equal,0.869121876806367,0.0111874401563373,0.846253986012344,0.890179433749699,R8_1KG_original_blocks
VTE,0.01,MELD_lambda1_afproj,0.885035302469278,0.0101396055784585,0.86468947698646,0.904742009252976,R8_1KG_original_blocks
VTE,0.01,EUR,0.863258721651113,0.0105402439882575,0.842135406135523,0.88294472317598,R8_1KG_original_blocks
VTE,0.01,EAS,0.714373483660984,0.0199641931070554,0.67533102465147,0.75229171506567,R8_1KG_original_blocks
VTE,0.01,AFR,0.605785501217432,0.0275147079403375,0.553086155609416,0.658952484118652,R8_1KG_original_blocks
VTE,0.01,CSA,0.805857361781051,0.0164951468394067,0.77183607083061,0.838498210178294,R8_1KG_original_blocks
VTE,0.01,AMR,0.787881659866647,0.0196473508463513,0.746290253603927,0.824677865288136,R8_1KG_original_blocks
