chr,block_id,m,w_eur,candidate,delta,r2_pre,r2_post
22,1,255,0.75,MELD_lambda0,0.001,0.696104407549479,0.68688773275883
22,1,255,0.75,MELD_lambda0,0.01,0.709430896684393,0.709144936946378
22,1,255,0.75,MELD_lambda0,0.1,0.725347773425663,0.72534994643778
22,1,255,0.75,MELD_lambda1,0.001,0.660576140422713,0.672426498352837
22,1,255,0.75,MELD_lambda1,0.01,0.691321799417941,0.691115883076069
22,1,255,0.75,MELD_lambda1,0.1,0.715991689393623,0.715993086742185
22,1,255,0.75,EUR,0.001,0.338732220418312,0.463067701374259
22,1,255,0.75,EUR,0.01,0.624946406097595,0.637797379111618
22,1,255,0.75,EUR,0.1,0.704687903863466,0.704719722644675
22,1,255,0.75,AFR,0.001,0.306869760250438,0.297997814054696
22,1,255,0.75,AFR,0.01,0.325373880708464,0.325525132919879
22,1,255,0.75,AFR,0.1,0.344252305840935,0.344254247022103
22,1,255,0.5,MELD_lambda0,0.001,0.69326324332764,0.642170152660129
22,1,255,0.5,MELD_lambda0,0.01,0.65505431957193,0.654846464627013
22,1,255,0.5,MELD_lambda0,0.1,0.643333922423009,0.643334009754898
22,1,255,0.5,MELD_lambda1,0.001,0.674385183845852,0.644367245843804
22,1,255,0.5,MELD_lambda1,0.01,0.653827229650028,0.653639483304769
22,1,255,0.5,MELD_lambda1,0.1,0.638676664449212,0.638675414133407
22,1,255,0.5,EUR,0.001,0.124181264316336,0.12205818777202
22,1,255,0.5,EUR,0.01,0.262409892088053,0.273813866947698
22,1,255,0.5,EUR,0.1,0.415651207327971,0.415694598512174
22,1,255,0.5,AFR,0.001,0.356345320077201,0.372218409757979
22,1,255,0.5,AFR,0.01,0.398218993093136,0.398190455065021
22,1,255,0.5,AFR,0.1,0.43025908634958,0.430260439760381
22,1,255,0.5,MELD_pooled,0.001,0.646796250016088,0.616933623393834
22,1,255,0.5,MELD_pooled,0.01,0.639972492811652,0.639494071399028
22,1,255,0.5,MELD_pooled,0.1,0.634209740228957,0.634203375104798
22,1,255,0.25,MELD_lambda0,0.001,0.651748099553187,0.610028336957389
22,1,255,0.25,MELD_lambda0,0.01,0.604161548354227,0.603955064893441
22,1,255,0.25,MELD_lambda0,0.1,0.577848962022892,0.577846352135589
22,1,255,0.25,MELD_lambda1,0.001,0.659089844309087,0.621098325041904
22,1,255,0.25,MELD_lambda1,0.01,0.61334192216871,0.613128578138492
22,1,255,0.25,MELD_lambda1,0.1,0.576815735924698,0.576812443330934
22,1,255,0.25,EUR,0.001,0.0703005289829444,0.0172326254071219
22,1,255,0.25,EUR,0.01,0.0682580447530695,0.0722936753582572
22,1,255,0.25,EUR,0.1,0.191973390118725,0.192006039510914
22,1,255,0.25,AFR,0.001,0.411265378163509,0.459033964628657
22,1,255,0.25,AFR,0.01,0.46607450135852,0.465786737305348
22,1,255,0.25,AFR,0.1,0.468802321648468,0.468802969034319
22,2,310,0.75,MELD_lambda0,0.001,0.714836478506871,0.720929190426629
22,2,310,0.75,MELD_lambda0,0.01,0.760300720390139,0.760374651857832
22,2,310,0.75,MELD_lambda0,0.1,0.797732603551219,0.797727861765729
22,2,310,0.75,MELD_lambda1,0.001,0.659985773370401,0.686635711438761
22,2,310,0.75,MELD_lambda1,0.01,0.734713128648345,0.734668089117832
22,2,310,0.75,MELD_lambda1,0.1,0.782823435398967,0.782810423497067
22,2,310,0.75,EUR,0.001,0.605011404477515,0.734758983162157
22,2,310,0.75,EUR,0.01,0.820076532313541,0.803695871977704
22,2,310,0.75,EUR,0.1,0.807618854558909,0.807357488026156
22,2,310,0.75,AFR,0.001,0.0581306505890643,0.415994950964454
22,2,310,0.75,AFR,0.01,0.456114429107589,0.571785785185049
22,2,310,0.75,AFR,0.1,0.665545695159945,0.658571658867214
22,2,310,0.5,MELD_lambda0,0.001,0.539262074565185,0.540179247231239
22,2,310,0.5,MELD_lambda0,0.01,0.58034215814313,0.580375065017593
22,2,310,0.5,MELD_lambda0,0.1,0.632784570129889,0.632785381615212
22,2,310,0.5,MELD_lambda1,0.001,0.534096599991644,0.534858319612537
22,2,310,0.5,MELD_lambda1,0.01,0.572112262339422,0.572140313318044
22,2,310,0.5,MELD_lambda1,0.1,0.629830671705385,0.629831473522047
22,2,310,0.5,EUR,0.001,0.339880330957469,0.454561448786155
22,2,310,0.5,EUR,0.01,0.664382000978908,0.603407455755485
22,2,310,0.5,EUR,0.1,0.660750953689443,0.661581649824405
22,2,310,0.5,AFR,0.001,0.0699843541238684,0.287104240940323
22,2,310,0.5,AFR,0.01,0.351824019313403,0.42849881219089
22,2,310,0.5,AFR,0.1,0.498055327198533,0.493165162545363
22,2,310,0.5,MELD_pooled,0.001,0.310046618251586,0.466719948669836
22,2,310,0.5,MELD_pooled,0.01,0.540194735154605,0.54104074633307
22,2,310,0.5,MELD_pooled,0.1,0.614391952834478,0.614404856968593
22,2,310,0.25,MELD_lambda0,0.001,0.418043587166298,0.423286161668957
22,2,310,0.25,MELD_lambda0,0.01,0.482483089506178,0.482696820266347
22,2,310,0.25,MELD_lambda0,0.1,0.542207030251377,0.542213768305112
22,2,310,0.25,MELD_lambda1,0.001,0.429330680995026,0.433845309931832
22,2,310,0.25,MELD_lambda1,0.01,0.491670021974131,0.491854567061245
22,2,310,0.25,MELD_lambda1,0.1,0.553881169586132,0.553886955666479
22,2,310,0.25,EUR,0.001,0.248057600054621,0.341722740676993
22,2,310,0.25,EUR,0.01,0.600494441095016,0.518489561903855
22,2,310,0.25,EUR,0.1,0.610922390970946,0.612746568773519
22,2,310,0.25,AFR,0.001,0.0698121706170923,0.260846796960365
22,2,310,0.25,AFR,0.01,0.34607093574797,0.399454592745812
22,2,310,0.25,AFR,0.1,0.454855755359632,0.45163596495436
22,3,715,0.75,MELD_lambda0,0.001,0.807557293320981,0.809926510242629
22,3,715,0.75,MELD_lambda0,0.01,0.890969940381889,0.917989798390144
22,3,715,0.75,MELD_lambda0,0.1,0.906290051046821,0.911379071365107
22,3,715,0.75,MELD_lambda1,0.001,0.656454732833122,0.817131534566888
22,3,715,0.75,MELD_lambda1,0.01,0.896092663128386,0.915531686485053
22,3,715,0.75,MELD_lambda1,0.1,0.860549451514806,0.907184740113333
22,3,715,0.75,EUR,0.001,0.410818213694629,0.454487832464618
22,3,715,0.75,EUR,0.01,0.777626101850735,0.785386478891875
22,3,715,0.75,EUR,0.1,0.866937289996328,0.869975663386954
22,3,715,0.75,AFR,0.001,0.0844278999632852,0.386721608400695
22,3,715,0.75,AFR,0.01,0.291277631102828,0.607329670040432
22,3,715,0.75,AFR,0.1,0.744788543850268,0.74705109866699
22,3,715,0.5,MELD_lambda0,0.001,0.647019863246364,0.69282371801694
22,3,715,0.5,MELD_lambda0,0.01,0.819656335681684,0.839866673133339
22,3,715,0.5,MELD_lambda0,0.1,0.728304515971145,0.84752566370188
22,3,715,0.5,MELD_lambda1,0.001,0.447706703902526,0.69682693579487
22,3,715,0.5,MELD_lambda1,0.01,0.807621889437626,0.827880314581066
22,3,715,0.5,MELD_lambda1,0.1,0.83326914922189,0.837756799725258
22,3,715,0.5,EUR,0.001,0.232215998331576,0.386738919380523
22,3,715,0.5,EUR,0.01,0.635528398858491,0.679154361767338
22,3,715,0.5,EUR,0.1,0.780821136367681,0.791811140314245
22,3,715,0.5,AFR,0.001,0.0584138341878723,0.401583385773736
22,3,715,0.5,AFR,0.01,0.235027769486251,0.544046494159614
22,3,715,0.5,AFR,0.1,0.696257797823755,0.696063920118297
22,3,715,0.5,MELD_pooled,0.001,0.065682146413323,0.482964985700821
22,3,715,0.5,MELD_pooled,0.01,0.762919343775027,0.809494203655969
22,3,715,0.5,MELD_pooled,0.1,0.837336986098929,0.837175314729427
22,3,715,0.25,MELD_lambda0,0.001,0.0510039961182046,0.631974073160649
22,3,715,0.25,MELD_lambda0,0.01,0.610830043057126,0.763079993329992
22,3,715,0.25,MELD_lambda0,0.1,0.806219372565838,0.80660490298337
22,3,715,0.25,MELD_lambda1,0.001,0.0829854399909076,0.641137210147027
22,3,715,0.25,MELD_lambda1,0.01,0.557758899140612,0.751851988255433
22,3,715,0.25,MELD_lambda1,0.1,0.793972004947919,0.795587692899566
22,3,715,0.25,EUR,0.001,0.186484251051754,0.377118716573221
22,3,715,0.25,EUR,0.01,0.609606986448247,0.660747322978556
22,3,715,0.25,EUR,0.1,0.767292391773799,0.781855090625559
22,3,715,0.25,AFR,0.001,0.0780272972852429,0.445647463855032
22,3,715,0.25,AFR,0.01,0.272353513419154,0.542893164220645
22,3,715,0.25,AFR,0.1,0.684533908547402,0.682283228034876
22,4,809,0.75,MELD_lambda0,0.001,0.423532028464703,0.943546807832167
22,4,809,0.75,MELD_lambda0,0.01,0.95634510998176,0.960211280047398
22,4,809,0.75,MELD_lambda0,0.1,0.957792558451014,0.957747133389676
22,4,809,0.75,MELD_lambda1,0.001,0.105646163007204,0.94248355312108
22,4,809,0.75,MELD_lambda1,0.01,0.954866289297575,0.957649517470002
22,4,809,0.75,MELD_lambda1,0.1,0.956349640788316,0.956308700585538
22,4,809,0.75,EUR,0.001,0.284731253121335,0.803606884857338
22,4,809,0.75,EUR,0.01,0.832802551421049,0.884809966459519
22,4,809,0.75,EUR,0.1,0.887735572607403,0.888201132960169
22,4,809,0.75,AFR,0.001,0.318310046329978,0.659663931346961
22,4,809,0.75,AFR,0.01,0.656403358255732,0.779216579266113
22,4,809,0.75,AFR,0.1,0.836310603938672,0.839513143456095
22,4,809,0.5,MELD_lambda0,0.001,0.676002833092077,0.864174957072143
22,4,809,0.5,MELD_lambda0,0.01,0.831446027630189,0.909129927693028
22,4,809,0.5,MELD_lambda0,0.1,0.921915354589649,0.921901119873764
22,4,809,0.5,MELD_lambda1,0.001,0.732217658539295,0.869032943733644
22,4,809,0.5,MELD_lambda1,0.01,0.313961722896183,0.908411414596739
22,4,809,0.5,MELD_lambda1,0.1,0.920613443400674,0.920591899668665
22,4,809,0.5,EUR,0.001,0.037292473462394,0.571860912058191
22,4,809,0.5,EUR,0.01,0.63523419212836,0.73590926709932
22,4,809,0.5,EUR,0.1,0.745792242406862,0.746639220085942
22,4,809,0.5,AFR,0.001,0.38108598263366,0.665355629783123
22,4,809,0.5,AFR,0.01,0.60977454617973,0.767715092220559
22,4,809,0.5,AFR,0.1,0.834018503912079,0.834999409717628
22,4,809,0.5,MELD_pooled,0.001,0.881240969922894,0.835525200863436
22,4,809,0.5,MELD_pooled,0.01,0.897128606354182,0.898195624349954
22,4,809,0.5,MELD_pooled,0.1,0.917902953562399,0.917930737182825
22,4,809,0.25,MELD_lambda0,0.001,0.741477761343013,0.81011055433261
22,4,809,0.25,MELD_lambda0,0.01,0.834267931403596,0.8560722669938
22,4,809,0.25,MELD_lambda0,0.1,0.887355582177464,0.887281194637765
22,4,809,0.25,MELD_lambda1,0.001,0.724306705561404,0.821822777253657
22,4,809,0.25,MELD_lambda1,0.01,0.853543208786162,0.864508864849857
22,4,809,0.25,MELD_lambda1,0.1,0.890405825474198,0.890371607433016
22,4,809,0.25,EUR,0.001,0.00990829289581306,0.427468114170327
22,4,809,0.25,EUR,0.01,0.512888252017315,0.634437661606219
22,4,809,0.25,EUR,0.1,0.65275458335945,0.653444007993727
22,4,809,0.25,AFR,0.001,0.435699050725615,0.652710357417912
22,4,809,0.25,AFR,0.01,0.593684147987247,0.757570201236289
22,4,809,0.25,AFR,0.1,0.83156843721686,0.831131078434838
22,5,417,0.75,MELD_lambda0,0.001,0.397528666650011,0.418791868698869
22,5,417,0.75,MELD_lambda0,0.01,0.505328126076585,0.504734852042682
22,5,417,0.75,MELD_lambda0,0.1,0.582858961143121,0.58284806167265
22,5,417,0.75,MELD_lambda1,0.001,0.392008290233568,0.410080530235907
22,5,417,0.75,MELD_lambda1,0.01,0.478041974680589,0.477628890299355
22,5,417,0.75,MELD_lambda1,0.1,0.563929582117922,0.563922177120719
22,5,417,0.75,EUR,0.001,0.0973496161901984,0.047709551489308
22,5,417,0.75,EUR,0.01,0.0635931594952461,0.242481466311253
22,5,417,0.75,EUR,0.1,0.0903417834147475,0.49145373490141
22,5,417,0.75,AFR,0.001,0.157710531451721,0.429447829441634
22,5,417,0.75,AFR,0.01,0.456352464096773,0.464896117643208
22,5,417,0.75,AFR,0.1,0.555538343022913,0.555460287055123
22,5,417,0.5,MELD_lambda0,0.001,0.127564405989761,0.47298753396058
22,5,417,0.5,MELD_lambda0,0.01,0.54455225916295,0.537784586227921
22,5,417,0.5,MELD_lambda0,0.1,0.596512360606299,0.596424812645059
22,5,417,0.5,MELD_lambda1,0.001,0.146043626805428,0.447961071421929
22,5,417,0.5,MELD_lambda1,0.01,0.505969357280726,0.498337102437904
22,5,417,0.5,MELD_lambda1,0.1,0.574085095641294,0.574003828258023
22,5,417,0.5,EUR,0.001,0.0691527182626377,0.02231552365859
22,5,417,0.5,EUR,0.01,0.0248947499993017,0.170769538931762
22,5,417,0.5,EUR,0.1,0.0553638060414075,0.428863364574706
22,5,417,0.5,AFR,0.001,0.114476297834092,0.416271793827073
22,5,417,0.5,AFR,0.01,0.480022779833921,0.495652911213921
22,5,417,0.5,AFR,0.1,0.594006145881216,0.5939400160211
22,5,417,0.5,MELD_pooled,0.001,0.100364935321153,0.44994192538234
22,5,417,0.5,MELD_pooled,0.01,0.469774624664548,0.512388042843628
22,5,417,0.5,MELD_pooled,0.1,0.579538416970278,0.579569560569848
22,5,417,0.25,MELD_lambda0,0.001,0.480403038658767,0.487750532467462
22,5,417,0.25,MELD_lambda0,0.01,0.469346398157583,0.556680689079365
22,5,417,0.25,MELD_lambda0,0.1,0.614845281471572,0.614676517729425
22,5,417,0.25,MELD_lambda1,0.001,0.469888009498309,0.474445741152845
22,5,417,0.25,MELD_lambda1,0.01,0.427009816096068,0.534473386975632
22,5,417,0.25,MELD_lambda1,0.1,0.604381266438351,0.604230725638774
22,5,417,0.25,EUR,0.001,0.0488416602564316,0.0232523757102965
22,5,417,0.25,EUR,0.01,0.0295629615710961,0.160693173401256
22,5,417,0.25,EUR,0.1,0.0558706333743565,0.413835855505934
22,5,417,0.25,AFR,0.001,0.0946947067210441,0.420224045408931
22,5,417,0.25,AFR,0.01,0.496893655134205,0.51482354948684
22,5,417,0.25,AFR,0.1,0.612327392473969,0.612391688009367
22,6,480,0.75,MELD_lambda0,0.001,0.869139466805232,0.875083450631468
22,6,480,0.75,MELD_lambda0,0.01,0.495423334035834,0.891604681981643
22,6,480,0.75,MELD_lambda0,0.1,0.888784576732653,0.888790881658633
22,6,480,0.75,MELD_lambda1,0.001,0.867146051973076,0.855804640806267
22,6,480,0.75,MELD_lambda1,0.01,0.866700043507696,0.882165731562168
22,6,480,0.75,MELD_lambda1,0.1,0.880237760103853,0.880239120513778
22,6,480,0.75,EUR,0.001,0.04465457457143,0.645805516279989
22,6,480,0.75,EUR,0.01,0.76258922338258,0.775562075344866
22,6,480,0.75,EUR,0.1,0.793885425087919,0.792922361516132
22,6,480,0.75,AFR,0.001,0.539487687832495,0.43461457308409
22,6,480,0.75,AFR,0.01,0.750379666780965,0.757327715814577
22,6,480,0.75,AFR,0.1,0.8657547548565,0.86713391448387
22,6,480,0.5,MELD_lambda0,0.001,0.224755193515173,0.772237634765817
22,6,480,0.5,MELD_lambda0,0.01,0.816836536992312,0.817840794527809
22,6,480,0.5,MELD_lambda0,0.1,0.808505878500713,0.808673411336365
22,6,480,0.5,MELD_lambda1,0.001,0.331512090525104,0.753070932434574
22,6,480,0.5,MELD_lambda1,0.01,0.802690084509139,0.803670118212483
22,6,480,0.5,MELD_lambda1,0.1,0.796851172159234,0.796929036469561
22,6,480,0.5,EUR,0.001,0.0231744510293325,0.424876962581002
22,6,480,0.5,EUR,0.01,0.536619330003612,0.530237545102741
22,6,480,0.5,EUR,0.1,0.556766524137461,0.554580474602454
22,6,480,0.5,AFR,0.001,0.609677844862358,0.451715909699131
22,6,480,0.5,AFR,0.01,0.719327183492018,0.73954486669949
22,6,480,0.5,AFR,0.1,0.805427244872982,0.807999724061541
22,6,480,0.5,MELD_pooled,0.001,0.719504922130902,0.784140952690013
22,6,480,0.5,MELD_pooled,0.01,0.808620317416923,0.816991906126449
22,6,480,0.5,MELD_pooled,0.1,0.801389103120995,0.801541182667289
22,6,480,0.25,MELD_lambda0,0.001,0.790558813916311,0.685882752837146
22,6,480,0.25,MELD_lambda0,0.01,0.778811618284094,0.785091670974834
22,6,480,0.25,MELD_lambda0,0.1,0.782589092034227,0.783417515235653
22,6,480,0.25,MELD_lambda1,0.001,0.789532728278077,0.675046325558659
22,6,480,0.25,MELD_lambda1,0.01,0.775104011944152,0.779441130755736
22,6,480,0.25,MELD_lambda1,0.1,0.774873456023951,0.775541888618391
22,6,480,0.25,EUR,0.001,0.0157739755113134,0.313882160227356
22,6,480,0.25,EUR,0.01,0.400497696107404,0.383376868660905
22,6,480,0.25,EUR,0.1,0.426106840426757,0.423550317542012
22,6,480,0.25,AFR,0.001,0.700516399630598,0.531173455077595
22,6,480,0.25,AFR,0.01,0.731410566595922,0.758689383485502
22,6,480,0.25,AFR,0.1,0.780524075036536,0.783721778714115
22,7,948,0.75,MELD_lambda0,0.001,0.228321376144118,0.577852520931951
22,7,948,0.75,MELD_lambda0,0.01,0.605292430303218,0.765282379471567
22,7,948,0.75,MELD_lambda0,0.1,0.788654380677985,0.795215088240834
22,7,948,0.75,MELD_lambda1,0.001,0.0381866327104031,0.575395216615345
22,7,948,0.75,MELD_lambda1,0.01,0.714980232509906,0.764157164923495
22,7,948,0.75,MELD_lambda1,0.1,0.796444480396966,0.802543757669602
22,7,948,0.75,EUR,0.001,0.0200388523732717,0.366601846998404
22,7,948,0.75,EUR,0.01,0.0841724805307549,0.570287997087904
22,7,948,0.75,EUR,0.1,0.681791469173486,0.708716476744253
22,7,948,0.75,AFR,0.001,0.0486388237462932,0.37299659364158
22,7,948,0.75,AFR,0.01,0.306866312322414,0.506577024377736
22,7,948,0.75,AFR,0.1,0.311571948327069,0.587467298482585
22,7,948,0.5,MELD_lambda0,0.001,0.120533330993547,0.500309957089164
22,7,948,0.5,MELD_lambda0,0.01,0.650478405502573,0.654621977405794
22,7,948,0.5,MELD_lambda0,0.1,0.65627000498956,0.683602165433593
22,7,948,0.5,MELD_lambda1,0.001,0.330933597159561,0.530423471019332
22,7,948,0.5,MELD_lambda1,0.01,0.0130879890754696,0.671579241216699
22,7,948,0.5,MELD_lambda1,0.1,0.682811723058051,0.693109835255746
22,7,948,0.5,EUR,0.001,0.0148800541968691,0.161824886421457
22,7,948,0.5,EUR,0.01,0.0739169651021404,0.362772648655843
22,7,948,0.5,EUR,0.1,0.483523597643501,0.516578644814341
22,7,948,0.5,AFR,0.001,0.0505890227933015,0.378620053495216
22,7,948,0.5,AFR,0.01,0.217519123675544,0.50372985153897
22,7,948,0.5,AFR,0.1,0.347889945905624,0.579918173929564
22,7,948,0.5,MELD_pooled,0.001,0.486761394615329,0.519816248547656
22,7,948,0.5,MELD_pooled,0.01,0.630084675892091,0.662793475578034
22,7,948,0.5,MELD_pooled,0.1,0.679048916351533,0.685125714001049
22,7,948,0.25,MELD_lambda0,0.001,0.00251773735118336,0.452899314536306
22,7,948,0.25,MELD_lambda0,0.01,0.578533511050687,0.608403812555837
22,7,948,0.25,MELD_lambda0,0.1,0.663296704557453,0.654971442009859
22,7,948,0.25,MELD_lambda1,0.001,0.211556076599903,0.487283591245956
22,7,948,0.25,MELD_lambda1,0.01,0.598738914512718,0.632739706641908
22,7,948,0.25,MELD_lambda1,0.1,0.669432585385794,0.661876665168372
22,7,948,0.25,EUR,0.001,0.0165331856089669,0.127187063264617
22,7,948,0.25,EUR,0.01,0.0797056849228208,0.326182216183295
22,7,948,0.25,EUR,0.1,0.428223957367989,0.471274417795279
22,7,948,0.25,AFR,0.001,0.0713920159286262,0.364003213147289
22,7,948,0.25,AFR,0.01,0.184366345073272,0.499457513758061
22,7,948,0.25,AFR,0.1,0.395152780509691,0.584761270271055
22,8,863,0.75,MELD_lambda0,0.001,0.451446371341883,0.66806154280872
22,8,863,0.75,MELD_lambda0,0.01,0.722935586838851,0.823694757954628
22,8,863,0.75,MELD_lambda0,0.1,0.839142548419902,0.841584810383085
22,8,863,0.75,MELD_lambda1,0.001,0.506021549744866,0.676647583822206
22,8,863,0.75,MELD_lambda1,0.01,0.744819397865869,0.826189167824767
22,8,863,0.75,MELD_lambda1,0.1,0.83909417719578,0.841468241088847
22,8,863,0.75,EUR,0.001,0.0564380431742538,0.259641742716562
22,8,863,0.75,EUR,0.01,0.384266724810821,0.481712451225919
22,8,863,0.75,EUR,0.1,0.655296452894884,0.650476118281711
22,8,863,0.75,AFR,0.001,0.0197829613515809,0.233399519296067
22,8,863,0.75,AFR,0.01,0.0931871290003496,0.476850128358721
22,8,863,0.75,AFR,0.1,0.343305715124828,0.654632537288032
22,8,863,0.5,MELD_lambda0,0.001,0.112863543905906,0.563582239127211
22,8,863,0.5,MELD_lambda0,0.01,0.553947143555403,0.797157325550786
22,8,863,0.5,MELD_lambda0,0.1,0.819874358747174,0.82976312927079
22,8,863,0.5,MELD_lambda1,0.001,0.000220500134989331,0.569007770140173
22,8,863,0.5,MELD_lambda1,0.01,0.637541062848735,0.804113179660484
22,8,863,0.5,MELD_lambda1,0.1,0.824553858442822,0.833507738112828
22,8,863,0.5,EUR,0.001,0.0604597279219369,0.178717282729335
22,8,863,0.5,EUR,0.01,0.329522321894251,0.413740293093842
22,8,863,0.5,EUR,0.1,0.583589774507369,0.589552352084971
22,8,863,0.5,AFR,0.001,0.117456024524277,0.360305348310786
22,8,863,0.5,AFR,0.01,0.0485836105768191,0.629909486153693
22,8,863,0.5,AFR,0.1,0.675000550713871,0.736627808672505
22,8,863,0.5,MELD_pooled,0.001,0.359507938300828,0.613468592312566
22,8,863,0.5,MELD_pooled,0.01,0.737072045155191,0.794754631123805
22,8,863,0.5,MELD_pooled,0.1,0.819528256478561,0.83106776100549
22,8,863,0.25,MELD_lambda0,0.001,0.559033811999625,0.535364701735636
22,8,863,0.25,MELD_lambda0,0.01,0.250681179377633,0.788193473518415
22,8,863,0.25,MELD_lambda0,0.1,0.811757001490198,0.818185869195565
22,8,863,0.25,MELD_lambda1,0.001,0.538337570833111,0.555960800041189
22,8,863,0.25,MELD_lambda1,0.01,0.0663505004453722,0.804556469343914
22,8,863,0.25,MELD_lambda1,0.1,0.819263521028399,0.825087063401562
22,8,863,0.25,EUR,0.001,0.0617647645597618,0.186612019405523
22,8,863,0.25,EUR,0.01,0.343986991412062,0.424656066276952
22,8,863,0.25,EUR,0.1,0.584460412961011,0.593135897071903
22,8,863,0.25,AFR,0.001,0.297458982634061,0.439213919902454
22,8,863,0.25,AFR,0.01,0.0512337690933245,0.704050752396003
22,8,863,0.25,AFR,0.1,0.464381453393918,0.766600802662195
22,9,733,0.75,MELD_lambda0,0.001,0.891077335230975,0.896261015269835
22,9,733,0.75,MELD_lambda0,0.01,0.930018703618549,0.936450522531101
22,9,733,0.75,MELD_lambda0,0.1,0.938313600461143,0.938497571804385
22,9,733,0.75,MELD_lambda1,0.001,0.900537108115395,0.9113248491169
22,9,733,0.75,MELD_lambda1,0.01,0.932368805567266,0.936855291073714
22,9,733,0.75,MELD_lambda1,0.1,0.935847081781949,0.935911789336672
22,9,733,0.75,EUR,0.001,0.154547526058735,0.811408942985972
22,9,733,0.75,EUR,0.01,0.827519093810503,0.867292028226253
22,9,733,0.75,EUR,0.1,0.875237208449843,0.875391125397586
22,9,733,0.75,AFR,0.001,0.08968120522316,0.124120952058433
22,9,733,0.75,AFR,0.01,0.302002518750154,0.319512212768203
22,9,733,0.75,AFR,0.1,0.51402315540877,0.539480705614962
22,9,733,0.5,MELD_lambda0,0.001,0.620664469436314,0.786522776520899
22,9,733,0.5,MELD_lambda0,0.01,0.888450070506664,0.889620874978355
22,9,733,0.5,MELD_lambda0,0.1,0.910636911926857,0.911455256520386
22,9,733,0.5,MELD_lambda1,0.001,0.44515939801219,0.811476543252214
22,9,733,0.5,MELD_lambda1,0.01,0.88935211163346,0.894337438861991
22,9,733,0.5,MELD_lambda1,0.1,0.910710176168333,0.911058905660006
22,9,733,0.5,EUR,0.001,0.0599426354976706,0.631101561742681
22,9,733,0.5,EUR,0.01,0.643730885542396,0.745357430285403
22,9,733,0.5,EUR,0.1,0.761538893911011,0.762438216699119
22,9,733,0.5,AFR,0.001,0.0174889566848213,0.19788383572079
22,9,733,0.5,AFR,0.01,0.385228389522303,0.429020103679915
22,9,733,0.5,AFR,0.1,0.620473335035696,0.644038489095234
22,9,733,0.5,MELD_pooled,0.001,0.828549289771693,0.752131626602165
22,9,733,0.5,MELD_pooled,0.01,0.882628768444057,0.888495940864091
22,9,733,0.5,MELD_pooled,0.1,0.909497533767399,0.910067234374759
22,9,733,0.25,MELD_lambda0,0.001,0.179392185846941,0.617314341416379
22,9,733,0.25,MELD_lambda0,0.01,0.803603140500106,0.799068370087679
22,9,733,0.25,MELD_lambda0,0.1,0.865932037325424,0.868185305722831
22,9,733,0.25,MELD_lambda1,0.001,0.152325387005413,0.651743064941472
22,9,733,0.25,MELD_lambda1,0.01,0.81517832827883,0.814929221463355
22,9,733,0.25,MELD_lambda1,0.1,0.873722082153237,0.875029029048277
22,9,733,0.25,EUR,0.001,0.0410644978139744,0.524072193570003
22,9,733,0.25,EUR,0.01,0.541829585118799,0.671793415220021
22,9,733,0.25,EUR,0.1,0.68928327859484,0.690678636601154
22,9,733,0.25,AFR,0.001,0.0151271237330293,0.2953628805848
22,9,733,0.25,AFR,0.01,0.469316369983392,0.527671781448859
22,9,733,0.25,AFR,0.1,0.696114594891206,0.712087292140355
22,10,689,0.75,MELD_lambda0,0.001,0.982463503244356,0.964903218329193
22,10,689,0.75,MELD_lambda0,0.01,0.944289861028836,0.981518538308103
22,10,689,0.75,MELD_lambda0,0.1,0.982205118625486,0.982396045266837
22,10,689,0.75,MELD_lambda1,0.001,0.939488469409438,0.967525176561148
22,10,689,0.75,MELD_lambda1,0.01,0.97246016430709,0.981306337188858
22,10,689,0.75,MELD_lambda1,0.1,0.98145347256453,0.981591233844199
22,10,689,0.75,EUR,0.001,0.694952799470411,0.904497242570819
22,10,689,0.75,EUR,0.01,0.945268064391468,0.945828610059869
22,10,689,0.75,EUR,0.1,0.960136472250452,0.960268932746311
22,10,689,0.75,AFR,0.001,0.473221150867542,0.653843355574412
22,10,689,0.75,AFR,0.01,0.823697108934593,0.817607879977958
22,10,689,0.75,AFR,0.1,0.858832628511478,0.859022285795465
22,10,689,0.5,MELD_lambda0,0.001,0.942606674117148,0.914189771279826
22,10,689,0.5,MELD_lambda0,0.01,0.831673808346463,0.947140175902776
22,10,689,0.5,MELD_lambda0,0.1,0.956014251641461,0.956001668746451
22,10,689,0.5,MELD_lambda1,0.001,0.909820605978286,0.921574214440909
22,10,689,0.5,MELD_lambda1,0.01,0.926428507253927,0.946502957036493
22,10,689,0.5,MELD_lambda1,0.1,0.955591833714952,0.95553835998433
22,10,689,0.5,EUR,0.001,0.512092031005215,0.716709919457221
22,10,689,0.5,EUR,0.01,0.832393719307371,0.832745349241823
22,10,689,0.5,EUR,0.1,0.878303070761578,0.878835706186164
22,10,689,0.5,AFR,0.001,0.533932350646009,0.673132779476465
22,10,689,0.5,AFR,0.01,0.841711681942762,0.839806140993382
22,10,689,0.5,AFR,0.1,0.873814896458855,0.874027219736173
22,10,689,0.5,MELD_pooled,0.001,0.719671898837765,0.913475735597281
22,10,689,0.5,MELD_pooled,0.01,0.931290656746937,0.944473470350034
22,10,689,0.5,MELD_pooled,0.1,0.953822757603641,0.954104197288045
22,10,689,0.25,MELD_lambda0,0.001,0.843713606539719,0.853267911937492
22,10,689,0.25,MELD_lambda0,0.01,0.923397004495671,0.907461988873915
22,10,689,0.25,MELD_lambda0,0.1,0.922352386981605,0.924314989420569
22,10,689,0.25,MELD_lambda1,0.001,0.917327692045423,0.860867203063223
22,10,689,0.25,MELD_lambda1,0.01,0.927604386750213,0.905900721283486
22,10,689,0.25,MELD_lambda1,0.1,0.923375733705959,0.923492047843353
22,10,689,0.25,EUR,0.001,0.372686676570841,0.536920401410172
22,10,689,0.25,EUR,0.01,0.713710854945096,0.715032482313985
22,10,689,0.25,EUR,0.1,0.787176976891031,0.788513891615464
22,10,689,0.25,AFR,0.001,0.609885948017685,0.697965874553467
22,10,689,0.25,AFR,0.01,0.854932925844981,0.856350304260827
22,10,689,0.25,AFR,0.1,0.881868875222618,0.88262135129559
22,11,437,0.75,MELD_lambda0,0.001,0.945089164471033,0.949809375351412
22,11,437,0.75,MELD_lambda0,0.01,0.932556108880462,0.919052252144413
22,11,437,0.75,MELD_lambda0,0.1,0.895047340517767,0.894823061971016
22,11,437,0.75,MELD_lambda1,0.001,0.909798605556697,0.957958038225645
22,11,437,0.75,MELD_lambda1,0.01,0.925583079164648,0.918018732348353
22,11,437,0.75,MELD_lambda1,0.1,0.895285993203964,0.893299455404591
22,11,437,0.75,EUR,0.001,0.480546175803002,0.770727414037915
22,11,437,0.75,EUR,0.01,0.81440453837402,0.811408833440555
22,11,437,0.75,EUR,0.1,0.800492566366563,0.804048168927361
22,11,437,0.75,AFR,0.001,0.438458890304847,0.631400165940252
22,11,437,0.75,AFR,0.01,0.747130279267561,0.713819008352937
22,11,437,0.75,AFR,0.1,0.803127146133051,0.806515144231293
22,11,437,0.5,MELD_lambda0,0.001,0.879639062672795,0.945294196947405
22,11,437,0.5,MELD_lambda0,0.01,0.151206775185009,0.933178902268728
22,11,437,0.5,MELD_lambda0,0.1,0.904426309536169,0.904659493081283
22,11,437,0.5,MELD_lambda1,0.001,0.937026564099872,0.94654252730869
22,11,437,0.5,MELD_lambda1,0.01,0.917523217119015,0.932731677731148
22,11,437,0.5,MELD_lambda1,0.1,0.903636129097625,0.903434159521372
22,11,437,0.5,EUR,0.001,0.258637342817878,0.521096472198017
22,11,437,0.5,EUR,0.01,0.62378876864631,0.615482049632804
22,11,437,0.5,EUR,0.1,0.619026497487316,0.625775040465606
22,11,437,0.5,AFR,0.001,0.746925630325106,0.737950710363665
22,11,437,0.5,AFR,0.01,0.839878592092902,0.814220742924784
22,11,437,0.5,AFR,0.1,0.858553081932851,0.863329406389163
22,11,437,0.5,MELD_pooled,0.001,0.941627063923699,0.922946332737914
22,11,437,0.5,MELD_pooled,0.01,0.890307148605193,0.929265203387336
22,11,437,0.5,MELD_pooled,0.1,0.905108690461302,0.904776161859791
22,11,437,0.25,MELD_lambda0,0.001,0.847542275041496,0.940289717144003
22,11,437,0.25,MELD_lambda0,0.01,0.0279980183852622,0.936139458901417
22,11,437,0.25,MELD_lambda0,0.1,0.908184735198407,0.908556551566769
22,11,437,0.25,MELD_lambda1,0.001,0.794702401441798,0.947992419061993
22,11,437,0.25,MELD_lambda1,0.01,0.890909417602675,0.937986507931642
22,11,437,0.25,MELD_lambda1,0.1,0.907883233635218,0.908019283293081
22,11,437,0.25,EUR,0.001,0.248716115809104,0.414407381798889
22,11,437,0.25,EUR,0.01,0.546555078819997,0.537423535225693
22,11,437,0.25,EUR,0.1,0.55872112032256,0.567037196633794
22,11,437,0.25,AFR,0.001,0.913460691092401,0.78757688046758
22,11,437,0.25,AFR,0.01,0.884676884882587,0.867688237515135
22,11,437,0.25,AFR,0.1,0.875493579861423,0.879507525929608
22,12,1159,0.75,MELD_lambda0,0.001,0.0565083433605114,0.883758871221872
22,12,1159,0.75,MELD_lambda0,0.01,0.913000357032878,0.921684646719027
22,12,1159,0.75,MELD_lambda0,0.1,0.92602008903394,0.925560628925705
22,12,1159,0.75,MELD_lambda1,0.001,0.779800271355525,0.863779829907427
22,12,1159,0.75,MELD_lambda1,0.01,0.906123097923299,0.905131715759623
22,12,1159,0.75,MELD_lambda1,0.1,0.912084132599594,0.911865012578735
22,12,1159,0.75,EUR,0.001,0.177137458724008,0.729588923250364
22,12,1159,0.75,EUR,0.01,0.739250756657652,0.83363564602044
22,12,1159,0.75,EUR,0.1,0.837674980898485,0.843405559046322
22,12,1159,0.75,AFR,0.001,0.0518318299077032,0.590132768804416
22,12,1159,0.75,AFR,0.01,0.314186070941178,0.660636325443415
22,12,1159,0.75,AFR,0.1,0.684104297894932,0.686941226284754
22,12,1159,0.5,MELD_lambda0,0.001,0.0221146569857455,0.726566594854938
22,12,1159,0.5,MELD_lambda0,0.01,0.124020631277659,0.821827467186617
22,12,1159,0.5,MELD_lambda0,0.1,0.85841744350581,0.858411182375789
22,12,1159,0.5,MELD_lambda1,0.001,0.525622842117248,0.726084623141994
22,12,1159,0.5,MELD_lambda1,0.01,0.815692457472013,0.817325136421791
22,12,1159,0.5,MELD_lambda1,0.1,0.84564364987521,0.845845266356169
22,12,1159,0.5,EUR,0.001,0.116850409640939,0.474523685453962
22,12,1159,0.5,EUR,0.01,0.471081128017002,0.621774525569569
22,12,1159,0.5,EUR,0.1,0.625526198185728,0.638342070071742
22,12,1159,0.5,AFR,0.001,0.0698282211099741,0.521465227117349
22,12,1159,0.5,AFR,0.01,0.415542283663075,0.630722419929692
22,12,1159,0.5,AFR,0.1,0.708932194690456,0.712610318927612
22,12,1159,0.5,MELD_pooled,0.001,0.382258487735099,0.673838233154274
22,12,1159,0.5,MELD_pooled,0.01,0.695806068506517,0.810802443026877
22,12,1159,0.5,MELD_pooled,0.1,0.846452704881911,0.847273349558734
22,12,1159,0.25,MELD_lambda0,0.001,0.231119654276999,0.611950092810771
22,12,1159,0.25,MELD_lambda0,0.01,0.0747555828886747,0.749068166875276
22,12,1159,0.25,MELD_lambda0,0.1,0.814605141761229,0.815065201491567
22,12,1159,0.25,MELD_lambda1,0.001,0.28735031484513,0.638028511002811
22,12,1159,0.25,MELD_lambda1,0.01,0.252211689078358,0.76205876621285
22,12,1159,0.25,MELD_lambda1,0.1,0.812414026263457,0.812709593605693
22,12,1159,0.25,EUR,0.001,0.10135768083482,0.368444102169858
22,12,1159,0.25,EUR,0.01,0.368819704704363,0.494093605007078
22,12,1159,0.25,EUR,0.1,0.496684676187204,0.508675616736452
22,12,1159,0.25,AFR,0.001,0.113244086239533,0.475139234288727
22,12,1159,0.25,AFR,0.01,0.483586412083978,0.604798509729043
22,12,1159,0.25,AFR,0.1,0.720504650815971,0.723337668166075
22,13,618,0.75,MELD_lambda0,0.001,0.889342340505862,0.906778783884995
22,13,618,0.75,MELD_lambda0,0.01,0.90566293285607,0.912714783554241
22,13,618,0.75,MELD_lambda0,0.1,0.914556180410388,0.914486918135613
22,13,618,0.75,MELD_lambda1,0.001,0.758065528833856,0.891799856335118
22,13,618,0.75,MELD_lambda1,0.01,0.88706160927631,0.901199682173522
22,13,618,0.75,MELD_lambda1,0.1,0.909188329850662,0.909122085079973
22,13,618,0.75,EUR,0.001,0.000735807059542448,0.634677710862163
22,13,618,0.75,EUR,0.01,0.58618533378625,0.74491822099463
22,13,618,0.75,EUR,0.1,0.423624439111437,0.745164926556738
22,13,618,0.75,AFR,0.001,0.55712354996354,0.760303779334614
22,13,618,0.75,AFR,0.01,0.816563409034465,0.83485757247839
22,13,618,0.75,AFR,0.1,0.864404196816242,0.863875883659228
22,13,618,0.5,MELD_lambda0,0.001,0.761918772017452,0.858234657049867
22,13,618,0.5,MELD_lambda0,0.01,0.852893463163305,0.863207073640685
22,13,618,0.5,MELD_lambda0,0.1,0.863851432571048,0.863828302083819
22,13,618,0.5,MELD_lambda1,0.001,0.681851995576098,0.831276537969462
22,13,618,0.5,MELD_lambda1,0.01,0.827660180107321,0.851239535309015
22,13,618,0.5,MELD_lambda1,0.1,0.860111718956954,0.860003563415564
22,13,618,0.5,EUR,0.001,0.00288280607770072,0.411771090743906
22,13,618,0.5,EUR,0.01,0.328730043406866,0.565567862474945
22,13,618,0.5,EUR,0.1,0.222481418073504,0.55522289731157
22,13,618,0.5,AFR,0.001,0.582857493526688,0.741676036121344
22,13,618,0.5,AFR,0.01,0.83968781747186,0.855391679470921
22,13,618,0.5,AFR,0.1,0.864172960115482,0.863630882350831
22,13,618,0.5,MELD_pooled,0.001,0.330799840026921,0.828238748059446
22,13,618,0.5,MELD_pooled,0.01,0.831251468690347,0.84813051530864
22,13,618,0.5,MELD_pooled,0.1,0.85856445647929,0.858666815759372
22,13,618,0.25,MELD_lambda0,0.001,0.0159080091553267,0.820291790447347
22,13,618,0.25,MELD_lambda0,0.01,0.662317215875878,0.843266196465363
22,13,618,0.25,MELD_lambda0,0.1,0.845764207302389,0.845694586914168
22,13,618,0.25,MELD_lambda1,0.001,0.568379078015653,0.800489391793617
22,13,618,0.25,MELD_lambda1,0.01,0.377817701163956,0.839875874293777
22,13,618,0.25,MELD_lambda1,0.1,0.847256752243072,0.847145035689873
22,13,618,0.25,EUR,0.001,0.00508514604638503,0.342323279874645
22,13,618,0.25,EUR,0.01,0.236369844630437,0.500555868610808
22,13,618,0.25,EUR,0.1,0.166854468482688,0.486118931415045
22,13,618,0.25,AFR,0.001,0.630861072304633,0.749892327680544
22,13,618,0.25,AFR,0.01,0.854063696026462,0.866836994460211
22,13,618,0.25,AFR,0.1,0.858622318930742,0.858334493087254
22,14,1069,0.75,MELD_lambda0,0.001,0.0249391086550533,0.847671770285782
22,14,1069,0.75,MELD_lambda0,0.01,0.929507130910724,0.933386700286139
22,14,1069,0.75,MELD_lambda0,0.1,0.953158040400738,0.953873818103321
22,14,1069,0.75,MELD_lambda1,0.001,0.0348109313550004,0.89859838504786
22,14,1069,0.75,MELD_lambda1,0.01,0.923450111981458,0.931958771781262
22,14,1069,0.75,MELD_lambda1,0.1,0.941918099011818,0.944938910126924
22,14,1069,0.75,EUR,0.001,0.00752231096061573,0.731348253035406
22,14,1069,0.75,EUR,0.01,0.279876712475805,0.852024199685422
22,14,1069,0.75,EUR,0.1,0.894667166735203,0.897523664778447
22,14,1069,0.75,AFR,0.001,0.143660201915738,0.653447261191851
22,14,1069,0.75,AFR,0.01,1.85871967161954e-09,0.79203379212389
22,14,1069,0.75,AFR,0.1,0.838335517401753,0.848756118119779
22,14,1069,0.5,MELD_lambda0,0.001,0.044913513557864,0.640302455804978
22,14,1069,0.5,MELD_lambda0,0.01,0.240483363014231,0.8280323833045
22,14,1069,0.5,MELD_lambda0,0.1,0.88384232832041,0.886286091870732
22,14,1069,0.5,MELD_lambda1,0.001,0.424963261567525,0.723334919035357
22,14,1069,0.5,MELD_lambda1,0.01,0.809993415625594,0.841113244114844
22,14,1069,0.5,MELD_lambda1,0.1,0.794939719208474,0.875967355610962
22,14,1069,0.5,EUR,0.001,0.0140176300679373,0.42812029349273
22,14,1069,0.5,EUR,0.01,0.0991915564223052,0.613243077102938
22,14,1069,0.5,EUR,0.1,0.732209830760886,0.735846059957077
22,14,1069,0.5,AFR,0.001,0.128931631289749,0.593996898458355
22,14,1069,0.5,AFR,0.01,0.00284625733886814,0.732569486659687
22,14,1069,0.5,AFR,0.1,0.800664284970779,0.800043358338105
22,14,1069,0.5,MELD_pooled,0.001,0.826659704977606,0.594498424479039
22,14,1069,0.5,MELD_pooled,0.01,0.847854866037051,0.801228532655872
22,14,1069,0.5,MELD_pooled,0.1,0.869289549862087,0.869453942005075
22,14,1069,0.25,MELD_lambda0,0.001,0.574518606800014,0.431685197282741
22,14,1069,0.25,MELD_lambda0,0.01,0.723956531776348,0.7080997600316
22,14,1069,0.25,MELD_lambda0,0.1,0.79190133936647,0.812678680120828
22,14,1069,0.25,MELD_lambda1,0.001,0.682191772166072,0.500435360684313
22,14,1069,0.25,MELD_lambda1,0.01,0.728154679172573,0.721897259811176
22,14,1069,0.25,MELD_lambda1,0.1,0.814423536846296,0.807612883448201
22,14,1069,0.25,EUR,0.001,0.0198895755959671,0.275968776561423
22,14,1069,0.25,EUR,0.01,0.0362906032346336,0.443205157313945
22,14,1069,0.25,EUR,0.1,0.592185292386728,0.5973469334362
22,14,1069,0.25,AFR,0.001,0.0939249716848254,0.509263347137115
22,14,1069,0.25,AFR,0.01,0.00714070013899135,0.661459077901696
22,14,1069,0.25,AFR,0.1,0.758495190204526,0.748700578360185
22,15,709,0.75,MELD_lambda0,0.001,0.917764818158904,0.885043619093056
22,15,709,0.75,MELD_lambda0,0.01,0.929715603123345,0.964672647005846
22,15,709,0.75,MELD_lambda0,0.1,0.905205414662365,0.95814669958806
22,15,709,0.75,MELD_lambda1,0.001,0.925188184023163,0.886932920106707
22,15,709,0.75,MELD_lambda1,0.01,0.941496958036001,0.961635113304692
22,15,709,0.75,MELD_lambda1,0.1,0.897728423888604,0.956043658901042
22,15,709,0.75,EUR,0.001,0.638596717278901,0.752187467298526
22,15,709,0.75,EUR,0.01,0.889897514911016,0.898199455524413
22,15,709,0.75,EUR,0.1,0.911781664922754,0.936457911661776
22,15,709,0.75,AFR,0.001,0.372356196677091,0.591865749580183
22,15,709,0.75,AFR,0.01,0.667523124674169,0.806397203512073
22,15,709,0.75,AFR,0.1,0.486033668064235,0.897360220757131
22,15,709,0.5,MELD_lambda0,0.001,0.439300367231903,0.805118201688978
22,15,709,0.5,MELD_lambda0,0.01,0.85191278577056,0.891525572036418
22,15,709,0.5,MELD_lambda0,0.1,0.219014161150145,0.882832381661078
22,15,709,0.5,MELD_lambda1,0.001,0.75768672989859,0.7855444496035
22,15,709,0.5,MELD_lambda1,0.01,0.807441031500123,0.883089115409828
22,15,709,0.5,MELD_lambda1,0.1,0.0341187529749425,0.87577745425821
22,15,709,0.5,EUR,0.001,0.330142560874349,0.434631504648269
22,15,709,0.5,EUR,0.01,0.66612264230647,0.687132129560979
22,15,709,0.5,EUR,0.1,0.751828648812237,0.792738596427618
22,15,709,0.5,AFR,0.001,0.211508102340877,0.532146875787758
22,15,709,0.5,AFR,0.01,0.630572141043095,0.745339156833409
22,15,709,0.5,AFR,0.1,0.349920240565893,0.844802992615181
22,15,709,0.5,MELD_pooled,0.001,0.00300751199599923,0.746587440680528
22,15,709,0.5,MELD_pooled,0.01,0.852217694295919,0.864679214414202
22,15,709,0.5,MELD_pooled,0.1,0.445929701771723,0.870267203033753
22,15,709,0.25,MELD_lambda0,0.001,0.499770089866981,0.706277211130112
22,15,709,0.25,MELD_lambda0,0.01,0.584618175427305,0.7933327115125
22,15,709,0.25,MELD_lambda0,0.1,0.621742552182597,0.802000629180208
22,15,709,0.25,MELD_lambda1,0.001,0.255455430260777,0.708584499052346
22,15,709,0.25,MELD_lambda1,0.01,0.72680526139759,0.79009183837632
22,15,709,0.25,MELD_lambda1,0.1,0.591094175464997,0.792534322524684
22,15,709,0.25,EUR,0.001,0.15931756888645,0.220639263540956
22,15,709,0.25,EUR,0.01,0.444039721453918,0.465134461095316
22,15,709,0.25,EUR,0.1,0.556679367882803,0.615306668440287
22,15,709,0.25,AFR,0.001,0.170554983710636,0.479260866548232
22,15,709,0.25,AFR,0.01,0.57987074586089,0.667673855461912
22,15,709,0.25,AFR,0.1,0.268641503393315,0.764841549606637
22,16,417,0.75,MELD_lambda0,0.001,0.966684875190288,0.976648442233124
22,16,417,0.75,MELD_lambda0,0.01,0.977317672303649,0.977296920205262
22,16,417,0.75,MELD_lambda0,0.1,0.97514550167952,0.975127965127647
22,16,417,0.75,MELD_lambda1,0.001,0.972552180731049,0.972925408071548
22,16,417,0.75,MELD_lambda1,0.01,0.975591545566408,0.975559987062406
22,16,417,0.75,MELD_lambda1,0.1,0.97417350408911,0.974153254985161
22,16,417,0.75,EUR,0.001,0.333376207492287,0.878180023814083
22,16,417,0.75,EUR,0.01,0.968996041924466,0.970999807946954
22,16,417,0.75,EUR,0.1,0.973442971754387,0.973254114664413
22,16,417,0.75,AFR,0.001,0.714865260420819,0.744197661699272
22,16,417,0.75,AFR,0.01,0.774723701080368,0.77462635450296
22,16,417,0.75,AFR,0.1,0.838928016096474,0.838914515160041
22,16,417,0.5,MELD_lambda0,0.001,0.915695939116804,0.913301459075302
22,16,417,0.5,MELD_lambda0,0.01,0.919592472959651,0.919563502018817
22,16,417,0.5,MELD_lambda0,0.1,0.91776111834215,0.917736654419421
22,16,417,0.5,MELD_lambda1,0.001,0.908083671428875,0.905944628100599
22,16,417,0.5,MELD_lambda1,0.01,0.914713175980592,0.914670371835428
22,16,417,0.5,MELD_lambda1,0.1,0.91374685401478,0.91371994946156
22,16,417,0.5,EUR,0.001,0.239121720821064,0.595996514438813
22,16,417,0.5,EUR,0.01,0.847183490390061,0.854728663134745
22,16,417,0.5,EUR,0.1,0.88805624665438,0.887313166838599
22,16,417,0.5,AFR,0.001,0.637716373057107,0.723113847215348
22,16,417,0.5,AFR,0.01,0.761200191813295,0.760273837033586
22,16,417,0.5,AFR,0.1,0.829485326032962,0.829453605056424
22,16,417,0.5,MELD_pooled,0.001,0.747260559457943,0.897020984662873
22,16,417,0.5,MELD_pooled,0.01,0.913342246777999,0.913561028050441
22,16,417,0.5,MELD_pooled,0.1,0.912667127446924,0.912634269844484
22,16,417,0.25,MELD_lambda0,0.001,0.772616040060156,0.806928414304265
22,16,417,0.25,MELD_lambda0,0.01,0.830496798769785,0.830614611447124
22,16,417,0.25,MELD_lambda0,0.1,0.835128637908426,0.835117375084214
22,16,417,0.25,MELD_lambda1,0.001,0.79197183222242,0.809111264073612
22,16,417,0.25,MELD_lambda1,0.01,0.828370495820163,0.828435162402339
22,16,417,0.25,MELD_lambda1,0.1,0.827989783709797,0.827977001544404
22,16,417,0.25,EUR,0.001,0.313082317552929,0.422972286614742
22,16,417,0.25,EUR,0.01,0.693117260011829,0.701310814254568
22,16,417,0.25,EUR,0.1,0.749386200850113,0.747863272245032
22,16,417,0.25,AFR,0.001,0.534031341277512,0.649217351028215
22,16,417,0.25,AFR,0.01,0.698719195755703,0.69720529230889
22,16,417,0.25,AFR,0.1,0.764227310696665,0.764187323420794
22,17,615,0.75,MELD_lambda0,0.001,0.232788527278344,0.966544911061583
22,17,615,0.75,MELD_lambda0,0.01,0.980531012623144,0.980040765638583
22,17,615,0.75,MELD_lambda0,0.1,0.985918863305453,0.98615221461319
22,17,615,0.75,MELD_lambda1,0.001,0.905613574295961,0.948512591883684
22,17,615,0.75,MELD_lambda1,0.01,0.95981455185119,0.977867772312397
22,17,615,0.75,MELD_lambda1,0.1,0.98213498290917,0.982951220844448
22,17,615,0.75,EUR,0.001,0.448402056619438,0.887764636325521
22,17,615,0.75,EUR,0.01,0.88725669827012,0.954884389717184
22,17,615,0.75,EUR,0.1,0.959784277100447,0.960246599233772
22,17,615,0.75,AFR,0.001,0.649716489726248,0.636973903644584
22,17,615,0.75,AFR,0.01,0.708146919081766,0.777547113798609
22,17,615,0.75,AFR,0.1,0.826341956363002,0.82901716141623
22,17,615,0.5,MELD_lambda0,0.001,0.900483045996756,0.892512407469349
22,17,615,0.5,MELD_lambda0,0.01,0.940197010488342,0.946016301909366
22,17,615,0.5,MELD_lambda0,0.1,0.963080662636589,0.964092572794121
22,17,615,0.5,MELD_lambda1,0.001,0.876717198529219,0.864076710666378
22,17,615,0.5,MELD_lambda1,0.01,0.947549177783262,0.940919575380421
22,17,615,0.5,MELD_lambda1,0.1,0.957280550274484,0.959212451747565
22,17,615,0.5,EUR,0.001,0.164945946718239,0.735334177186839
22,17,615,0.5,EUR,0.01,0.659177291728824,0.881978925445205
22,17,615,0.5,EUR,0.1,0.876547737226757,0.880751491510952
22,17,615,0.5,AFR,0.001,0.576571043539017,0.689424380979186
22,17,615,0.5,AFR,0.01,0.731770572781726,0.792132077141571
22,17,615,0.5,AFR,0.1,0.838094888623584,0.839855499425119
22,17,615,0.5,MELD_pooled,0.001,0.817688300771087,0.754330069183301
22,17,615,0.5,MELD_pooled,0.01,0.920874714779399,0.929660316627552
22,17,615,0.5,MELD_pooled,0.1,0.920676042716526,0.959487410313899
22,17,615,0.25,MELD_lambda0,0.001,0.727872385446975,0.802898410660825
22,17,615,0.25,MELD_lambda0,0.01,0.60279871065553,0.911856796896569
22,17,615,0.25,MELD_lambda0,0.1,0.93469324935525,0.936850942704695
22,17,615,0.25,MELD_lambda1,0.001,0.241558918078678,0.809765229041528
22,17,615,0.25,MELD_lambda1,0.01,0.00502790113204059,0.905464974045173
22,17,615,0.25,MELD_lambda1,0.1,0.928613792873548,0.930889901688743
22,17,615,0.25,EUR,0.001,0.0957307376474811,0.608064903120168
22,17,615,0.25,EUR,0.01,0.439122955011568,0.817637178801663
22,17,615,0.25,EUR,0.1,0.782883334827289,0.803754065547003
22,17,615,0.25,AFR,0.001,0.4927749606892,0.735789538143405
22,17,615,0.25,AFR,0.01,0.771101963295832,0.824165376430707
22,17,615,0.25,AFR,0.1,0.855230342343894,0.860469570947902
22,18,507,0.75,MELD_lambda0,0.001,0.14430981713679,0.930514366398629
22,18,507,0.75,MELD_lambda0,0.01,0.794501405015023,0.957683515737401
22,18,507,0.75,MELD_lambda0,0.1,0.944606513109536,0.944708358519429
22,18,507,0.75,MELD_lambda1,0.001,0.599354164898358,0.920908510806146
22,18,507,0.75,MELD_lambda1,0.01,0.153780476794268,0.948587947941482
22,18,507,0.75,MELD_lambda1,0.1,0.936387964126675,0.936552401816912
22,18,507,0.75,EUR,0.001,0.0319748783372689,0.718553804459775
22,18,507,0.75,EUR,0.01,0.869642803115375,0.905852886333397
22,18,507,0.75,EUR,0.1,0.911784416032125,0.912955740718568
22,18,507,0.75,AFR,0.001,0.462292993741074,0.665536802037117
22,18,507,0.75,AFR,0.01,0.704428159508651,0.84131298009104
22,18,507,0.75,AFR,0.1,0.829798215769242,0.818495999816602
22,18,507,0.5,MELD_lambda0,0.001,0.738177570899425,0.906061630623645
22,18,507,0.5,MELD_lambda0,0.01,0.93420923266728,0.940209854460931
22,18,507,0.5,MELD_lambda0,0.1,0.923851653928948,0.923600324480428
22,18,507,0.5,MELD_lambda1,0.001,0.705093812269149,0.878783686134208
22,18,507,0.5,MELD_lambda1,0.01,0.916929474179678,0.923051336114379
22,18,507,0.5,MELD_lambda1,0.1,0.909891071588928,0.909394376384383
22,18,507,0.5,EUR,0.001,0.00689855746254901,0.542448287200003
22,18,507,0.5,EUR,0.01,0.747348177654712,0.811824264505073
22,18,507,0.5,EUR,0.1,0.752244883835986,0.827630858535966
22,18,507,0.5,AFR,0.001,0.350576709792956,0.782433949033589
22,18,507,0.5,AFR,0.01,0.713079386396197,0.870945996280653
22,18,507,0.5,AFR,0.1,0.854506070213273,0.841617550955357
22,18,507,0.5,MELD_pooled,0.001,0.00289172666599859,0.705916346436224
22,18,507,0.5,MELD_pooled,0.01,0.919032516431035,0.905804301605879
22,18,507,0.5,MELD_pooled,0.1,0.910146266294325,0.909767413302981
22,18,507,0.25,MELD_lambda0,0.001,0.779786030117929,0.874910721650281
22,18,507,0.25,MELD_lambda0,0.01,0.902789726511245,0.920301290377077
22,18,507,0.25,MELD_lambda0,0.1,0.91047838386615,0.909045951768712
22,18,507,0.25,MELD_lambda1,0.001,0.755778198499864,0.868672729469328
22,18,507,0.25,MELD_lambda1,0.01,0.886141054946359,0.914108513816722
22,18,507,0.25,MELD_lambda1,0.1,0.902713724138222,0.900526713024193
22,18,507,0.25,EUR,0.001,0.00327471557644251,0.508878073958742
22,18,507,0.25,EUR,0.01,0.694078154866229,0.770163038950004
22,18,507,0.25,EUR,0.1,0.711595231717762,0.773690616008496
22,18,507,0.25,AFR,0.001,0.2883978856835,0.824133948941632
22,18,507,0.25,AFR,0.01,0.731221354299001,0.881215126165041
22,18,507,0.25,AFR,0.1,0.876731885290345,0.868242361046622
22,19,829,0.75,MELD_lambda0,0.001,0.559320736839712,0.772158738799368
22,19,829,0.75,MELD_lambda0,0.01,0.794342545812819,0.847423630303594
22,19,829,0.75,MELD_lambda0,0.1,0.859614218495034,0.859820443183579
22,19,829,0.75,MELD_lambda1,0.001,0.73436829044656,0.757737414192996
22,19,829,0.75,MELD_lambda1,0.01,0.809813392797377,0.832151289130538
22,19,829,0.75,MELD_lambda1,0.1,0.848350407772408,0.848603984043991
22,19,829,0.75,EUR,0.001,0.0214483787726135,0.512432020653248
22,19,829,0.75,EUR,0.01,0.192138948000468,0.636002124647308
22,19,829,0.75,EUR,0.1,0.702970685498862,0.705620629670821
22,19,829,0.75,AFR,0.001,0.044794439080371,0.328993250565284
22,19,829,0.75,AFR,0.01,0.0981221837234871,0.570356184106258
22,19,829,0.75,AFR,0.1,0.701480351166452,0.700421655326872
22,19,829,0.5,MELD_lambda0,0.001,0.0807761535133587,0.69852426813059
22,19,829,0.5,MELD_lambda0,0.01,0.780234975067649,0.812479132682669
22,19,829,0.5,MELD_lambda0,0.1,0.840523390268365,0.841170157897946
22,19,829,0.5,MELD_lambda1,0.001,0.388868920423407,0.708975699939846
22,19,829,0.5,MELD_lambda1,0.01,0.782177671471365,0.808454037978109
22,19,829,0.5,MELD_lambda1,0.1,0.840532214676103,0.84115259329014
22,19,829,0.5,EUR,0.001,0.0218714792840742,0.31870867183365
22,19,829,0.5,EUR,0.01,0.095756253105241,0.488226742830885
22,19,829,0.5,EUR,0.1,0.59410092855313,0.597522171553963
22,19,829,0.5,AFR,0.001,0.167077175059407,0.326456915918965
22,19,829,0.5,AFR,0.01,0.0564773635848109,0.604694664994928
22,19,829,0.5,AFR,0.1,0.728659146568546,0.72720398390249
22,19,829,0.5,MELD_pooled,0.001,0.555334140797953,0.548945338795905
22,19,829,0.5,MELD_pooled,0.01,0.274347484274241,0.720258208123819
22,19,829,0.5,MELD_pooled,0.1,0.816782188112368,0.82797329104142
22,19,829,0.25,MELD_lambda0,0.001,0.124832337259308,0.647991650041738
22,19,829,0.25,MELD_lambda0,0.01,0.662116798633726,0.784986087007058
22,19,829,0.25,MELD_lambda0,0.1,0.827311943053035,0.82885129737046
22,19,829,0.25,MELD_lambda1,0.001,0.0119474461132324,0.681178611335556
22,19,829,0.25,MELD_lambda1,0.01,0.686484671247445,0.798348225150283
22,19,829,0.25,MELD_lambda1,0.1,0.840863504247407,0.84244742407211
22,19,829,0.25,EUR,0.001,0.0336783713700792,0.265631129472691
22,19,829,0.25,EUR,0.01,0.142719117175662,0.444940627051073
22,19,829,0.25,EUR,0.1,0.569009712455937,0.571702705693627
22,19,829,0.25,AFR,0.001,0.270837000318518,0.335123981338408
22,19,829,0.25,AFR,0.01,0.0594360271804484,0.613101768759952
22,19,829,0.25,AFR,0.1,0.747233111433104,0.745571671143697
22,20,769,0.75,MELD_lambda0,0.001,0.917531494262253,0.901728392687133
22,20,769,0.75,MELD_lambda0,0.01,0.934170844704146,0.932879098789436
22,20,769,0.75,MELD_lambda0,0.1,0.944804205143252,0.944688413508765
22,20,769,0.75,MELD_lambda1,0.001,0.902404959046243,0.903009091858741
22,20,769,0.75,MELD_lambda1,0.01,0.928337437994636,0.929541548393371
22,20,769,0.75,MELD_lambda1,0.1,0.944864897800982,0.944640836830163
22,20,769,0.75,EUR,0.001,0.157336742951728,0.807748965124997
22,20,769,0.75,EUR,0.01,0.917988493811429,0.918761299498312
22,20,769,0.75,EUR,0.1,0.943304584696477,0.943283107301326
22,20,769,0.75,AFR,0.001,0.045954405902492,0.423360634588892
22,20,769,0.75,AFR,0.01,0.666230052582802,0.641641231503674
22,20,769,0.75,AFR,0.1,0.738160634434787,0.73253282019627
22,20,769,0.5,MELD_lambda0,0.001,0.808860750802595,0.758891538886977
22,20,769,0.5,MELD_lambda0,0.01,0.851945884536447,0.850707762813008
22,20,769,0.5,MELD_lambda0,0.1,0.88001676928882,0.879414009995588
22,20,769,0.5,MELD_lambda1,0.001,0.804315783488019,0.786623014307948
22,20,769,0.5,MELD_lambda1,0.01,0.856900662489679,0.859410568069409
22,20,769,0.5,MELD_lambda1,0.1,0.889601440672491,0.888619806752007
22,20,769,0.5,EUR,0.001,0.00448893198966365,0.540614778350666
22,20,769,0.5,EUR,0.01,0.784517040639869,0.774840157761067
22,20,769,0.5,EUR,0.1,0.834711988911421,0.849202532870907
22,20,769,0.5,AFR,0.001,0.0243108410848496,0.346516974912471
22,20,769,0.5,AFR,0.01,0.606194175607259,0.585192428520385
22,20,769,0.5,AFR,0.1,0.680391958250429,0.679354344373721
22,20,769,0.5,MELD_pooled,0.001,0.737222284790605,0.64438525227443
22,20,769,0.5,MELD_pooled,0.01,0.859579703824536,0.849862896545903
22,20,769,0.5,MELD_pooled,0.1,0.88611751164026,0.890980956975448
22,20,769,0.25,MELD_lambda0,0.001,0.680376909505838,0.576485119889578
22,20,769,0.25,MELD_lambda0,0.01,0.743776834066702,0.739701125661342
22,20,769,0.25,MELD_lambda0,0.1,0.67670165892312,0.792202714973181
22,20,769,0.25,MELD_lambda1,0.001,0.686029094544944,0.64275343648453
22,20,769,0.25,MELD_lambda1,0.01,0.765101773586141,0.766633058065737
22,20,769,0.25,MELD_lambda1,0.1,0.811627794447425,0.812819880285086
22,20,769,0.25,EUR,0.001,0.000219329512241425,0.366575720582471
22,20,769,0.25,EUR,0.01,0.651334866233098,0.622684752702987
22,20,769,0.25,EUR,0.1,0.677829072584308,0.732210046707524
22,20,769,0.25,AFR,0.001,0.0181345731855716,0.303191772975693
22,20,769,0.25,AFR,0.01,0.550759076724244,0.54208751239762
22,20,769,0.25,AFR,0.1,0.635223664876232,0.638144669821943
22,21,571,0.75,MELD_lambda0,0.001,0.860749674971819,0.809794020569576
22,21,571,0.75,MELD_lambda0,0.01,0.905517110032399,0.893911407242635
22,21,571,0.75,MELD_lambda0,0.1,0.896710456599111,0.893522264176601
22,21,571,0.75,MELD_lambda1,0.001,0.919410639976821,0.842097920275705
22,21,571,0.75,MELD_lambda1,0.01,0.921816320530714,0.909578895929232
22,21,571,0.75,MELD_lambda1,0.1,0.894127957684651,0.891565125313728
22,21,571,0.75,EUR,0.001,0.440174263417328,0.679132457625517
22,21,571,0.75,EUR,0.01,0.808314808009992,0.806733502653019
22,21,571,0.75,EUR,0.1,0.826441974507895,0.82036001918292
22,21,571,0.75,AFR,0.001,0.452500205808227,0.270041202103712
22,21,571,0.75,AFR,0.01,0.599728179972061,0.538346063625292
22,21,571,0.75,AFR,0.1,0.664873710843239,0.641118016316953
22,21,571,0.5,MELD_lambda0,0.001,0.876934219090946,0.770402914224813
22,21,571,0.5,MELD_lambda0,0.01,0.884220340379779,0.870355393421594
22,21,571,0.5,MELD_lambda0,0.1,0.874638181589423,0.871515731860578
22,21,571,0.5,MELD_lambda1,0.001,0.887408153253518,0.765949620880551
22,21,571,0.5,MELD_lambda1,0.01,0.889451984579226,0.870665839485914
22,21,571,0.5,MELD_lambda1,0.1,0.866658209896382,0.863042216918748
22,21,571,0.5,EUR,0.001,0.174709413833564,0.436946600452991
22,21,571,0.5,EUR,0.01,0.665843319073088,0.671142494314297
22,21,571,0.5,EUR,0.1,0.758638471454981,0.747040832075491
22,21,571,0.5,AFR,0.001,0.532161102752701,0.405014180543302
22,21,571,0.5,AFR,0.01,0.669882121042896,0.632473614856543
22,21,571,0.5,AFR,0.1,0.725164312227586,0.711725418431118
22,21,571,0.5,MELD_pooled,0.001,0.886367901282867,0.746384085432969
22,21,571,0.5,MELD_pooled,0.01,0.883391784739029,0.86824215519616
22,21,571,0.5,MELD_pooled,0.1,0.865516882415146,0.862494653182536
22,21,571,0.25,MELD_lambda0,0.001,0.848497111945571,0.734948188793316
22,21,571,0.25,MELD_lambda0,0.01,0.859197128117434,0.844057957518598
22,21,571,0.25,MELD_lambda0,0.1,0.853674647035753,0.850425228617612
22,21,571,0.25,MELD_lambda1,0.001,0.853371229353794,0.711987836853659
22,21,571,0.25,MELD_lambda1,0.01,0.860489671693079,0.840240135331991
22,21,571,0.25,MELD_lambda1,0.1,0.850936909719114,0.846613741186646
22,21,571,0.25,EUR,0.001,0.116575256531333,0.323377404097249
22,21,571,0.25,EUR,0.01,0.5806136842569,0.586900220670378
22,21,571,0.25,EUR,0.1,0.730294699363781,0.713640206970478
22,21,571,0.25,AFR,0.001,0.600558398020453,0.525850876471924
22,21,571,0.25,AFR,0.01,0.714172810121147,0.696610662876723
22,21,571,0.25,AFR,0.1,0.760079994441886,0.754073067291007
22,22,875,0.75,MELD_lambda0,0.001,0.429464181813337,0.663470939017587
22,22,875,0.75,MELD_lambda0,0.01,0.854096776220795,0.839145463268626
22,22,875,0.75,MELD_lambda0,0.1,0.687297450920044,0.880741035228296
22,22,875,0.75,MELD_lambda1,0.001,0.555613420163699,0.699900270600994
22,22,875,0.75,MELD_lambda1,0.01,0.853599080976367,0.847971456315804
22,22,875,0.75,MELD_lambda1,0.1,0.823842594908232,0.881194809135519
22,22,875,0.75,EUR,0.001,0.0749840304298105,0.392964512741924
22,22,875,0.75,EUR,0.01,0.662042337368229,0.649803244746478
22,22,875,0.75,EUR,0.1,0.654118332613831,0.738206622299692
22,22,875,0.75,AFR,0.001,0.0154992972679516,0.373674187369851
22,22,875,0.75,AFR,0.01,0.604588558415383,0.589241820705222
22,22,875,0.75,AFR,0.1,0.702530765342967,0.704598000705314
22,22,875,0.5,MELD_lambda0,0.001,0.281095546025874,0.521510968247179
22,22,875,0.5,MELD_lambda0,0.01,0.75331901471366,0.735566298907332
22,22,875,0.5,MELD_lambda0,0.1,0.29845919714981,0.801095946221415
22,22,875,0.5,MELD_lambda1,0.001,0.552641205613177,0.545141293076366
22,22,875,0.5,MELD_lambda1,0.01,0.752737267662771,0.757461435133426
22,22,875,0.5,MELD_lambda1,0.1,0.246902481597238,0.817321320664111
22,22,875,0.5,EUR,0.001,0.0707214824564131,0.359853551755178
22,22,875,0.5,EUR,0.01,0.545463850346302,0.543610185199437
22,22,875,0.5,EUR,0.1,0.490888150791041,0.584989888408943
22,22,875,0.5,AFR,0.001,0.00505016816702449,0.418495597668315
22,22,875,0.5,AFR,0.01,0.586278995396354,0.603054054579488
22,22,875,0.5,AFR,0.1,0.676670091605868,0.683542216540063
22,22,875,0.5,MELD_pooled,0.001,0.697934352815183,0.632588100514894
22,22,875,0.5,MELD_pooled,0.01,0.334112788259736,0.731400887574541
22,22,875,0.5,MELD_pooled,0.1,0.685416957192183,0.808982230963155
22,22,875,0.25,MELD_lambda0,0.001,0.373904443044047,0.411006036103108
22,22,875,0.25,MELD_lambda0,0.01,0.713787193264129,0.697882195349169
22,22,875,0.25,MELD_lambda0,0.1,0.686172383384737,0.769519935392009
22,22,875,0.25,MELD_lambda1,0.001,0.515069590545958,0.437224609236226
22,22,875,0.25,MELD_lambda1,0.01,0.720847413448146,0.726833776927389
22,22,875,0.25,MELD_lambda1,0.1,0.707042148353728,0.789827012288292
22,22,875,0.25,EUR,0.001,0.0657850143645865,0.353767032469091
22,22,875,0.25,EUR,0.01,0.498524597387787,0.506161469769844
22,22,875,0.25,EUR,0.1,0.430292620076548,0.524368619898676
22,22,875,0.25,AFR,0.001,0.00227016352279216,0.412234528008596
22,22,875,0.25,AFR,0.01,0.55213082706812,0.597914411864651
22,22,875,0.25,AFR,0.1,0.670566950929861,0.680875459976038
22,23,712,0.75,MELD_lambda0,0.001,0.590676966178817,0.608062984316943
22,23,712,0.75,MELD_lambda0,0.01,0.644449171523795,0.68336877190236
22,23,712,0.75,MELD_lambda0,0.1,0.670484395074606,0.669472269035356
22,23,712,0.75,MELD_lambda1,0.001,0.600367632731213,0.626091182565958
22,23,712,0.75,MELD_lambda1,0.01,0.624958052643672,0.684520375557849
22,23,712,0.75,MELD_lambda1,0.1,0.663930058743107,0.662776746011197
22,23,712,0.75,EUR,0.001,0.084109612134507,0.351655934774021
22,23,712,0.75,EUR,0.01,0.0922959120813353,0.531916767915486
22,23,712,0.75,EUR,0.1,0.579393233935494,0.58073720839573
22,23,712,0.75,AFR,0.001,0.0243806821424024,0.102298561552274
22,23,712,0.75,AFR,0.01,0.27194079486838,0.268604713168642
22,23,712,0.75,AFR,0.1,0.401159294435491,0.400968900408038
22,23,712,0.5,MELD_lambda0,0.001,0.139581416980202,0.558285818285563
22,23,712,0.5,MELD_lambda0,0.01,0.658485808508265,0.657601406727555
22,23,712,0.5,MELD_lambda0,0.1,0.651911596994116,0.651658046634943
22,23,712,0.5,MELD_lambda1,0.001,0.0841695349144354,0.584489101548434
22,23,712,0.5,MELD_lambda1,0.01,0.676698632820415,0.673610326975166
22,23,712,0.5,MELD_lambda1,0.1,0.673430114827249,0.673181071068246
22,23,712,0.5,EUR,0.001,0.0296519274845245,0.141386459714979
22,23,712,0.5,EUR,0.01,0.0567073906273899,0.319154510814177
22,23,712,0.5,EUR,0.1,0.410402587825671,0.410825492621788
22,23,712,0.5,AFR,0.001,0.0936295714262095,0.230741355474817
22,23,712,0.5,AFR,0.01,0.390705058651686,0.381808263719793
22,23,712,0.5,AFR,0.1,0.468975814173589,0.468427099776215
22,23,712,0.5,MELD_pooled,0.001,0.562624318870451,0.607919294173517
22,23,712,0.5,MELD_pooled,0.01,0.116792097543375,0.694844000767997
22,23,712,0.5,MELD_pooled,0.1,0.687513683483757,0.686412701551089
22,23,712,0.25,MELD_lambda0,0.001,0.529817039189423,0.526655422646981
22,23,712,0.25,MELD_lambda0,0.01,0.620881073633149,0.620892332702229
22,23,712,0.25,MELD_lambda0,0.1,0.646300137992966,0.646300631441017
22,23,712,0.25,MELD_lambda1,0.001,0.546142049127689,0.547107062468636
22,23,712,0.25,MELD_lambda1,0.01,0.639616923304478,0.639596569067932
22,23,712,0.25,MELD_lambda1,0.1,0.675696522553463,0.675696050225003
22,23,712,0.25,EUR,0.001,0.0145501861065924,0.087391267513904
22,23,712,0.25,EUR,0.01,0.050476814784292,0.255134140523827
22,23,712,0.25,EUR,0.1,0.35179836356148,0.35252680480968
22,23,712,0.25,AFR,0.001,0.166267807343638,0.338814924348758
22,23,712,0.25,AFR,0.01,0.476183507444981,0.465589852155725
22,23,712,0.25,AFR,0.1,0.529024275083635,0.528379213419006
22,24,552,0.75,MELD_lambda0,0.001,0.922173908506987,0.923709844114793
22,24,552,0.75,MELD_lambda0,0.01,0.922439050161192,0.92245456285583
22,24,552,0.75,MELD_lambda0,0.1,0.910351587196005,0.910350679780553
22,24,552,0.75,MELD_lambda1,0.001,0.888800445495108,0.889320848530168
22,24,552,0.75,MELD_lambda1,0.01,0.900839901815798,0.900822753264055
22,24,552,0.75,MELD_lambda1,0.1,0.901300523498807,0.901297854622216
22,24,552,0.75,EUR,0.001,0.111041025212206,0.493301633813362
22,24,552,0.75,EUR,0.01,0.7431422244968,0.746694784901948
22,24,552,0.75,EUR,0.1,0.815906950299973,0.81595864753208
22,24,552,0.75,AFR,0.001,0.459206686245538,0.497007426010229
22,24,552,0.75,AFR,0.01,0.630023924278899,0.631842969281037
22,24,552,0.75,AFR,0.1,0.743648471089057,0.743566639223343
22,24,552,0.5,MELD_lambda0,0.001,0.820231935715944,0.822477099691083
22,24,552,0.5,MELD_lambda0,0.01,0.839421193807112,0.83954034974951
22,24,552,0.5,MELD_lambda0,0.1,0.832866348553276,0.832863202411692
22,24,552,0.5,MELD_lambda1,0.001,0.781046712354672,0.780219954244067
22,24,552,0.5,MELD_lambda1,0.01,0.814946405149232,0.81486957760945
22,24,552,0.5,MELD_lambda1,0.1,0.823813810778469,0.823799266104428
22,24,552,0.5,EUR,0.001,0.021477758663355,0.227287507521221
22,24,552,0.5,EUR,0.01,0.514763347164198,0.52016085704253
22,24,552,0.5,EUR,0.1,0.635522909889162,0.635481019184544
22,24,552,0.5,AFR,0.001,0.519377929504219,0.532093838123127
22,24,552,0.5,AFR,0.01,0.622711256434328,0.623677271912758
22,24,552,0.5,AFR,0.1,0.71162553791342,0.711608162640772
22,24,552,0.5,MELD_pooled,0.001,0.722614591270913,0.766688299518906
22,24,552,0.5,MELD_pooled,0.01,0.808112511919132,0.807525510973733
22,24,552,0.5,MELD_pooled,0.1,0.817652540430567,0.817608532310071
22,24,552,0.25,MELD_lambda0,0.001,0.719603850015061,0.727280135474973
22,24,552,0.25,MELD_lambda0,0.01,0.762560336541626,0.762867675862161
22,24,552,0.25,MELD_lambda0,0.1,0.772916629334446,0.772908411849989
22,24,552,0.25,MELD_lambda1,0.001,0.715250362782198,0.717329287703122
22,24,552,0.25,MELD_lambda1,0.01,0.757817329572255,0.757866990220259
22,24,552,0.25,MELD_lambda1,0.1,0.769205302448062,0.769182458748253
22,24,552,0.25,EUR,0.001,0.00231374756192775,0.155658352762764
22,24,552,0.25,EUR,0.01,0.413147602693524,0.417068252973516
22,24,552,0.25,EUR,0.1,0.534153978764227,0.533946498161267
22,24,552,0.25,AFR,0.001,0.541753260030799,0.552997650396049
22,24,552,0.25,AFR,0.01,0.618939083338094,0.622745963766685
22,24,552,0.25,AFR,0.1,0.687015852849371,0.687385871808223
