chr,block_id,m,afr_treatment,w_eur,perm,r2
22,1,255,original,0.75,1,0.824897355545883
22,1,255,original,0.75,2,0.826955952296264
22,1,255,original,0.75,3,0.82975184250917
22,1,255,original,0.75,4,0.824878881798174
22,1,255,original,0.75,5,0.827148503561182
22,1,255,original,0.75,6,0.818295764591066
22,1,255,original,0.75,7,0.827370259843097
22,1,255,original,0.75,8,0.828769665973234
22,1,255,original,0.75,0,0.829311020506624
22,1,255,original,0.75,-1,0.83314163078636
22,1,255,original,0.5,1,0.77925351902721
22,1,255,original,0.5,2,0.789948417776877
22,1,255,original,0.5,3,0.780387740807705
22,1,255,original,0.5,4,0.781488190248909
22,1,255,original,0.5,5,0.788974520334628
22,1,255,original,0.5,6,0.775934524176329
22,1,255,original,0.5,7,0.78025239594669
22,1,255,original,0.5,8,0.785527315944685
22,1,255,original,0.5,0,0.786180185276386
22,1,255,original,0.5,-1,0.794472295087519
22,1,255,original,0.25,1,0.737275137986291
22,1,255,original,0.25,2,0.749186392980036
22,1,255,original,0.25,3,0.744085653217341
22,1,255,original,0.25,4,0.743426482658787
22,1,255,original,0.25,5,0.748430894701639
22,1,255,original,0.25,6,0.743114887390513
22,1,255,original,0.25,7,0.742852443584249
22,1,255,original,0.25,8,0.748240584634819
22,1,255,original,0.25,0,0.744216252480888
22,1,255,original,0.25,-1,0.754445451078406
22,1,255,corrected,0.75,1,0.824848942941232
22,1,255,corrected,0.75,2,0.819510374010773
22,1,255,corrected,0.75,3,0.825215516918128
22,1,255,corrected,0.75,4,0.830007385002069
22,1,255,corrected,0.75,5,0.830769343239589
22,1,255,corrected,0.75,6,0.831964807906302
22,1,255,corrected,0.75,7,0.828386845200724
22,1,255,corrected,0.75,8,0.827644291327132
22,1,255,corrected,0.75,0,0.830381784800948
22,1,255,corrected,0.75,-1,0.835990995999082
22,1,255,corrected,0.5,1,0.791502300823159
22,1,255,corrected,0.5,2,0.786751232746938
22,1,255,corrected,0.5,3,0.788225024399569
22,1,255,corrected,0.5,4,0.794792057219669
22,1,255,corrected,0.5,5,0.78993172443848
22,1,255,corrected,0.5,6,0.79276711666856
22,1,255,corrected,0.5,7,0.783349182340077
22,1,255,corrected,0.5,8,0.794574802989357
22,1,255,corrected,0.5,0,0.790841255672894
22,1,255,corrected,0.5,-1,0.799953424768917
22,1,255,corrected,0.25,1,0.755066970861429
22,1,255,corrected,0.25,2,0.750546781885417
22,1,255,corrected,0.25,3,0.751059963920482
22,1,255,corrected,0.25,4,0.758493974364287
22,1,255,corrected,0.25,5,0.750911109311421
22,1,255,corrected,0.25,6,0.752937770264396
22,1,255,corrected,0.25,7,0.743797278891921
22,1,255,corrected,0.25,8,0.758407477429166
22,1,255,corrected,0.25,0,0.750586811018521
22,1,255,corrected,0.25,-1,0.761158802013959
22,2,310,original,0.75,1,0.732833633697731
22,2,310,original,0.75,2,0.754220076432161
22,2,310,original,0.75,3,0.766409699691366
22,2,310,original,0.75,4,0.761207386420381
22,2,310,original,0.75,5,0.735728282225219
22,2,310,original,0.75,6,0.748938104934801
22,2,310,original,0.75,7,0.748520362935642
22,2,310,original,0.75,8,0.765241936155459
22,2,310,original,0.75,0,0.767696239178662
22,2,310,original,0.75,-1,0.757647762201402
22,2,310,original,0.5,1,0.619659072552491
22,2,310,original,0.5,2,0.653166009087416
22,2,310,original,0.5,3,0.662655949626946
22,2,310,original,0.5,4,0.649736706875818
22,2,310,original,0.5,5,0.619616682314767
22,2,310,original,0.5,6,0.638131754293506
22,2,310,original,0.5,7,0.639169779318771
22,2,310,original,0.5,8,0.650737247404096
22,2,310,original,0.5,0,0.65641310141894
22,2,310,original,0.5,-1,0.65130019218705
22,2,310,original,0.25,1,0.583603026216797
22,2,310,original,0.25,2,0.599673586075686
22,2,310,original,0.25,3,0.608534752642903
22,2,310,original,0.25,4,0.602707084096215
22,2,310,original,0.25,5,0.57483552464992
22,2,310,original,0.25,6,0.585200779546021
22,2,310,original,0.25,7,0.592040646747565
22,2,310,original,0.25,8,0.593302112911999
22,2,310,original,0.25,0,0.596992657314764
22,2,310,original,0.25,-1,0.59964066230395
22,2,310,corrected,0.75,1,0.764519584299795
22,2,310,corrected,0.75,2,0.769293402693581
22,2,310,corrected,0.75,3,0.766961192092597
22,2,310,corrected,0.75,4,0.755754134918701
22,2,310,corrected,0.75,5,0.767248316815584
22,2,310,corrected,0.75,6,0.751233760957413
22,2,310,corrected,0.75,7,0.76275239807313
22,2,310,corrected,0.75,8,0.752367355309107
22,2,310,corrected,0.75,0,0.765841443439504
22,2,310,corrected,0.75,-1,0.756421831539955
22,2,310,corrected,0.5,1,0.668993786205767
22,2,310,corrected,0.5,2,0.66047833133332
22,2,310,corrected,0.5,3,0.667223440429617
22,2,310,corrected,0.5,4,0.640336595957677
22,2,310,corrected,0.5,5,0.654399527737284
22,2,310,corrected,0.5,6,0.634562811104048
22,2,310,corrected,0.5,7,0.646153989605943
22,2,310,corrected,0.5,8,0.647461789464502
22,2,310,corrected,0.5,0,0.658295095359857
22,2,310,corrected,0.5,-1,0.651360257050426
22,2,310,corrected,0.25,1,0.626161258637329
22,2,310,corrected,0.25,2,0.615692230756015
22,2,310,corrected,0.25,3,0.627317674779407
22,2,310,corrected,0.25,4,0.59994194568425
22,2,310,corrected,0.25,5,0.610832859503322
22,2,310,corrected,0.25,6,0.598570549893032
22,2,310,corrected,0.25,7,0.603054760437462
22,2,310,corrected,0.25,8,0.610564949987543
22,2,310,corrected,0.25,0,0.613630515632965
22,2,310,corrected,0.25,-1,0.611762645815996
22,3,715,original,0.75,1,0.885573838165495
22,3,715,original,0.75,2,0.892643231907425
22,3,715,original,0.75,3,0.902735746355141
22,3,715,original,0.75,4,0.893973070873925
22,3,715,original,0.75,5,0.893338919817088
22,3,715,original,0.75,6,0.890906539452366
22,3,715,original,0.75,7,0.892020774221185
22,3,715,original,0.75,8,0.890755382551201
22,3,715,original,0.75,0,0.904141186795446
22,3,715,original,0.75,-1,0.900599779131347
22,3,715,original,0.5,1,0.787421438018531
22,3,715,original,0.5,2,0.796186144874812
22,3,715,original,0.5,3,0.817957018235001
22,3,715,original,0.5,4,0.80010633435941
22,3,715,original,0.5,5,0.809476044823485
22,3,715,original,0.5,6,0.792279409099101
22,3,715,original,0.5,7,0.799169527244346
22,3,715,original,0.5,8,0.80291528542632
22,3,715,original,0.5,0,0.817409691829856
22,3,715,original,0.5,-1,0.820032637568862
22,3,715,original,0.25,1,0.712849292160791
22,3,715,original,0.25,2,0.720687550268344
22,3,715,original,0.25,3,0.734066072869461
22,3,715,original,0.25,4,0.728382442517049
22,3,715,original,0.25,5,0.732378173248403
22,3,715,original,0.25,6,0.711529802752693
22,3,715,original,0.25,7,0.724861452459253
22,3,715,original,0.25,8,0.727524291985116
22,3,715,original,0.25,0,0.734870513734435
22,3,715,original,0.25,-1,0.748087329050602
22,3,715,corrected,0.75,1,0.896317024271074
22,3,715,corrected,0.75,2,0.89331189371067
22,3,715,corrected,0.75,3,0.89616701718718
22,3,715,corrected,0.75,4,0.900696583039474
22,3,715,corrected,0.75,5,0.897259410932763
22,3,715,corrected,0.75,6,0.893631727338714
22,3,715,corrected,0.75,7,0.895195493619043
22,3,715,corrected,0.75,8,0.901433510380355
22,3,715,corrected,0.75,0,0.906112681747429
22,3,715,corrected,0.75,-1,0.904139224231778
22,3,715,corrected,0.5,1,0.806017723266251
22,3,715,corrected,0.5,2,0.811258505359316
22,3,715,corrected,0.5,3,0.808454013858424
22,3,715,corrected,0.5,4,0.824088375826896
22,3,715,corrected,0.5,5,0.808699889749529
22,3,715,corrected,0.5,6,0.811427937619364
22,3,715,corrected,0.5,7,0.809384250200239
22,3,715,corrected,0.5,8,0.813506766260005
22,3,715,corrected,0.5,0,0.826819371263552
22,3,715,corrected,0.5,-1,0.829555789883842
22,3,715,corrected,0.25,1,0.734785568449855
22,3,715,corrected,0.25,2,0.753218420482727
22,3,715,corrected,0.25,3,0.737716748143759
22,3,715,corrected,0.25,4,0.76096034466996
22,3,715,corrected,0.25,5,0.743274591187044
22,3,715,corrected,0.25,6,0.749953288023232
22,3,715,corrected,0.25,7,0.740897077630226
22,3,715,corrected,0.25,8,0.747396625801843
22,3,715,corrected,0.25,0,0.758380965788731
22,3,715,corrected,0.25,-1,0.767422358539296
22,4,809,original,0.75,1,0.925979448336914
22,4,809,original,0.75,2,0.928910144243129
22,4,809,original,0.75,3,0.934398585939149
22,4,809,original,0.75,4,0.930349242013698
22,4,809,original,0.75,5,0.927630216352981
22,4,809,original,0.75,6,0.934378723410977
22,4,809,original,0.75,7,0.928074252383902
22,4,809,original,0.75,8,0.932097299566435
22,4,809,original,0.75,0,0.935721539931589
22,4,809,original,0.75,-1,0.933522832672192
22,4,809,original,0.5,1,0.882036792890749
22,4,809,original,0.5,2,0.880319642012095
22,4,809,original,0.5,3,0.884932849226321
22,4,809,original,0.5,4,0.881787682824744
22,4,809,original,0.5,5,0.877850294806139
22,4,809,original,0.5,6,0.88625008557062
22,4,809,original,0.5,7,0.886717521759049
22,4,809,original,0.5,8,0.886049493735772
22,4,809,original,0.5,0,0.890441572669496
22,4,809,original,0.5,-1,0.889691198080371
22,4,809,original,0.25,1,0.84644400717691
22,4,809,original,0.25,2,0.846759271678828
22,4,809,original,0.25,3,0.84824860944146
22,4,809,original,0.25,4,0.849847021036901
22,4,809,original,0.25,5,0.846191567249518
22,4,809,original,0.25,6,0.8468861959954
22,4,809,original,0.25,7,0.854348391911479
22,4,809,original,0.25,8,0.850789371286678
22,4,809,original,0.25,0,0.847620274225904
22,4,809,original,0.25,-1,0.852940439785798
22,4,809,corrected,0.75,1,0.930311689309825
22,4,809,corrected,0.75,2,0.924675656382804
22,4,809,corrected,0.75,3,0.929226216017616
22,4,809,corrected,0.75,4,0.930644616320351
22,4,809,corrected,0.75,5,0.931016254270004
22,4,809,corrected,0.75,6,0.926753765193119
22,4,809,corrected,0.75,7,0.932491063423059
22,4,809,corrected,0.75,8,0.930827320363452
22,4,809,corrected,0.75,0,0.935297404406714
22,4,809,corrected,0.75,-1,0.933758903093365
22,4,809,corrected,0.5,1,0.880863190783378
22,4,809,corrected,0.5,2,0.872332322702212
22,4,809,corrected,0.5,3,0.881120982175884
22,4,809,corrected,0.5,4,0.887291763433001
22,4,809,corrected,0.5,5,0.886568591549915
22,4,809,corrected,0.5,6,0.878040040991561
22,4,809,corrected,0.5,7,0.883409790688994
22,4,809,corrected,0.5,8,0.879250765245756
22,4,809,corrected,0.5,0,0.889842597925655
22,4,809,corrected,0.5,-1,0.889693447867573
22,4,809,corrected,0.25,1,0.849666322469995
22,4,809,corrected,0.25,2,0.842309076297403
22,4,809,corrected,0.25,3,0.848600184979186
22,4,809,corrected,0.25,4,0.8583365713878
22,4,809,corrected,0.25,5,0.855871538324804
22,4,809,corrected,0.25,6,0.850505907260881
22,4,809,corrected,0.25,7,0.849463116942685
22,4,809,corrected,0.25,8,0.847157878542082
22,4,809,corrected,0.25,0,0.854212568925947
22,4,809,corrected,0.25,-1,0.857627152579121
22,5,417,original,0.75,1,0.787410255441344
22,5,417,original,0.75,2,0.806576650013472
22,5,417,original,0.75,3,0.817100114881748
22,5,417,original,0.75,4,0.811310273457481
22,5,417,original,0.75,5,0.790717637005396
22,5,417,original,0.75,6,0.812752691606762
22,5,417,original,0.75,7,0.82029237921437
22,5,417,original,0.75,8,0.838409257925312
22,5,417,original,0.75,0,0.82312208652314
22,5,417,original,0.75,-1,0.816153082044284
22,5,417,original,0.5,1,0.75931835437428
22,5,417,original,0.5,2,0.751687732367805
22,5,417,original,0.5,3,0.767431277295046
22,5,417,original,0.5,4,0.765909597977045
22,5,417,original,0.5,5,0.751533655929535
22,5,417,original,0.5,6,0.763385422336937
22,5,417,original,0.5,7,0.777144334981954
22,5,417,original,0.5,8,0.788292557108497
22,5,417,original,0.5,0,0.770904422444143
22,5,417,original,0.5,-1,0.764899695381034
22,5,417,original,0.25,1,0.737069192645655
22,5,417,original,0.25,2,0.718999809510055
22,5,417,original,0.25,3,0.735432483318351
22,5,417,original,0.25,4,0.739037046749222
22,5,417,original,0.25,5,0.728438971972338
22,5,417,original,0.25,6,0.730780409024421
22,5,417,original,0.25,7,0.746647854603848
22,5,417,original,0.25,8,0.748707744024628
22,5,417,original,0.25,0,0.733350058987857
22,5,417,original,0.25,-1,0.733242746785764
22,5,417,corrected,0.75,1,0.80790558057034
22,5,417,corrected,0.75,2,0.805467286868502
22,5,417,corrected,0.75,3,0.801375781511061
22,5,417,corrected,0.75,4,0.816842051534415
22,5,417,corrected,0.75,5,0.820547843962686
22,5,417,corrected,0.75,6,0.813648380060065
22,5,417,corrected,0.75,7,0.828018041797158
22,5,417,corrected,0.75,8,0.805541158746229
22,5,417,corrected,0.75,0,0.826524251866287
22,5,417,corrected,0.75,-1,0.821427034791159
22,5,417,corrected,0.5,1,0.762705149167345
22,5,417,corrected,0.5,2,0.768416255506699
22,5,417,corrected,0.5,3,0.766510255154378
22,5,417,corrected,0.5,4,0.779907416016147
22,5,417,corrected,0.5,5,0.778118340223626
22,5,417,corrected,0.5,6,0.752768298474442
22,5,417,corrected,0.5,7,0.777237115335378
22,5,417,corrected,0.5,8,0.755382770134295
22,5,417,corrected,0.5,0,0.779730467956147
22,5,417,corrected,0.5,-1,0.775542178140743
22,5,417,corrected,0.25,1,0.742853427735214
22,5,417,corrected,0.25,2,0.749635303105727
22,5,417,corrected,0.25,3,0.749404247301272
22,5,417,corrected,0.25,4,0.761361108023077
22,5,417,corrected,0.25,5,0.754072065660996
22,5,417,corrected,0.25,6,0.730219357689092
22,5,417,corrected,0.25,7,0.752961044322254
22,5,417,corrected,0.25,8,0.736550532304294
22,5,417,corrected,0.25,0,0.751461469495857
22,5,417,corrected,0.25,-1,0.750745270818664
22,6,480,original,0.75,1,0.925340504089679
22,6,480,original,0.75,2,0.931279828979936
22,6,480,original,0.75,3,0.924586218086539
22,6,480,original,0.75,4,0.932371264691609
22,6,480,original,0.75,5,0.934244510174773
22,6,480,original,0.75,6,0.925462610523457
22,6,480,original,0.75,7,0.933581488245801
22,6,480,original,0.75,8,0.926070733926611
22,6,480,original,0.75,0,0.94202586779419
22,6,480,original,0.75,-1,0.938346269782091
22,6,480,original,0.5,1,0.866970438871956
22,6,480,original,0.5,2,0.88224089955242
22,6,480,original,0.5,3,0.863410522413802
22,6,480,original,0.5,4,0.87626081800263
22,6,480,original,0.5,5,0.881181992631551
22,6,480,original,0.5,6,0.873476590480733
22,6,480,original,0.5,7,0.882432721440056
22,6,480,original,0.5,8,0.869955744150258
22,6,480,original,0.5,0,0.894229042965311
22,6,480,original,0.5,-1,0.89311688153972
22,6,480,original,0.25,1,0.82530164027359
22,6,480,original,0.25,2,0.833492000427795
22,6,480,original,0.25,3,0.824071139368179
22,6,480,original,0.25,4,0.826471258995696
22,6,480,original,0.25,5,0.835313004987535
22,6,480,original,0.25,6,0.835530487341921
22,6,480,original,0.25,7,0.838719758233708
22,6,480,original,0.25,8,0.833609868905892
22,6,480,original,0.25,0,0.843337504860536
22,6,480,original,0.25,-1,0.847061547370691
22,6,480,corrected,0.75,1,0.930752868437862
22,6,480,corrected,0.75,2,0.931423713285415
22,6,480,corrected,0.75,3,0.93089162757356
22,6,480,corrected,0.75,4,0.926708182434495
22,6,480,corrected,0.75,5,0.927722334787856
22,6,480,corrected,0.75,6,0.928478506772289
22,6,480,corrected,0.75,7,0.938550016452857
22,6,480,corrected,0.75,8,0.928588032129527
22,6,480,corrected,0.75,0,0.940320736751584
22,6,480,corrected,0.75,-1,0.93836429386963
22,6,480,corrected,0.5,1,0.880316584369715
22,6,480,corrected,0.5,2,0.877465423584263
22,6,480,corrected,0.5,3,0.878424518951414
22,6,480,corrected,0.5,4,0.878731108173387
22,6,480,corrected,0.5,5,0.86738351880194
22,6,480,corrected,0.5,6,0.870714731690816
22,6,480,corrected,0.5,7,0.892390241061439
22,6,480,corrected,0.5,8,0.87053855125247
22,6,480,corrected,0.5,0,0.892842696531098
22,6,480,corrected,0.5,-1,0.892549551294606
22,6,480,corrected,0.25,1,0.839826125170862
22,6,480,corrected,0.25,2,0.836720600721207
22,6,480,corrected,0.25,3,0.836940938585234
22,6,480,corrected,0.25,4,0.841280008060672
22,6,480,corrected,0.25,5,0.829394877308783
22,6,480,corrected,0.25,6,0.829434450991022
22,6,480,corrected,0.25,7,0.851403549680444
22,6,480,corrected,0.25,8,0.83259696596816
22,6,480,corrected,0.25,0,0.846658729071305
22,6,480,corrected,0.25,-1,0.849134461851023
22,7,948,original,0.75,1,0.769089121386788
22,7,948,original,0.75,2,0.770083356963321
22,7,948,original,0.75,3,0.774654153407304
22,7,948,original,0.75,4,0.786152766169636
22,7,948,original,0.75,5,0.770285841720723
22,7,948,original,0.75,6,0.77325685665448
22,7,948,original,0.75,7,0.78333756965795
22,7,948,original,0.75,8,0.770574563097191
22,7,948,original,0.75,0,0.775535629719362
22,7,948,original,0.75,-1,0.776063652149016
22,7,948,original,0.5,1,0.686969887462717
22,7,948,original,0.5,2,0.67656292422321
22,7,948,original,0.5,3,0.681227384201657
22,7,948,original,0.5,4,0.698662397080845
22,7,948,original,0.5,5,0.679972667273153
22,7,948,original,0.5,6,0.692539130753514
22,7,948,original,0.5,7,0.691979618845913
22,7,948,original,0.5,8,0.677498091884937
22,7,948,original,0.5,0,0.686907818642832
22,7,948,original,0.5,-1,0.707955730638942
22,7,948,original,0.25,1,0.643985007296485
22,7,948,original,0.25,2,0.63373685583091
22,7,948,original,0.25,3,0.633641108418614
22,7,948,original,0.25,4,0.646803395618363
22,7,948,original,0.25,5,0.638569192770492
22,7,948,original,0.25,6,0.653938886995186
22,7,948,original,0.25,7,0.639438930749505
22,7,948,original,0.25,8,0.627956040815582
22,7,948,original,0.25,0,0.63494014164776
22,7,948,original,0.25,-1,0.662071264532868
22,7,948,corrected,0.75,1,0.786524020682303
22,7,948,corrected,0.75,2,0.766440862282883
22,7,948,corrected,0.75,3,0.778005669572863
22,7,948,corrected,0.75,4,0.773576576502332
22,7,948,corrected,0.75,5,0.781339843086379
22,7,948,corrected,0.75,6,0.775511100007033
22,7,948,corrected,0.75,7,0.770651987865212
22,7,948,corrected,0.75,8,0.792350394207908
22,7,948,corrected,0.75,0,0.777935965210533
22,7,948,corrected,0.75,-1,0.778977860549352
22,7,948,corrected,0.5,1,0.702367960682231
22,7,948,corrected,0.5,2,0.68919829933407
22,7,948,corrected,0.5,3,0.693600699037863
22,7,948,corrected,0.5,4,0.686863378987755
22,7,948,corrected,0.5,5,0.698406233271013
22,7,948,corrected,0.5,6,0.690590322509351
22,7,948,corrected,0.5,7,0.675814826513826
22,7,948,corrected,0.5,8,0.712012793094416
22,7,948,corrected,0.5,0,0.692574780893544
22,7,948,corrected,0.5,-1,0.710181107314852
22,7,948,corrected,0.25,1,0.659440343334995
22,7,948,corrected,0.25,2,0.65309177273669
22,7,948,corrected,0.25,3,0.653467135564938
22,7,948,corrected,0.25,4,0.652039121780438
22,7,948,corrected,0.25,5,0.654285709894824
22,7,948,corrected,0.25,6,0.650476136364244
22,7,948,corrected,0.25,7,0.638657500171418
22,7,948,corrected,0.25,8,0.669607173202918
22,7,948,corrected,0.25,0,0.649625352104257
22,7,948,corrected,0.25,-1,0.670460715555507
22,8,863,original,0.75,1,0.746306172351266
22,8,863,original,0.75,2,0.744579133636062
22,8,863,original,0.75,3,0.734926693342104
22,8,863,original,0.75,4,0.742527931708371
22,8,863,original,0.75,5,0.759780515370224
22,8,863,original,0.75,6,0.755275991216119
22,8,863,original,0.75,7,0.749530979179219
22,8,863,original,0.75,8,0.753570345921601
22,8,863,original,0.75,0,0.762519656731135
22,8,863,original,0.75,-1,0.757823898352093
22,8,863,original,0.5,1,0.709772343323268
22,8,863,original,0.5,2,0.706216847479048
22,8,863,original,0.5,3,0.691402194151514
22,8,863,original,0.5,4,0.695971354617686
22,8,863,original,0.5,5,0.713324931131206
22,8,863,original,0.5,6,0.71163343455984
22,8,863,original,0.5,7,0.696582363064625
22,8,863,original,0.5,8,0.706116734622042
22,8,863,original,0.5,0,0.71410139971679
22,8,863,original,0.5,-1,0.723559246517312
22,8,863,original,0.25,1,0.689263862808846
22,8,863,original,0.25,2,0.682787258267483
22,8,863,original,0.25,3,0.673486770484001
22,8,863,original,0.25,4,0.675254646526493
22,8,863,original,0.25,5,0.686691943097207
22,8,863,original,0.25,6,0.687201614009537
22,8,863,original,0.25,7,0.674231949380505
22,8,863,original,0.25,8,0.685086368018795
22,8,863,original,0.25,0,0.681672996126129
22,8,863,original,0.25,-1,0.703087670789662
22,8,863,corrected,0.75,1,0.748369136294899
22,8,863,corrected,0.75,2,0.763495995611096
22,8,863,corrected,0.75,3,0.76197874985699
22,8,863,corrected,0.75,4,0.750957978105381
22,8,863,corrected,0.75,5,0.753887387149295
22,8,863,corrected,0.75,6,0.748870218093343
22,8,863,corrected,0.75,7,0.764595037424756
22,8,863,corrected,0.75,8,0.75753328609576
22,8,863,corrected,0.75,0,0.764483278578812
22,8,863,corrected,0.75,-1,0.760965741157396
22,8,863,corrected,0.5,1,0.707917791152833
22,8,863,corrected,0.5,2,0.729783429520724
22,8,863,corrected,0.5,3,0.725890759978847
22,8,863,corrected,0.5,4,0.715234810268787
22,8,863,corrected,0.5,5,0.716441359266432
22,8,863,corrected,0.5,6,0.717646486885471
22,8,863,corrected,0.5,7,0.725111750822539
22,8,863,corrected,0.5,8,0.722142348671274
22,8,863,corrected,0.5,0,0.724924787360128
22,8,863,corrected,0.5,-1,0.731490365276229
22,8,863,corrected,0.25,1,0.699051881406273
22,8,863,corrected,0.25,2,0.714145555814686
22,8,863,corrected,0.25,3,0.710848832939646
22,8,863,corrected,0.25,4,0.704475876656372
22,8,863,corrected,0.25,5,0.704732553587306
22,8,863,corrected,0.25,6,0.70736402399864
22,8,863,corrected,0.25,7,0.711772702611195
22,8,863,corrected,0.25,8,0.708255452483149
22,8,863,corrected,0.25,0,0.705667526345856
22,8,863,corrected,0.25,-1,0.719053988486337
22,9,733,original,0.75,1,0.935922575409331
22,9,733,original,0.75,2,0.92556727277674
22,9,733,original,0.75,3,0.930425134691166
22,9,733,original,0.75,4,0.930598509757074
22,9,733,original,0.75,5,0.932949125701472
22,9,733,original,0.75,6,0.928439472463401
22,9,733,original,0.75,7,0.941791090200011
22,9,733,original,0.75,8,0.933289996568213
22,9,733,original,0.75,0,0.944798397424124
22,9,733,original,0.75,-1,0.942620416947218
22,9,733,original,0.5,1,0.881758966810624
22,9,733,original,0.5,2,0.867684742552341
22,9,733,original,0.5,3,0.867331397795573
22,9,733,original,0.5,4,0.868926611787322
22,9,733,original,0.5,5,0.875503559054695
22,9,733,original,0.5,6,0.87222008766538
22,9,733,original,0.5,7,0.882818991080038
22,9,733,original,0.5,8,0.878817460973858
22,9,733,original,0.5,0,0.884704167022971
22,9,733,original,0.5,-1,0.889949091229061
22,9,733,original,0.25,1,0.815903249472521
22,9,733,original,0.25,2,0.81036481908054
22,9,733,original,0.25,3,0.807067446204211
22,9,733,original,0.25,4,0.809901664904516
22,9,733,original,0.25,5,0.809128740046574
22,9,733,original,0.25,6,0.807678220118456
22,9,733,original,0.25,7,0.818897535317166
22,9,733,original,0.25,8,0.812621827481918
22,9,733,original,0.25,0,0.804344938090662
22,9,733,original,0.25,-1,0.82019059425555
22,9,733,corrected,0.75,1,0.924630500961266
22,9,733,corrected,0.75,2,0.934262094128878
22,9,733,corrected,0.75,3,0.94851633920519
22,9,733,corrected,0.75,4,0.931380123989532
22,9,733,corrected,0.75,5,0.941533536523444
22,9,733,corrected,0.75,6,0.942638675935523
22,9,733,corrected,0.75,7,0.943428108842017
22,9,733,corrected,0.75,8,0.935723386079687
22,9,733,corrected,0.75,0,0.946484437560419
22,9,733,corrected,0.75,-1,0.945092976409273
22,9,733,corrected,0.5,1,0.868993089765121
22,9,733,corrected,0.5,2,0.879992592113526
22,9,733,corrected,0.5,3,0.899750412248907
22,9,733,corrected,0.5,4,0.877002667871029
22,9,733,corrected,0.5,5,0.889744347580389
22,9,733,corrected,0.5,6,0.892854719149178
22,9,733,corrected,0.5,7,0.888052655769539
22,9,733,corrected,0.5,8,0.886398009847352
22,9,733,corrected,0.5,0,0.895939289528686
22,9,733,corrected,0.5,-1,0.899027397235017
22,9,733,corrected,0.25,1,0.8157565372176
22,9,733,corrected,0.25,2,0.829237562835626
22,9,733,corrected,0.25,3,0.844855934011015
22,9,733,corrected,0.25,4,0.825549786458384
22,9,733,corrected,0.25,5,0.834822952114353
22,9,733,corrected,0.25,6,0.841448213052249
22,9,733,corrected,0.25,7,0.833727946846787
22,9,733,corrected,0.25,8,0.835493253023302
22,9,733,corrected,0.25,0,0.835752920674026
22,9,733,corrected,0.25,-1,0.844429573227045
22,10,689,original,0.75,1,0.974352746514172
22,10,689,original,0.75,2,0.968763937819402
22,10,689,original,0.75,3,0.972156424602495
22,10,689,original,0.75,4,0.969610235756148
22,10,689,original,0.75,5,0.972280169544585
22,10,689,original,0.75,6,0.971445648442941
22,10,689,original,0.75,7,0.974525489779993
22,10,689,original,0.75,8,0.973350136199173
22,10,689,original,0.75,0,0.976630533493446
22,10,689,original,0.75,-1,0.978145786119812
22,10,689,original,0.5,1,0.954776551049782
22,10,689,original,0.5,2,0.947958811484056
22,10,689,original,0.5,3,0.952073852319107
22,10,689,original,0.5,4,0.943526796616278
22,10,689,original,0.5,5,0.950967819807799
22,10,689,original,0.5,6,0.949438041402834
22,10,689,original,0.5,7,0.953129876598324
22,10,689,original,0.5,8,0.953115716440489
22,10,689,original,0.5,0,0.957057538171438
22,10,689,original,0.5,-1,0.95970355226839
22,10,689,original,0.25,1,0.928267276861664
22,10,689,original,0.25,2,0.924182048439625
22,10,689,original,0.25,3,0.926575095514414
22,10,689,original,0.25,4,0.917465241703284
22,10,689,original,0.25,5,0.926164208036719
22,10,689,original,0.25,6,0.925197495322634
22,10,689,original,0.25,7,0.926851487087701
22,10,689,original,0.25,8,0.927342454038586
22,10,689,original,0.25,0,0.926236033780076
22,10,689,original,0.25,-1,0.931089087074876
22,10,689,corrected,0.75,1,0.974952036700134
22,10,689,corrected,0.75,2,0.974402317415307
22,10,689,corrected,0.75,3,0.974101610733262
22,10,689,corrected,0.75,4,0.97658145462969
22,10,689,corrected,0.75,5,0.97303039730325
22,10,689,corrected,0.75,6,0.972251286468393
22,10,689,corrected,0.75,7,0.972517161408065
22,10,689,corrected,0.75,8,0.976988603227237
22,10,689,corrected,0.75,0,0.977307428794528
22,10,689,corrected,0.75,-1,0.978883821489658
22,10,689,corrected,0.5,1,0.957065991683969
22,10,689,corrected,0.5,2,0.957803545361871
22,10,689,corrected,0.5,3,0.955581751367143
22,10,689,corrected,0.5,4,0.956123302944281
22,10,689,corrected,0.5,5,0.953586902099148
22,10,689,corrected,0.5,6,0.951211317538114
22,10,689,corrected,0.5,7,0.9558441487561
22,10,689,corrected,0.5,8,0.957621115160318
22,10,689,corrected,0.5,0,0.959541684635942
22,10,689,corrected,0.5,-1,0.961857683637131
22,10,689,corrected,0.25,1,0.933830593536498
22,10,689,corrected,0.25,2,0.93722231835927
22,10,689,corrected,0.25,3,0.933806505781146
22,10,689,corrected,0.25,4,0.931755550505353
22,10,689,corrected,0.25,5,0.932592313106823
22,10,689,corrected,0.25,6,0.92719409762486
22,10,689,corrected,0.25,7,0.935639286981976
22,10,689,corrected,0.25,8,0.933536523104248
22,10,689,corrected,0.25,0,0.933965255280248
22,10,689,corrected,0.25,-1,0.936890798433803
22,11,437,original,0.75,1,0.923479118246667
22,11,437,original,0.75,2,0.914105345911866
22,11,437,original,0.75,3,0.918494166478976
22,11,437,original,0.75,4,0.910758924322214
22,11,437,original,0.75,5,0.92833550150965
22,11,437,original,0.75,6,0.911343990995833
22,11,437,original,0.75,7,0.930546770249298
22,11,437,original,0.75,8,0.940309600157788
22,11,437,original,0.75,0,0.949906888261761
22,11,437,original,0.75,-1,0.947418823297802
22,11,437,original,0.5,1,0.903063558272101
22,11,437,original,0.5,2,0.879660320223984
22,11,437,original,0.5,3,0.885998522719589
22,11,437,original,0.5,4,0.874650248938325
22,11,437,original,0.5,5,0.908005357313739
22,11,437,original,0.5,6,0.880782622469679
22,11,437,original,0.5,7,0.904317711949553
22,11,437,original,0.5,8,0.916373762705166
22,11,437,original,0.5,0,0.922073842115822
22,11,437,original,0.5,-1,0.921570432975978
22,11,437,original,0.25,1,0.903914972609459
22,11,437,original,0.25,2,0.878951300369389
22,11,437,original,0.25,3,0.886845659731311
22,11,437,original,0.25,4,0.8745794068683
22,11,437,original,0.25,5,0.899924084450219
22,11,437,original,0.25,6,0.886259269626607
22,11,437,original,0.25,7,0.896767322128289
22,11,437,original,0.25,8,0.906011858729133
22,11,437,original,0.25,0,0.896866302743173
22,11,437,original,0.25,-1,0.898352099654463
22,11,437,corrected,0.75,1,0.906969931441605
22,11,437,corrected,0.75,2,0.941934947637691
22,11,437,corrected,0.75,3,0.920405993887304
22,11,437,corrected,0.75,4,0.917663342949622
22,11,437,corrected,0.75,5,0.942289353407858
22,11,437,corrected,0.75,6,0.935426489664364
22,11,437,corrected,0.75,7,0.934886582657463
22,11,437,corrected,0.75,8,0.939095392546429
22,11,437,corrected,0.75,0,0.95086030740971
22,11,437,corrected,0.75,-1,0.949150287012777
22,11,437,corrected,0.5,1,0.88402782959153
22,11,437,corrected,0.5,2,0.92234062043716
22,11,437,corrected,0.5,3,0.892773262518471
22,11,437,corrected,0.5,4,0.890569911355879
22,11,437,corrected,0.5,5,0.914511183731889
22,11,437,corrected,0.5,6,0.904407548619977
22,11,437,corrected,0.5,7,0.910606591827522
22,11,437,corrected,0.5,8,0.912552968457067
22,11,437,corrected,0.5,0,0.92515634510731
22,11,437,corrected,0.5,-1,0.924903231081616
22,11,437,corrected,0.25,1,0.893763234449368
22,11,437,corrected,0.25,2,0.910909656825681
22,11,437,corrected,0.25,3,0.893884513730559
22,11,437,corrected,0.25,4,0.895241063637143
22,11,437,corrected,0.25,5,0.907067585736079
22,11,437,corrected,0.25,6,0.899044232822069
22,11,437,corrected,0.25,7,0.908970600342365
22,11,437,corrected,0.25,8,0.905753019207839
22,11,437,corrected,0.25,0,0.906597926552969
22,11,437,corrected,0.25,-1,0.907389342391553
22,12,1159,original,0.75,1,0.900359992634935
22,12,1159,original,0.75,2,0.909512333638544
22,12,1159,original,0.75,3,0.899772266014904
22,12,1159,original,0.75,4,0.888611609028506
22,12,1159,original,0.75,5,0.91526185201355
22,12,1159,original,0.75,6,0.904787717241953
22,12,1159,original,0.75,7,0.898566713643229
22,12,1159,original,0.75,8,0.899989944177302
22,12,1159,original,0.75,0,0.917882315513027
22,12,1159,original,0.75,-1,0.907324504730615
22,12,1159,original,0.5,1,0.78574409541435
22,12,1159,original,0.5,2,0.797829623378837
22,12,1159,original,0.5,3,0.781402519264189
22,12,1159,original,0.5,4,0.775692193985553
22,12,1159,original,0.5,5,0.814688888708342
22,12,1159,original,0.5,6,0.793832562411368
22,12,1159,original,0.5,7,0.786208799041169
22,12,1159,original,0.5,8,0.783900934190712
22,12,1159,original,0.5,0,0.802250944381487
22,12,1159,original,0.5,-1,0.802411625521712
22,12,1159,original,0.25,1,0.714844641679568
22,12,1159,original,0.25,2,0.729140632320344
22,12,1159,original,0.25,3,0.709818264542224
22,12,1159,original,0.25,4,0.707594942673343
22,12,1159,original,0.25,5,0.738035697598088
22,12,1159,original,0.25,6,0.726918758097861
22,12,1159,original,0.25,7,0.716358698586951
22,12,1159,original,0.25,8,0.718660225848812
22,12,1159,original,0.25,0,0.716963012055735
22,12,1159,original,0.25,-1,0.729592440180309
22,12,1159,corrected,0.75,1,0.915798406241164
22,12,1159,corrected,0.75,2,0.913910507793235
22,12,1159,corrected,0.75,3,0.904597164072372
22,12,1159,corrected,0.75,4,0.903434824979136
22,12,1159,corrected,0.75,5,0.906097788831959
22,12,1159,corrected,0.75,6,0.90371462654987
22,12,1159,corrected,0.75,7,0.911903550782104
22,12,1159,corrected,0.75,8,0.908408054495282
22,12,1159,corrected,0.75,0,0.919180319218457
22,12,1159,corrected,0.75,-1,0.912688350642594
22,12,1159,corrected,0.5,1,0.808219300562942
22,12,1159,corrected,0.5,2,0.800710944666097
22,12,1159,corrected,0.5,3,0.798447496223391
22,12,1159,corrected,0.5,4,0.787946257182823
22,12,1159,corrected,0.5,5,0.795111161141121
22,12,1159,corrected,0.5,6,0.799931916271957
22,12,1159,corrected,0.5,7,0.802567756325296
22,12,1159,corrected,0.5,8,0.800822579960476
22,12,1159,corrected,0.5,0,0.8106574166062
22,12,1159,corrected,0.5,-1,0.811883647317554
22,12,1159,corrected,0.25,1,0.735908232618284
22,12,1159,corrected,0.25,2,0.729398304152162
22,12,1159,corrected,0.25,3,0.734530026077979
22,12,1159,corrected,0.25,4,0.722047285801461
22,12,1159,corrected,0.25,5,0.729371401135308
22,12,1159,corrected,0.25,6,0.738196131225989
22,12,1159,corrected,0.25,7,0.732324407941991
22,12,1159,corrected,0.25,8,0.734527009502392
22,12,1159,corrected,0.25,0,0.734907081055802
22,12,1159,corrected,0.25,-1,0.744067385357964
22,13,618,original,0.75,1,0.940725891123834
22,13,618,original,0.75,2,0.9424262137185
22,13,618,original,0.75,3,0.929313975460335
22,13,618,original,0.75,4,0.934998985590699
22,13,618,original,0.75,5,0.940403140202908
22,13,618,original,0.75,6,0.930848160623305
22,13,618,original,0.75,7,0.942870322988596
22,13,618,original,0.75,8,0.946515939766256
22,13,618,original,0.75,0,0.944298578661792
22,13,618,original,0.75,-1,0.938758194356206
22,13,618,original,0.5,1,0.921979765922595
22,13,618,original,0.5,2,0.928818452810195
22,13,618,original,0.5,3,0.909742883414256
22,13,618,original,0.5,4,0.912858000827542
22,13,618,original,0.5,5,0.920111530200444
22,13,618,original,0.5,6,0.913059468212137
22,13,618,original,0.5,7,0.917526523892419
22,13,618,original,0.5,8,0.925904802337198
22,13,618,original,0.5,0,0.92321843585672
22,13,618,original,0.5,-1,0.919829597463571
22,13,618,original,0.25,1,0.917732824584532
22,13,618,original,0.25,2,0.922872668845522
22,13,618,original,0.25,3,0.907399374573743
22,13,618,original,0.25,4,0.908547255615099
22,13,618,original,0.25,5,0.914131610249715
22,13,618,original,0.25,6,0.909443539374341
22,13,618,original,0.25,7,0.909091904421871
22,13,618,original,0.25,8,0.915906108572534
22,13,618,original,0.25,0,0.909904020192064
22,13,618,original,0.25,-1,0.913540047110619
22,13,618,corrected,0.75,1,0.940816240209801
22,13,618,corrected,0.75,2,0.939918349299931
22,13,618,corrected,0.75,3,0.944659262069118
22,13,618,corrected,0.75,4,0.942524001876901
22,13,618,corrected,0.75,5,0.935125554935618
22,13,618,corrected,0.75,6,0.939932479600746
22,13,618,corrected,0.75,7,0.940300278101974
22,13,618,corrected,0.75,8,0.94127330243232
22,13,618,corrected,0.75,0,0.943450700990436
22,13,618,corrected,0.75,-1,0.939946239203158
22,13,618,corrected,0.5,1,0.918632403389106
22,13,618,corrected,0.5,2,0.922125095683053
22,13,618,corrected,0.5,3,0.927097499138149
22,13,618,corrected,0.5,4,0.925436488975113
22,13,618,corrected,0.5,5,0.914703503640201
22,13,618,corrected,0.5,6,0.920973372124976
22,13,618,corrected,0.5,7,0.922840105029957
22,13,618,corrected,0.5,8,0.925163707227707
22,13,618,corrected,0.5,0,0.924351344894541
22,13,618,corrected,0.5,-1,0.922253273953612
22,13,618,corrected,0.25,1,0.914943751433248
22,13,618,corrected,0.25,2,0.917623042946667
22,13,618,corrected,0.25,3,0.921129732165278
22,13,618,corrected,0.25,4,0.9188241588257
22,13,618,corrected,0.25,5,0.912455763042413
22,13,618,corrected,0.25,6,0.915712369422452
22,13,618,corrected,0.25,7,0.917172131347447
22,13,618,corrected,0.25,8,0.921808031817725
22,13,618,corrected,0.25,0,0.915881237597014
22,13,618,corrected,0.25,-1,0.917806582693209
22,14,1069,original,0.75,1,0.884171744671469
22,14,1069,original,0.75,2,0.893902582452696
22,14,1069,original,0.75,3,0.903497801505419
22,14,1069,original,0.75,4,0.911865352385651
22,14,1069,original,0.75,5,0.893799046603183
22,14,1069,original,0.75,6,0.892631250690764
22,14,1069,original,0.75,7,0.898905580505024
22,14,1069,original,0.75,8,0.901565527548579
22,14,1069,original,0.75,0,0.912340592933148
22,14,1069,original,0.75,-1,0.91264350494964
22,14,1069,original,0.5,1,0.751253769524334
22,14,1069,original,0.5,2,0.77037051117589
22,14,1069,original,0.5,3,0.789672379982365
22,14,1069,original,0.5,4,0.801946847116193
22,14,1069,original,0.5,5,0.769325749980453
22,14,1069,original,0.5,6,0.775769288332618
22,14,1069,original,0.5,7,0.76669773539831
22,14,1069,original,0.5,8,0.776620140914411
22,14,1069,original,0.5,0,0.778255429356922
22,14,1069,original,0.5,-1,0.799599630866464
22,14,1069,original,0.25,1,0.655527128546825
22,14,1069,original,0.25,2,0.675063248719486
22,14,1069,original,0.25,3,0.688868062642539
22,14,1069,original,0.25,4,0.693732808774288
22,14,1069,original,0.25,5,0.669585046121555
22,14,1069,original,0.25,6,0.676736295877778
22,14,1069,original,0.25,7,0.669522055105552
22,14,1069,original,0.25,8,0.681990170425683
22,14,1069,original,0.25,0,0.655386924082951
22,14,1069,original,0.25,-1,0.690120483254982
22,14,1069,corrected,0.75,1,0.90042992836209
22,14,1069,corrected,0.75,2,0.909782784015865
22,14,1069,corrected,0.75,3,0.901297573737486
22,14,1069,corrected,0.75,4,0.89619821515618
22,14,1069,corrected,0.75,5,0.902603162742603
22,14,1069,corrected,0.75,6,0.901600244186147
22,14,1069,corrected,0.75,7,0.909276914460179
22,14,1069,corrected,0.75,8,0.911552587942743
22,14,1069,corrected,0.75,0,0.915237713334645
22,14,1069,corrected,0.75,-1,0.916283503036524
22,14,1069,corrected,0.5,1,0.780236669946888
22,14,1069,corrected,0.5,2,0.797980464846832
22,14,1069,corrected,0.5,3,0.777137590105454
22,14,1069,corrected,0.5,4,0.783915365355844
22,14,1069,corrected,0.5,5,0.789596203150829
22,14,1069,corrected,0.5,6,0.785996180162533
22,14,1069,corrected,0.5,7,0.79480721006498
22,14,1069,corrected,0.5,8,0.794049433260583
22,14,1069,corrected,0.5,0,0.791068731118618
22,14,1069,corrected,0.5,-1,0.809558606905904
22,14,1069,corrected,0.25,1,0.675015136280342
22,14,1069,corrected,0.25,2,0.689712096298437
22,14,1069,corrected,0.25,3,0.673560844244203
22,14,1069,corrected,0.25,4,0.685757369688
22,14,1069,corrected,0.25,5,0.695280194247935
22,14,1069,corrected,0.25,6,0.684766038632499
22,14,1069,corrected,0.25,7,0.684941710319296
22,14,1069,corrected,0.25,8,0.680641722287188
22,14,1069,corrected,0.25,0,0.671203998266008
22,14,1069,corrected,0.25,-1,0.701473564605697
22,15,709,original,0.75,1,0.950743134956412
22,15,709,original,0.75,2,0.947561723335987
22,15,709,original,0.75,3,0.948981866432938
22,15,709,original,0.75,4,0.952878057218728
22,15,709,original,0.75,5,0.945583427771521
22,15,709,original,0.75,6,0.95308294775331
22,15,709,original,0.75,7,0.943375386430018
22,15,709,original,0.75,8,0.953607662330828
22,15,709,original,0.75,0,0.951985952354586
22,15,709,original,0.75,-1,0.949546004283925
22,15,709,original,0.5,1,0.899880433295359
22,15,709,original,0.5,2,0.89877686509403
22,15,709,original,0.5,3,0.887697956770552
22,15,709,original,0.5,4,0.898654274884036
22,15,709,original,0.5,5,0.891324731206021
22,15,709,original,0.5,6,0.905511815302099
22,15,709,original,0.5,7,0.888917838714609
22,15,709,original,0.5,8,0.904162348304967
22,15,709,original,0.5,0,0.901483930166253
22,15,709,original,0.5,-1,0.897427766685109
22,15,709,original,0.25,1,0.848796898244375
22,15,709,original,0.25,2,0.85180006426751
22,15,709,original,0.25,3,0.8237769408617
22,15,709,original,0.25,4,0.842950588539189
22,15,709,original,0.25,5,0.833955637936112
22,15,709,original,0.25,6,0.85601865522338
22,15,709,original,0.25,7,0.842411652908744
22,15,709,original,0.25,8,0.850376454676818
22,15,709,original,0.25,0,0.84284020178058
22,15,709,original,0.25,-1,0.84758209825796
22,15,709,corrected,0.75,1,0.950669449914519
22,15,709,corrected,0.75,2,0.950520226934778
22,15,709,corrected,0.75,3,0.951674723075656
22,15,709,corrected,0.75,4,0.95212803135889
22,15,709,corrected,0.75,5,0.952982376364719
22,15,709,corrected,0.75,6,0.954272218240898
22,15,709,corrected,0.75,7,0.95684494804531
22,15,709,corrected,0.75,8,0.955611242359892
22,15,709,corrected,0.75,0,0.952741508026182
22,15,709,corrected,0.75,-1,0.951769130672697
22,15,709,corrected,0.5,1,0.902137631844736
22,15,709,corrected,0.5,2,0.900786997203059
22,15,709,corrected,0.5,3,0.902307454499082
22,15,709,corrected,0.5,4,0.903069859742879
22,15,709,corrected,0.5,5,0.902501463254266
22,15,709,corrected,0.5,6,0.907827026722247
22,15,709,corrected,0.5,7,0.907111912307125
22,15,709,corrected,0.5,8,0.90929328864538
22,15,709,corrected,0.5,0,0.903519606000671
22,15,709,corrected,0.5,-1,0.901456711650233
22,15,709,corrected,0.25,1,0.853103026644608
22,15,709,corrected,0.25,2,0.851321287685084
22,15,709,corrected,0.25,3,0.851402147212034
22,15,709,corrected,0.25,4,0.854483798397759
22,15,709,corrected,0.25,5,0.854152879068991
22,15,709,corrected,0.25,6,0.85738522562453
22,15,709,corrected,0.25,7,0.856514240932487
22,15,709,corrected,0.25,8,0.858995070393903
22,15,709,corrected,0.25,0,0.850073006707873
22,15,709,corrected,0.25,-1,0.852288403898759
22,16,417,original,0.75,1,0.963776791755286
22,16,417,original,0.75,2,0.958620768402443
22,16,417,original,0.75,3,0.961550406381099
22,16,417,original,0.75,4,0.958559840445503
22,16,417,original,0.75,5,0.961178748539237
22,16,417,original,0.75,6,0.963646164571627
22,16,417,original,0.75,7,0.961975463799726
22,16,417,original,0.75,8,0.961860407954552
22,16,417,original,0.75,0,0.967738389970799
22,16,417,original,0.75,-1,0.970089285818482
22,16,417,original,0.5,1,0.899696217181051
22,16,417,original,0.5,2,0.890876655668665
22,16,417,original,0.5,3,0.898355726389696
22,16,417,original,0.5,4,0.893162977336668
22,16,417,original,0.5,5,0.90290802145301
22,16,417,original,0.5,6,0.897355515690732
22,16,417,original,0.5,7,0.899885559412279
22,16,417,original,0.5,8,0.898709689208068
22,16,417,original,0.5,0,0.908935620863365
22,16,417,original,0.5,-1,0.915173317871152
22,16,417,original,0.25,1,0.840477013333866
22,16,417,original,0.25,2,0.84008968023172
22,16,417,original,0.25,3,0.847948898766483
22,16,417,original,0.25,4,0.843941277560591
22,16,417,original,0.25,5,0.854624424843156
22,16,417,original,0.25,6,0.843626197692734
22,16,417,original,0.25,7,0.846773123391296
22,16,417,original,0.25,8,0.838512749282011
22,16,417,original,0.25,0,0.848622374483786
22,16,417,original,0.25,-1,0.858595419078114
22,16,417,corrected,0.75,1,0.965988582282573
22,16,417,corrected,0.75,2,0.962599570270794
22,16,417,corrected,0.75,3,0.966222963593878
22,16,417,corrected,0.75,4,0.965125363503872
22,16,417,corrected,0.75,5,0.965303740975401
22,16,417,corrected,0.75,6,0.963457874332694
22,16,417,corrected,0.75,7,0.964470746881347
22,16,417,corrected,0.75,8,0.969105059780065
22,16,417,corrected,0.75,0,0.967924070545032
22,16,417,corrected,0.75,-1,0.970682103642291
22,16,417,corrected,0.5,1,0.908434532023742
22,16,417,corrected,0.5,2,0.904408823194658
22,16,417,corrected,0.5,3,0.91077095500737
22,16,417,corrected,0.5,4,0.901208063073072
22,16,417,corrected,0.5,5,0.910140636256729
22,16,417,corrected,0.5,6,0.904298953877958
22,16,417,corrected,0.5,7,0.902034952545914
22,16,417,corrected,0.5,8,0.910661430289629
22,16,417,corrected,0.5,0,0.911790727961625
22,16,417,corrected,0.5,-1,0.918828914818508
22,16,417,corrected,0.25,1,0.859794671699084
22,16,417,corrected,0.25,2,0.857416043005069
22,16,417,corrected,0.25,3,0.863562229491053
22,16,417,corrected,0.25,4,0.848227675190006
22,16,417,corrected,0.25,5,0.86214697326601
22,16,417,corrected,0.25,6,0.856018328880666
22,16,417,corrected,0.25,7,0.853572485455923
22,16,417,corrected,0.25,8,0.859851291881795
22,16,417,corrected,0.25,0,0.859814945945495
22,16,417,corrected,0.25,-1,0.870070754712096
22,17,615,original,0.75,1,0.969073221736252
22,17,615,original,0.75,2,0.971093582252732
22,17,615,original,0.75,3,0.96226365932807
22,17,615,original,0.75,4,0.956804949444301
22,17,615,original,0.75,5,0.97256445642536
22,17,615,original,0.75,6,0.967435572075932
22,17,615,original,0.75,7,0.962695059747437
22,17,615,original,0.75,8,0.974566245205018
22,17,615,original,0.75,0,0.97946482285842
22,17,615,original,0.75,-1,0.975045147471974
22,17,615,original,0.5,1,0.936147097487192
22,17,615,original,0.5,2,0.941017902690495
22,17,615,original,0.5,3,0.929680363369035
22,17,615,original,0.5,4,0.916366963601732
22,17,615,original,0.5,5,0.940556364274244
22,17,615,original,0.5,6,0.935230200588657
22,17,615,original,0.5,7,0.927608537976442
22,17,615,original,0.5,8,0.947165807916476
22,17,615,original,0.5,0,0.950752161319356
22,17,615,original,0.5,-1,0.941533735745365
22,17,615,original,0.25,1,0.91889057112823
22,17,615,original,0.25,2,0.923565542525659
22,17,615,original,0.25,3,0.920387697006742
22,17,615,original,0.25,4,0.899747861624207
22,17,615,original,0.25,5,0.922721709826618
22,17,615,original,0.25,6,0.921344742690275
22,17,615,original,0.25,7,0.909421577985448
22,17,615,original,0.25,8,0.930579604060416
22,17,615,original,0.25,0,0.921758950924177
22,17,615,original,0.25,-1,0.917496583960975
22,17,615,corrected,0.75,1,0.974491681746914
22,17,615,corrected,0.75,2,0.972072130171899
22,17,615,corrected,0.75,3,0.968158434304499
22,17,615,corrected,0.75,4,0.978094490356019
22,17,615,corrected,0.75,5,0.967726402310706
22,17,615,corrected,0.75,6,0.96589676754044
22,17,615,corrected,0.75,7,0.973391253909597
22,17,615,corrected,0.75,8,0.972668363004492
22,17,615,corrected,0.75,0,0.980046375918379
22,17,615,corrected,0.75,-1,0.976624962415954
22,17,615,corrected,0.5,1,0.94694788463018
22,17,615,corrected,0.5,2,0.944193756408639
22,17,615,corrected,0.5,3,0.935499645511633
22,17,615,corrected,0.5,4,0.953037918785037
22,17,615,corrected,0.5,5,0.940183654079311
22,17,615,corrected,0.5,6,0.935883207317931
22,17,615,corrected,0.5,7,0.939202424828686
22,17,615,corrected,0.5,8,0.944627046502097
22,17,615,corrected,0.5,0,0.955354574934833
22,17,615,corrected,0.5,-1,0.947783179530397
22,17,615,corrected,0.25,1,0.932787494162011
22,17,615,corrected,0.25,2,0.932220045748262
22,17,615,corrected,0.25,3,0.924536829911153
22,17,615,corrected,0.25,4,0.936692557547758
22,17,615,corrected,0.25,5,0.936006239323116
22,17,615,corrected,0.25,6,0.929393118215858
22,17,615,corrected,0.25,7,0.922954070077746
22,17,615,corrected,0.25,8,0.929089210927759
22,17,615,corrected,0.25,0,0.935211531614633
22,17,615,corrected,0.25,-1,0.930084996208854
22,18,507,original,0.75,1,0.942209193020177
22,18,507,original,0.75,2,0.948897126324901
22,18,507,original,0.75,3,0.932322233714434
22,18,507,original,0.75,4,0.937615001129193
22,18,507,original,0.75,5,0.935253373558087
22,18,507,original,0.75,6,0.943504378998389
22,18,507,original,0.75,7,0.927833264572604
22,18,507,original,0.75,8,0.938537584109455
22,18,507,original,0.75,0,0.952649656697525
22,18,507,original,0.75,-1,0.954073695616599
22,18,507,original,0.5,1,0.883560936976454
22,18,507,original,0.5,2,0.890248920927525
22,18,507,original,0.5,3,0.885598631764042
22,18,507,original,0.5,4,0.884395048705629
22,18,507,original,0.5,5,0.882924468945456
22,18,507,original,0.5,6,0.885599018605001
22,18,507,original,0.5,7,0.868422841615967
22,18,507,original,0.5,8,0.883767777199739
22,18,507,original,0.5,0,0.89783908890852
22,18,507,original,0.5,-1,0.904890904082103
22,18,507,original,0.25,1,0.845906679531645
22,18,507,original,0.25,2,0.849352853047103
22,18,507,original,0.25,3,0.864983862495258
22,18,507,original,0.25,4,0.852252400521923
22,18,507,original,0.25,5,0.853925286445137
22,18,507,original,0.25,6,0.850627347569883
22,18,507,original,0.25,7,0.841512493913025
22,18,507,original,0.25,8,0.849424596026825
22,18,507,original,0.25,0,0.8515141510311
22,18,507,original,0.25,-1,0.86700152507688
22,18,507,corrected,0.75,1,0.944761838420823
22,18,507,corrected,0.75,2,0.953549070238622
22,18,507,corrected,0.75,3,0.950393673780322
22,18,507,corrected,0.75,4,0.948246765739247
22,18,507,corrected,0.75,5,0.942980188059165
22,18,507,corrected,0.75,6,0.943871563091748
22,18,507,corrected,0.75,7,0.948809320504433
22,18,507,corrected,0.75,8,0.944588372354036
22,18,507,corrected,0.75,0,0.953249733636717
22,18,507,corrected,0.75,-1,0.955733251778937
22,18,507,corrected,0.5,1,0.89492044301799
22,18,507,corrected,0.5,2,0.908230580681909
22,18,507,corrected,0.5,3,0.899028302975423
22,18,507,corrected,0.5,4,0.898931269831136
22,18,507,corrected,0.5,5,0.891208127122704
22,18,507,corrected,0.5,6,0.896761100875797
22,18,507,corrected,0.5,7,0.904773273124992
22,18,507,corrected,0.5,8,0.888178677385701
22,18,507,corrected,0.5,0,0.902713264032043
22,18,507,corrected,0.5,-1,0.909572426281137
22,18,507,corrected,0.25,1,0.866745898900415
22,18,507,corrected,0.25,2,0.878277576386529
22,18,507,corrected,0.25,3,0.872704244910845
22,18,507,corrected,0.25,4,0.86962407398888
22,18,507,corrected,0.25,5,0.870945956898999
22,18,507,corrected,0.25,6,0.869659382322676
22,18,507,corrected,0.25,7,0.878516109300353
22,18,507,corrected,0.25,8,0.859714632838514
22,18,507,corrected,0.25,0,0.868313921271632
22,18,507,corrected,0.25,-1,0.878931792539649
22,19,829,original,0.75,1,0.801616514226437
22,19,829,original,0.75,2,0.800000674543594
22,19,829,original,0.75,3,0.804578438309082
22,19,829,original,0.75,4,0.80434754362799
22,19,829,original,0.75,5,0.802226952125651
22,19,829,original,0.75,6,0.801781665614291
22,19,829,original,0.75,7,0.799659491488423
22,19,829,original,0.75,8,0.799723454828199
22,19,829,original,0.75,0,0.804851636695842
22,19,829,original,0.75,-1,0.810446013654369
22,19,829,original,0.5,1,0.733418560686299
22,19,829,original,0.5,2,0.730478874142407
22,19,829,original,0.5,3,0.737670038573419
22,19,829,original,0.5,4,0.717264724951168
22,19,829,original,0.5,5,0.737255840526164
22,19,829,original,0.5,6,0.731018472665277
22,19,829,original,0.5,7,0.726541590349855
22,19,829,original,0.5,8,0.723685129617258
22,19,829,original,0.5,0,0.727697997682242
22,19,829,original,0.5,-1,0.741818566506469
22,19,829,original,0.25,1,0.684378842621323
22,19,829,original,0.25,2,0.687350787559873
22,19,829,original,0.25,3,0.688623850414598
22,19,829,original,0.25,4,0.662061946026399
22,19,829,original,0.25,5,0.68884733808593
22,19,829,original,0.25,6,0.684234008731045
22,19,829,original,0.25,7,0.684559800473731
22,19,829,original,0.25,8,0.681668881525924
22,19,829,original,0.25,0,0.672755473629542
22,19,829,original,0.25,-1,0.691657991362732
22,19,829,corrected,0.75,1,0.81433988009673
22,19,829,corrected,0.75,2,0.805364677258852
22,19,829,corrected,0.75,3,0.798522543466624
22,19,829,corrected,0.75,4,0.819028949795986
22,19,829,corrected,0.75,5,0.801066012396091
22,19,829,corrected,0.75,6,0.806242101067049
22,19,829,corrected,0.75,7,0.803689857523716
22,19,829,corrected,0.75,8,0.803739138034334
22,19,829,corrected,0.75,0,0.807902628973731
22,19,829,corrected,0.75,-1,0.815018553021217
22,19,829,corrected,0.5,1,0.753483462837513
22,19,829,corrected,0.5,2,0.745146612613996
22,19,829,corrected,0.5,3,0.743717727795758
22,19,829,corrected,0.5,4,0.757371956663087
22,19,829,corrected,0.5,5,0.740303534261725
22,19,829,corrected,0.5,6,0.751864088727398
22,19,829,corrected,0.5,7,0.744392363190871
22,19,829,corrected,0.5,8,0.743099916665466
22,19,829,corrected,0.5,0,0.743193425093136
22,19,829,corrected,0.5,-1,0.759429446507592
22,19,829,corrected,0.25,1,0.717127955679203
22,19,829,corrected,0.25,2,0.707802591376379
22,19,829,corrected,0.25,3,0.715094509551689
22,19,829,corrected,0.25,4,0.714538514011998
22,19,829,corrected,0.25,5,0.706065588047127
22,19,829,corrected,0.25,6,0.713945824356207
22,19,829,corrected,0.25,7,0.711554870924435
22,19,829,corrected,0.25,8,0.706020626608315
22,19,829,corrected,0.25,0,0.701487250965966
22,19,829,corrected,0.25,-1,0.721513734594579
22,20,769,original,0.75,1,0.933239718482614
22,20,769,original,0.75,2,0.930123213360315
22,20,769,original,0.75,3,0.93530741465509
22,20,769,original,0.75,4,0.94216468652679
22,20,769,original,0.75,5,0.940459067649277
22,20,769,original,0.75,6,0.937226943603746
22,20,769,original,0.75,7,0.941923784332134
22,20,769,original,0.75,8,0.938531342177851
22,20,769,original,0.75,0,0.945295214646439
22,20,769,original,0.75,-1,0.944401656760926
22,20,769,original,0.5,1,0.874909633764688
22,20,769,original,0.5,2,0.871313042649908
22,20,769,original,0.5,3,0.886576431590422
22,20,769,original,0.5,4,0.894286183164553
22,20,769,original,0.5,5,0.892880185243025
22,20,769,original,0.5,6,0.887667962079677
22,20,769,original,0.5,7,0.890053597157158
22,20,769,original,0.5,8,0.888940802945214
22,20,769,original,0.5,0,0.895169799341806
22,20,769,original,0.5,-1,0.898566230573127
22,20,769,original,0.25,1,0.822696304541011
22,20,769,original,0.25,2,0.817271377787084
22,20,769,original,0.25,3,0.832788047564416
22,20,769,original,0.25,4,0.842678727067424
22,20,769,original,0.25,5,0.839954925472138
22,20,769,original,0.25,6,0.839281482131888
22,20,769,original,0.25,7,0.837928900899976
22,20,769,original,0.25,8,0.838923540330776
22,20,769,original,0.25,0,0.834398039697327
22,20,769,original,0.25,-1,0.847700682894794
22,20,769,corrected,0.75,1,0.936355170051568
22,20,769,corrected,0.75,2,0.941463368659053
22,20,769,corrected,0.75,3,0.937779323878969
22,20,769,corrected,0.75,4,0.934369007533961
22,20,769,corrected,0.75,5,0.936579352961473
22,20,769,corrected,0.75,6,0.937901933791666
22,20,769,corrected,0.75,7,0.941916547084955
22,20,769,corrected,0.75,8,0.940371503157874
22,20,769,corrected,0.75,0,0.946811375628162
22,20,769,corrected,0.75,-1,0.946729419716281
22,20,769,corrected,0.5,1,0.891119068227755
22,20,769,corrected,0.5,2,0.894151815177754
22,20,769,corrected,0.5,3,0.889687295709531
22,20,769,corrected,0.5,4,0.881187569648348
22,20,769,corrected,0.5,5,0.888856976409235
22,20,769,corrected,0.5,6,0.891297816503747
22,20,769,corrected,0.5,7,0.892514256616433
22,20,769,corrected,0.5,8,0.893225985551378
22,20,769,corrected,0.5,0,0.903378310707868
22,20,769,corrected,0.5,-1,0.905676030285697
22,20,769,corrected,0.25,1,0.854594587747852
22,20,769,corrected,0.25,2,0.852394146404776
22,20,769,corrected,0.25,3,0.850240867114864
22,20,769,corrected,0.25,4,0.839204568414235
22,20,769,corrected,0.25,5,0.846450030672586
22,20,769,corrected,0.25,6,0.850597342200235
22,20,769,corrected,0.25,7,0.845240698456726
22,20,769,corrected,0.25,8,0.85114460924615
22,20,769,corrected,0.25,0,0.855836454465663
22,20,769,corrected,0.25,-1,0.86264202520061
22,21,571,original,0.75,1,0.877305539885498
22,21,571,original,0.75,2,0.888717827145482
22,21,571,original,0.75,3,0.897578597242766
22,21,571,original,0.75,4,0.879857445883608
22,21,571,original,0.75,5,0.884816458926759
22,21,571,original,0.75,6,0.882274684130081
22,21,571,original,0.75,7,0.89328439965303
22,21,571,original,0.75,8,0.876302059072269
22,21,571,original,0.75,0,0.916286934859485
22,21,571,original,0.75,-1,0.908998036306582
22,21,571,original,0.5,1,0.822668973322706
22,21,571,original,0.5,2,0.845052678492819
22,21,571,original,0.5,3,0.843927979563735
22,21,571,original,0.5,4,0.824899050238982
22,21,571,original,0.5,5,0.83052642158674
22,21,571,original,0.5,6,0.826818682008161
22,21,571,original,0.5,7,0.840820566150236
22,21,571,original,0.5,8,0.829912798325701
22,21,571,original,0.5,0,0.8668309884197
22,21,571,original,0.5,-1,0.85458122872393
22,21,571,original,0.25,1,0.792630802786358
22,21,571,original,0.25,2,0.816858362885947
22,21,571,original,0.25,3,0.806496963504527
22,21,571,original,0.25,4,0.803289320541266
22,21,571,original,0.25,5,0.809148734442749
22,21,571,original,0.25,6,0.794803668779822
22,21,571,original,0.25,7,0.803096885369145
22,21,571,original,0.25,8,0.81601104901638
22,21,571,original,0.25,0,0.824498193984784
22,21,571,original,0.25,-1,0.818151528023071
22,21,571,corrected,0.75,1,0.902247114477409
22,21,571,corrected,0.75,2,0.89965458133151
22,21,571,corrected,0.75,3,0.885858079837988
22,21,571,corrected,0.75,4,0.894136364310072
22,21,571,corrected,0.75,5,0.905251638125897
22,21,571,corrected,0.75,6,0.909887808906679
22,21,571,corrected,0.75,7,0.905815229880293
22,21,571,corrected,0.75,8,0.883786941602693
22,21,571,corrected,0.75,0,0.918346626868824
22,21,571,corrected,0.75,-1,0.916589892188178
22,21,571,corrected,0.5,1,0.861126254370516
22,21,571,corrected,0.5,2,0.854669808179084
22,21,571,corrected,0.5,3,0.846585551198766
22,21,571,corrected,0.5,4,0.85261684305481
22,21,571,corrected,0.5,5,0.864641770468705
22,21,571,corrected,0.5,6,0.868369489734175
22,21,571,corrected,0.5,7,0.867072137772115
22,21,571,corrected,0.5,8,0.845001639559577
22,21,571,corrected,0.5,0,0.878310548199957
22,21,571,corrected,0.5,-1,0.871518897172469
22,21,571,corrected,0.25,1,0.842636484911499
22,21,571,corrected,0.25,2,0.836669609609714
22,21,571,corrected,0.25,3,0.832671932091803
22,21,571,corrected,0.25,4,0.837435299248032
22,21,571,corrected,0.25,5,0.840891726009736
22,21,571,corrected,0.25,6,0.840576693888095
22,21,571,corrected,0.25,7,0.844806825209867
22,21,571,corrected,0.25,8,0.834466499054665
22,21,571,corrected,0.25,0,0.848734100714687
22,21,571,corrected,0.25,-1,0.843549257571609
22,22,875,original,0.75,1,0.67978582980765
22,22,875,original,0.75,2,0.666272878550528
22,22,875,original,0.75,3,0.657515119111629
22,22,875,original,0.75,4,0.652984661444953
22,22,875,original,0.75,5,0.654392803936115
22,22,875,original,0.75,6,0.654739779280691
22,22,875,original,0.75,7,0.690451624738022
22,22,875,original,0.75,8,0.682145082388202
22,22,875,original,0.75,0,0.680680094983473
22,22,875,original,0.75,-1,0.690182128412409
22,22,875,original,0.5,1,0.645947721196785
22,22,875,original,0.5,2,0.633213331287578
22,22,875,original,0.5,3,0.613272729975956
22,22,875,original,0.5,4,0.613984723168151
22,22,875,original,0.5,5,0.62884701191337
22,22,875,original,0.5,6,0.638974866188482
22,22,875,original,0.5,7,0.638448863233982
22,22,875,original,0.5,8,0.639343477851797
22,22,875,original,0.5,0,0.618985762356071
22,22,875,original,0.5,-1,0.629867350446919
22,22,875,original,0.25,1,0.597567484467132
22,22,875,original,0.25,2,0.58475352188821
22,22,875,original,0.25,3,0.571508586754181
22,22,875,original,0.25,4,0.570770887809725
22,22,875,original,0.25,5,0.580612821222741
22,22,875,original,0.25,6,0.594862634503989
22,22,875,original,0.25,7,0.59272891955992
22,22,875,original,0.25,8,0.59333034961102
22,22,875,original,0.25,0,0.56063146317033
22,22,875,original,0.25,-1,0.58026326181673
22,22,875,corrected,0.75,1,0.669242772714299
22,22,875,corrected,0.75,2,0.670111081627973
22,22,875,corrected,0.75,3,0.672165053016765
22,22,875,corrected,0.75,4,0.683749574838806
22,22,875,corrected,0.75,5,0.637550666253867
22,22,875,corrected,0.75,6,0.6795360086792
22,22,875,corrected,0.75,7,0.681676514858107
22,22,875,corrected,0.75,8,0.665977969997702
22,22,875,corrected,0.75,0,0.68346188506359
22,22,875,corrected,0.75,-1,0.693243118804517
22,22,875,corrected,0.5,1,0.634883671574774
22,22,875,corrected,0.5,2,0.644170069852807
22,22,875,corrected,0.5,3,0.638042036222214
22,22,875,corrected,0.5,4,0.638288509078798
22,22,875,corrected,0.5,5,0.629651438997659
22,22,875,corrected,0.5,6,0.644930146877427
22,22,875,corrected,0.5,7,0.648733630122846
22,22,875,corrected,0.5,8,0.634769108274895
22,22,875,corrected,0.5,0,0.636306588394449
22,22,875,corrected,0.5,-1,0.644382208917163
22,22,875,corrected,0.25,1,0.609500066302041
22,22,875,corrected,0.25,2,0.616649880080479
22,22,875,corrected,0.25,3,0.609108970445651
22,22,875,corrected,0.25,4,0.606998670909536
22,22,875,corrected,0.25,5,0.607203464600271
22,22,875,corrected,0.25,6,0.614138794373584
22,22,875,corrected,0.25,7,0.617119313996273
22,22,875,corrected,0.25,8,0.609259531493177
22,22,875,corrected,0.25,0,0.5980153541487
22,22,875,corrected,0.25,-1,0.608395039957314
22,23,712,original,0.75,1,0.71568010053231
22,23,712,original,0.75,2,0.714904673443724
22,23,712,original,0.75,3,0.711809434839495
22,23,712,original,0.75,4,0.71640229985215
22,23,712,original,0.75,5,0.713021044036856
22,23,712,original,0.75,6,0.715514369657169
22,23,712,original,0.75,7,0.703819498418889
22,23,712,original,0.75,8,0.707639728692253
22,23,712,original,0.75,0,0.714370124552924
22,23,712,original,0.75,-1,0.723231809448948
22,23,712,original,0.5,1,0.66139549359214
22,23,712,original,0.5,2,0.66418464970204
22,23,712,original,0.5,3,0.661496687627364
22,23,712,original,0.5,4,0.674513070589009
22,23,712,original,0.5,5,0.669006432078643
22,23,712,original,0.5,6,0.670697951064323
22,23,712,original,0.5,7,0.652453873178283
22,23,712,original,0.5,8,0.656067675983151
22,23,712,original,0.5,0,0.664007391927729
22,23,712,original,0.5,-1,0.672061246848375
22,23,712,original,0.25,1,0.651328321710015
22,23,712,original,0.25,2,0.658125961295609
22,23,712,original,0.25,3,0.655156955623781
22,23,712,original,0.25,4,0.667887352919245
22,23,712,original,0.25,5,0.66356187656667
22,23,712,original,0.25,6,0.662974355588385
22,23,712,original,0.25,7,0.646066378670173
22,23,712,original,0.25,8,0.649255817132994
22,23,712,original,0.25,0,0.650614436608161
22,23,712,original,0.25,-1,0.653657763580348
22,23,712,corrected,0.75,1,0.707043332934663
22,23,712,corrected,0.75,2,0.716110844018775
22,23,712,corrected,0.75,3,0.724551208521031
22,23,712,corrected,0.75,4,0.721051904728308
22,23,712,corrected,0.75,5,0.716312604927918
22,23,712,corrected,0.75,6,0.716061422767359
22,23,712,corrected,0.75,7,0.717815885827179
22,23,712,corrected,0.75,8,0.724857032420122
22,23,712,corrected,0.75,0,0.717477622939332
22,23,712,corrected,0.75,-1,0.727018580695627
22,23,712,corrected,0.5,1,0.658354711874655
22,23,712,corrected,0.5,2,0.676577190796296
22,23,712,corrected,0.5,3,0.679483318494086
22,23,712,corrected,0.5,4,0.671861159878754
22,23,712,corrected,0.5,5,0.671700410313561
22,23,712,corrected,0.5,6,0.666634881501739
22,23,712,corrected,0.5,7,0.675205617225448
22,23,712,corrected,0.5,8,0.688014045923459
22,23,712,corrected,0.5,0,0.671354404337071
22,23,712,corrected,0.5,-1,0.681985439931938
22,23,712,corrected,0.25,1,0.658762177408475
22,23,712,corrected,0.25,2,0.674035682268842
22,23,712,corrected,0.25,3,0.672945308359109
22,23,712,corrected,0.25,4,0.668421738069016
22,23,712,corrected,0.25,5,0.670337513906026
22,23,712,corrected,0.25,6,0.662939483679363
22,23,712,corrected,0.25,7,0.674657885722778
22,23,712,corrected,0.25,8,0.685107550582651
22,23,712,corrected,0.25,0,0.665462845628936
22,23,712,corrected,0.25,-1,0.67153172460271
22,24,552,original,0.75,1,0.909431459312506
22,24,552,original,0.75,2,0.910419277497123
22,24,552,original,0.75,3,0.907865800461483
22,24,552,original,0.75,4,0.923352218299128
22,24,552,original,0.75,5,0.9141899825117
22,24,552,original,0.75,6,0.916089677640115
22,24,552,original,0.75,7,0.918490047089209
22,24,552,original,0.75,8,0.899425906435197
22,24,552,original,0.75,0,0.927379221434861
22,24,552,original,0.75,-1,0.925718504642457
22,24,552,original,0.5,1,0.865942979935114
22,24,552,original,0.5,2,0.871930363802024
22,24,552,original,0.5,3,0.858595616243525
22,24,552,original,0.5,4,0.88224301177582
22,24,552,original,0.5,5,0.870837534283058
22,24,552,original,0.5,6,0.875125235486075
22,24,552,original,0.5,7,0.871500914785175
22,24,552,original,0.5,8,0.844869856684337
22,24,552,original,0.5,0,0.881388257194835
22,24,552,original,0.5,-1,0.888195598986486
22,24,552,original,0.25,1,0.841251637913324
22,24,552,original,0.25,2,0.842288865244684
22,24,552,original,0.25,3,0.824566895482745
22,24,552,original,0.25,4,0.849906605089737
22,24,552,original,0.25,5,0.838352065075609
22,24,552,original,0.25,6,0.844438773500808
22,24,552,original,0.25,7,0.834854975854809
22,24,552,original,0.25,8,0.814497614114938
22,24,552,original,0.25,0,0.838277790710394
22,24,552,original,0.25,-1,0.855292341508582
22,24,552,corrected,0.75,1,0.916835017763827
22,24,552,corrected,0.75,2,0.910803750304291
22,24,552,corrected,0.75,3,0.917898872033402
22,24,552,corrected,0.75,4,0.919140610065573
22,24,552,corrected,0.75,5,0.914205693493803
22,24,552,corrected,0.75,6,0.914385878383463
22,24,552,corrected,0.75,7,0.915359321008744
22,24,552,corrected,0.75,8,0.908201094585084
22,24,552,corrected,0.75,0,0.927843565717243
22,24,552,corrected,0.75,-1,0.926848446041964
22,24,552,corrected,0.5,1,0.879116889120646
22,24,552,corrected,0.5,2,0.869671770652192
22,24,552,corrected,0.5,3,0.882024408378443
22,24,552,corrected,0.5,4,0.882362391346073
22,24,552,corrected,0.5,5,0.876660493778962
22,24,552,corrected,0.5,6,0.881574644291222
22,24,552,corrected,0.5,7,0.877822455563311
22,24,552,corrected,0.5,8,0.870346981976238
22,24,552,corrected,0.5,0,0.885856027730257
22,24,552,corrected,0.5,-1,0.889912496554569
22,24,552,corrected,0.25,1,0.852862542900014
22,24,552,corrected,0.25,2,0.842791575403082
22,24,552,corrected,0.25,3,0.857326758820997
22,24,552,corrected,0.25,4,0.856985338814302
22,24,552,corrected,0.25,5,0.850595414473223
22,24,552,corrected,0.25,6,0.855910835670671
22,24,552,corrected,0.25,7,0.854559327976521
22,24,552,corrected,0.25,8,0.848106067625696
22,24,552,corrected,0.25,0,0.850770040640783
22,24,552,corrected,0.25,-1,0.860480269010922
