chr,block_id,w_eur,af_bin,m_bin,af_bin_lo,af_bin_hi,delta,r2_l0,r2_l1,diff
22,1,0.75,1,85,0.000627294981640131,0.0852529676320248,0.001,0.642720079995584,0.638360691270339,-0.00435938872524488
22,1,0.75,1,85,0.000627294981640131,0.0852529676320248,0.01,0.641941903675549,0.638374216757338,-0.00356768691821041
22,1,0.75,1,85,0.000627294981640131,0.0852529676320248,0.1,0.655988111874051,0.655027132915579,-0.000960978958472802
22,1,0.75,2,85,0.0852529676320248,0.180294662197568,0.001,0.901614644706928,0.903713475713908,0.00209883100698005
22,1,0.75,2,85,0.0852529676320248,0.180294662197568,0.01,0.900257257510152,0.904489011188677,0.00423175367852446
22,1,0.75,2,85,0.0852529676320248,0.180294662197568,0.1,0.872202172612829,0.880532289322522,0.00833011670969253
22,1,0.75,3,85,0.180294662197568,0.48813166637524,0.001,0.329178672190713,0.35731489473957,0.0281362225488568
22,1,0.75,3,85,0.180294662197568,0.48813166637524,0.01,0.327190443253589,0.359804575339181,0.0326141320855918
22,1,0.75,3,85,0.180294662197568,0.48813166637524,0.1,0.36073516940361,0.420295325557457,0.059560156153847
22,1,0.5,1,85,0.000627294981640131,0.0852529676320248,0.001,0.202466163870409,0.159287683445372,-0.0431784804250372
22,1,0.5,1,85,0.000627294981640131,0.0852529676320248,0.01,0.152377022970266,0.122201934704713,-0.0301750882655535
22,1,0.5,1,85,0.000627294981640131,0.0852529676320248,0.1,0.158521816867806,0.134812530106663,-0.0237092867611428
22,1,0.5,2,85,0.0852529676320248,0.180294662197568,0.001,0.713565899156592,0.716692883713447,0.00312698455685567
22,1,0.5,2,85,0.0852529676320248,0.180294662197568,0.01,0.709546265685926,0.715026839672747,0.00548057398682134
22,1,0.5,2,85,0.0852529676320248,0.180294662197568,0.1,0.674674084963568,0.686212729740103,0.0115386447765351
22,1,0.5,3,85,0.180294662197568,0.48813166637524,0.001,0.431895001117168,0.435782212759716,0.00388721164254835
22,1,0.5,3,85,0.180294662197568,0.48813166637524,0.01,0.42018522981572,0.427015471155676,0.00683024133995675
22,1,0.5,3,85,0.180294662197568,0.48813166637524,0.1,0.40986403486276,0.433696489589981,0.0238324547272217
22,1,0.25,1,85,0.000627294981640131,0.0852529676320248,0.001,0.425673687270825,0.359993761084424,-0.0656799261864018
22,1,0.25,1,85,0.000627294981640131,0.0852529676320248,0.01,0.319996446908512,0.254585406349686,-0.0654110405588259
22,1,0.25,1,85,0.000627294981640131,0.0852529676320248,0.1,0.347257482970031,0.271286124183039,-0.0759713587869915
22,1,0.25,2,85,0.0852529676320248,0.180294662197568,0.001,0.530170718253164,0.526664392848344,-0.00350632540481988
22,1,0.25,2,85,0.0852529676320248,0.180294662197568,0.01,0.52280606484295,0.520365778206939,-0.00244028663601115
22,1,0.25,2,85,0.0852529676320248,0.180294662197568,0.1,0.495667132980165,0.498597369459772,0.00293023647960677
22,1,0.25,3,85,0.180294662197568,0.48813166637524,0.001,0.557188240903895,0.544180768353129,-0.013007472550766
22,1,0.25,3,85,0.180294662197568,0.48813166637524,0.01,0.544628134258684,0.532870708633364,-0.0117574256253191
22,1,0.25,3,85,0.180294662197568,0.48813166637524,0.1,0.511218522403427,0.505798065508112,-0.00542045689531523
22,2,0.75,1,104,0.00040277388624263,0.093218875677566,0.001,0.442961318155206,0.411403277541234,-0.0315580406139724
22,2,0.75,1,104,0.00040277388624263,0.093218875677566,0.01,0.470032600989173,0.438818764341959,-0.0312138366472134
22,2,0.75,1,104,0.00040277388624263,0.093218875677566,0.1,0.401040520135593,0.366603099629292,-0.0344374205063015
22,2,0.75,2,103,0.093218875677566,0.191894450621429,0.001,0.289452996036097,0.361326584175958,0.0718735881398611
22,2,0.75,2,103,0.093218875677566,0.191894450621429,0.01,0.337706798883859,0.405577747134808,0.0678709482509484
22,2,0.75,2,103,0.093218875677566,0.191894450621429,0.1,0.349301177196109,0.386658176562629,0.0373569993665198
22,2,0.75,3,103,0.191894450621429,0.601345296380486,0.001,0.946908900443245,0.921905063585525,-0.0250038368577198
22,2,0.75,3,103,0.191894450621429,0.601345296380486,0.01,0.940943832253298,0.920103541727866,-0.0208402905254318
22,2,0.75,3,103,0.191894450621429,0.601345296380486,0.1,0.938687165363917,0.918900364412688,-0.0197868009512284
22,2,0.5,1,104,0.00040277388624263,0.093218875677566,0.001,0.211205730601972,0.184155222831567,-0.0270505077704057
22,2,0.5,1,104,0.00040277388624263,0.093218875677566,0.01,0.24781260190349,0.210561746787759,-0.0372508551157315
22,2,0.5,1,104,0.00040277388624263,0.093218875677566,0.1,0.219484024523455,0.179764147061081,-0.0397198774623742
22,2,0.5,2,103,0.093218875677566,0.191894450621429,0.001,0.316104894798825,0.445823856345108,0.129718961546283
22,2,0.5,2,103,0.093218875677566,0.191894450621429,0.01,0.334684405545249,0.455678009968801,0.120993604423552
22,2,0.5,2,103,0.093218875677566,0.191894450621429,0.1,0.342942304711382,0.433442525028181,0.0905002203167991
22,2,0.5,3,103,0.191894450621429,0.601345296380486,0.001,0.844555314973396,0.793828112654397,-0.0507272023189989
22,2,0.5,3,103,0.191894450621429,0.601345296380486,0.01,0.829736761446572,0.786016817391234,-0.0437199440553372
22,2,0.5,3,103,0.191894450621429,0.601345296380486,0.1,0.822567310447672,0.779471881475397,-0.0430954289722748
22,2,0.25,1,104,0.00040277388624263,0.093218875677566,0.001,0.171148183482259,0.170569763009865,-0.000578420472394425
22,2,0.25,1,104,0.00040277388624263,0.093218875677566,0.01,0.22654041583831,0.211640682607083,-0.0148997332312263
22,2,0.25,1,104,0.00040277388624263,0.093218875677566,0.1,0.242079343601044,0.219417035058738,-0.0226623085423056
22,2,0.25,2,103,0.093218875677566,0.191894450621429,0.001,0.320720179937548,0.433662785852488,0.112942605914941
22,2,0.25,2,103,0.093218875677566,0.191894450621429,0.01,0.329129922429626,0.43626429795146,0.107134375521834
22,2,0.25,2,103,0.093218875677566,0.191894450621429,0.1,0.344114455117319,0.433947936688732,0.0898334815714133
22,2,0.25,3,103,0.191894450621429,0.601345296380486,0.001,0.806500506036258,0.768529200102486,-0.0379713059337715
22,2,0.25,3,103,0.191894450621429,0.601345296380486,0.01,0.791448838459275,0.757345089957313,-0.0341037485019619
22,2,0.25,3,103,0.191894450621429,0.601345296380486,0.1,0.784554950625072,0.74830613024114,-0.036248820383932
22,3,0.75,1,239,0.000107296137339064,0.0862006032523168,0.001,0.914846655540828,0.907227999011562,-0.0076186565292663
22,3,0.75,1,239,0.000107296137339064,0.0862006032523168,0.01,0.920617131350946,0.912974222021031,-0.00764290932991529
22,3,0.75,1,239,0.000107296137339064,0.0862006032523168,0.1,0.913737146382027,0.909961261176914,-0.00377588520511329
22,3,0.75,2,238,0.0862006032523168,0.227640321734569,0.001,0.844588669155877,0.84344265140988,-0.00114601774599721
22,3,0.75,2,238,0.0862006032523168,0.227640321734569,0.01,0.858560416825728,0.858590913626673,3.04968009449125e-05
22,3,0.75,2,238,0.0862006032523168,0.227640321734569,0.1,0.87613367466287,0.878613374046216,0.00247969938334547
22,3,0.75,3,238,0.227640321734569,0.705152003362286,0.001,0.931453455691314,0.949371155454464,0.0179176997631495
22,3,0.75,3,238,0.227640321734569,0.705152003362286,0.01,0.937659063819835,0.952816637051293,0.0151575732314579
22,3,0.75,3,238,0.227640321734569,0.705152003362286,0.1,0.949248355566982,0.955917932950115,0.00666957738313234
22,3,0.5,1,239,0.000107296137339064,0.0862006032523168,0.001,0.759527207326493,0.758201697314308,-0.00132551001218462
22,3,0.5,1,239,0.000107296137339064,0.0862006032523168,0.01,0.76573363220034,0.763758150947836,-0.00197548125250435
22,3,0.5,1,239,0.000107296137339064,0.0862006032523168,0.1,0.751980900849726,0.753419300022637,0.00143839917291044
22,3,0.5,2,238,0.0862006032523168,0.227640321734569,0.001,0.578567198720882,0.571732312665446,-0.00683488605543536
22,3,0.5,2,238,0.0862006032523168,0.227640321734569,0.01,0.592163203663785,0.585612063472266,-0.00655114019151881
22,3,0.5,2,238,0.0862006032523168,0.227640321734569,0.1,0.650697659096138,0.648709712497464,-0.00198794659867463
22,3,0.5,3,238,0.227640321734569,0.705152003362286,0.001,0.908427939770421,0.942496953021727,0.0340690132513061
22,3,0.5,3,238,0.227640321734569,0.705152003362286,0.01,0.906366212234515,0.938046280163615,0.0316800679290998
22,3,0.5,3,238,0.227640321734569,0.705152003362286,0.1,0.912957248891734,0.93462829109037,0.0216710421986359
22,3,0.25,1,239,0.000107296137339064,0.0862006032523168,0.001,0.575974874435167,0.589567940985971,0.0135930665508046
22,3,0.25,1,239,0.000107296137339064,0.0862006032523168,0.01,0.583434918011324,0.596119093992615,0.0126841759812908
22,3,0.25,1,239,0.000107296137339064,0.0862006032523168,0.1,0.57231909452767,0.586649767829442,0.014330673301772
22,3,0.25,2,238,0.0862006032523168,0.227640321734569,0.001,0.435748993619006,0.429854894165275,-0.00589409945373054
22,3,0.25,2,238,0.0862006032523168,0.227640321734569,0.01,0.442863199921715,0.436295683300093,-0.00656751662162186
22,3,0.25,2,238,0.0862006032523168,0.227640321734569,0.1,0.505700683199671,0.502211202615889,-0.00348948058378173
22,3,0.25,3,238,0.227640321734569,0.705152003362286,0.001,0.898853466101222,0.925611851352023,0.0267583852508014
22,3,0.25,3,238,0.227640321734569,0.705152003362286,0.01,0.883679031474218,0.9126928637122,0.0290138322379822
22,3,0.25,3,238,0.227640321734569,0.705152003362286,0.1,0.883932754104624,0.90905124902628,0.0251184949216555
22,4,0.75,1,270,0.00106989858366852,0.0843831963630005,0.001,0.815834995434984,0.809012781326521,-0.00682221410846318
22,4,0.75,1,270,0.00106989858366852,0.0843831963630005,0.01,0.823840608446112,0.818190514237576,-0.00565009420853579
22,4,0.75,1,270,0.00106989858366852,0.0843831963630005,0.1,0.813724708617868,0.808410161727288,-0.00531454689057942
22,4,0.75,2,269,0.0843831963630005,0.176173354898875,0.001,0.951898325007627,0.956540199453661,0.00464187444603337
22,4,0.75,2,269,0.0843831963630005,0.176173354898875,0.01,0.953714654313166,0.957188628305738,0.00347397399257232
22,4,0.75,2,269,0.0843831963630005,0.176173354898875,0.1,0.946514289765017,0.950204035960001,0.00368974619498441
22,4,0.75,3,270,0.176173354898875,0.59566386930443,0.001,0.848548363599891,0.854908157798387,0.00635979419849519
22,4,0.75,3,270,0.176173354898875,0.59566386930443,0.01,0.842498694332617,0.845038336451462,0.0025396421188445
22,4,0.75,3,270,0.176173354898875,0.59566386930443,0.1,0.823666655757484,0.820829613281957,-0.00283704247552685
22,4,0.5,1,270,0.00106989858366852,0.0843831963630005,0.001,0.777271423150231,0.768048882017578,-0.00922254113265264
22,4,0.5,1,270,0.00106989858366852,0.0843831963630005,0.01,0.785396513682066,0.775629553122733,-0.00976696055933279
22,4,0.5,1,270,0.00106989858366852,0.0843831963630005,0.1,0.766286671642032,0.757273991779935,-0.00901267986209731
22,4,0.5,2,269,0.0843831963630005,0.176173354898875,0.001,0.942722924536275,0.948880778025587,0.00615785348931175
22,4,0.5,2,269,0.0843831963630005,0.176173354898875,0.01,0.941614571920786,0.946387396591188,0.00477282467040185
22,4,0.5,2,269,0.0843831963630005,0.176173354898875,0.1,0.927194592124765,0.928944063087012,0.00174947096224687
22,4,0.5,3,270,0.176173354898875,0.59566386930443,0.001,0.794765507722152,0.797917201748055,0.00315169402590332
22,4,0.5,3,270,0.176173354898875,0.59566386930443,0.01,0.779860174362234,0.776719834666832,-0.00314033969540162
22,4,0.5,3,270,0.176173354898875,0.59566386930443,0.1,0.711646259543486,0.704739526300943,-0.00690673324254232
22,4,0.25,1,270,0.00106989858366852,0.0843831963630005,0.001,0.771748983810441,0.766320861314918,-0.00542812249552216
22,4,0.25,1,270,0.00106989858366852,0.0843831963630005,0.01,0.784044371257946,0.777235924899768,-0.00680844635817857
22,4,0.25,1,270,0.00106989858366852,0.0843831963630005,0.1,0.76877726799259,0.763235215897832,-0.00554205209475855
22,4,0.25,2,269,0.0843831963630005,0.176173354898875,0.001,0.912445311389818,0.921013099186741,0.00856778779692313
22,4,0.25,2,269,0.0843831963630005,0.176173354898875,0.01,0.915739297716756,0.922863148972538,0.0071238512557813
22,4,0.25,2,269,0.0843831963630005,0.176173354898875,0.1,0.902920805342165,0.905273395927174,0.00235259058500936
22,4,0.25,3,270,0.176173354898875,0.59566386930443,0.001,0.791817468873118,0.794906856835081,0.00308938796196334
22,4,0.25,3,270,0.176173354898875,0.59566386930443,0.01,0.789375971542456,0.785000677252046,-0.00437529429040984
22,4,0.25,3,270,0.176173354898875,0.59566386930443,0.1,0.717895622464007,0.709185893884301,-0.00870972857970553
22,5,0.75,1,139,0.000446553656486409,0.0930436863734006,0.001,0.888123511356753,0.88507839284653,-0.00304511851022349
22,5,0.75,1,139,0.000446553656486409,0.0930436863734006,0.01,0.903522551555195,0.902304160450727,-0.00121839110446786
22,5,0.75,1,139,0.000446553656486409,0.0930436863734006,0.1,0.896321385099947,0.89655131373133,0.000229928631383047
22,5,0.75,2,139,0.0930436863734006,0.232127863218786,0.001,0.740815567761466,0.743689741248278,0.0028741734868124
22,5,0.75,2,139,0.0930436863734006,0.232127863218786,0.01,0.763841840202292,0.769099513201849,0.00525767299955637
22,5,0.75,2,139,0.0930436863734006,0.232127863218786,0.1,0.770573378838944,0.774219486672066,0.00364610783312214
22,5,0.75,3,139,0.232127863218786,0.635226954328944,0.001,0.79282016921488,0.77528184585486,-0.0175383233600201
22,5,0.75,3,139,0.232127863218786,0.635226954328944,0.01,0.802572821579449,0.786503655153333,-0.0160691664261159
22,5,0.75,3,139,0.232127863218786,0.635226954328944,0.1,0.801014666747762,0.786049258691216,-0.014965408056545
22,5,0.5,1,139,0.000446553656486409,0.0930436863734006,0.001,0.901402923194164,0.899592643787544,-0.00181027940662015
22,5,0.5,1,139,0.000446553656486409,0.0930436863734006,0.01,0.925160694667199,0.924509932510983,-0.000650762156216622
22,5,0.5,1,139,0.000446553656486409,0.0930436863734006,0.1,0.916867962452445,0.917703079244648,0.000835116792202606
22,5,0.5,2,139,0.0930436863734006,0.232127863218786,0.001,0.677690510754619,0.688207963642503,0.0105174528878837
22,5,0.5,2,139,0.0930436863734006,0.232127863218786,0.01,0.700045905492506,0.713026206668263,0.0129803011757565
22,5,0.5,2,139,0.0930436863734006,0.232127863218786,0.1,0.680990926916072,0.692361332032618,0.0113704051165459
22,5,0.5,3,139,0.232127863218786,0.635226954328944,0.001,0.802428511327285,0.791449626564272,-0.0109788847630127
22,5,0.5,3,139,0.232127863218786,0.635226954328944,0.01,0.815038812028497,0.803349151743032,-0.0116896602854655
22,5,0.5,3,139,0.232127863218786,0.635226954328944,0.1,0.815291627968135,0.803341734497247,-0.0119498934708885
22,5,0.25,1,139,0.000446553656486409,0.0930436863734006,0.001,0.92602495824397,0.925762999881189,-0.000261958362781423
22,5,0.25,1,139,0.000446553656486409,0.0930436863734006,0.01,0.94561755914714,0.946283973336585,0.000666414189444908
22,5,0.25,1,139,0.000446553656486409,0.0930436863734006,0.1,0.932058392678615,0.934113410943538,0.00205501826492349
22,5,0.25,2,139,0.0930436863734006,0.232127863218786,0.001,0.680256741043982,0.69113179940579,0.0108750583618076
22,5,0.25,2,139,0.0930436863734006,0.232127863218786,0.01,0.698320915915323,0.710814357573899,0.0124934416585762
22,5,0.25,2,139,0.0930436863734006,0.232127863218786,0.1,0.67178459708463,0.684840277243246,0.0130556801586165
22,5,0.25,3,139,0.232127863218786,0.635226954328944,0.001,0.787280196454679,0.781698636698757,-0.00558155975592189
22,5,0.25,3,139,0.232127863218786,0.635226954328944,0.01,0.807797600153574,0.800633304053904,-0.00716429609966984
22,5,0.25,3,139,0.232127863218786,0.635226954328944,0.1,0.811091790767466,0.803252093802579,-0.00783969696488751
22,6,0.75,1,160,0.00115186221367372,0.0750713994288046,0.001,0.836104072666786,0.834993432632857,-0.00111064003392891
22,6,0.75,1,160,0.00115186221367372,0.0750713994288046,0.01,0.827288562446313,0.826376519260938,-0.0009120431853753
22,6,0.75,1,160,0.00115186221367372,0.0750713994288046,0.1,0.831775453771948,0.831491191162701,-0.000284262609246633
22,6,0.75,2,160,0.0750713994288046,0.21515744302617,0.001,0.762898024774315,0.762154262148358,-0.000743762625957101
22,6,0.75,2,160,0.0750713994288046,0.21515744302617,0.01,0.767191113017239,0.765879590971138,-0.00131152204610052
22,6,0.75,2,160,0.0750713994288046,0.21515744302617,0.1,0.770677141338805,0.767848919422392,-0.00282822191641308
22,6,0.75,3,160,0.21515744302617,0.738850760622487,0.001,0.815331208675935,0.811551707563447,-0.00377950111248782
22,6,0.75,3,160,0.21515744302617,0.738850760622487,0.01,0.822428080920299,0.818468333713589,-0.00395974720670977
22,6,0.75,3,160,0.21515744302617,0.738850760622487,0.1,0.822652378349361,0.818368911789926,-0.00428346655943523
22,6,0.5,1,160,0.00115186221367372,0.0750713994288046,0.001,0.649090885699777,0.648611950467263,-0.000478935232514299
22,6,0.5,1,160,0.00115186221367372,0.0750713994288046,0.01,0.639107029697138,0.638377094408391,-0.000729935288746542
22,6,0.5,1,160,0.00115186221367372,0.0750713994288046,0.1,0.645305820937652,0.644992387217994,-0.000313433719657419
22,6,0.5,2,160,0.0750713994288046,0.21515744302617,0.001,0.56319946726801,0.561166648873737,-0.00203281839427238
22,6,0.5,2,160,0.0750713994288046,0.21515744302617,0.01,0.583637138260594,0.58028139616664,-0.00335574209395384
22,6,0.5,2,160,0.0750713994288046,0.21515744302617,0.1,0.601447146583058,0.594261375021624,-0.00718577156143463
22,6,0.5,3,160,0.21515744302617,0.738850760622487,0.001,0.70751865231477,0.706863231163414,-0.000655421151356084
22,6,0.5,3,160,0.21515744302617,0.738850760622487,0.01,0.707487894549822,0.707217765733093,-0.000270128816729387
22,6,0.5,3,160,0.21515744302617,0.738850760622487,0.1,0.700253502241761,0.704757804133553,0.00450430189179207
22,6,0.25,1,160,0.00115186221367372,0.0750713994288046,0.001,0.562420132836711,0.56353167411859,0.00111154128187896
22,6,0.25,1,160,0.00115186221367372,0.0750713994288046,0.01,0.549059118622493,0.549732938750893,0.000673820128400338
22,6,0.25,1,160,0.00115186221367372,0.0750713994288046,0.1,0.544179433995152,0.544458095415438,0.000278661420285431
22,6,0.25,2,160,0.0750713994288046,0.21515744302617,0.001,0.327213086745258,0.323781730170615,-0.00343135657464266
22,6,0.25,2,160,0.0750713994288046,0.21515744302617,0.01,0.353733925528236,0.349142432325553,-0.00459149320268315
22,6,0.25,2,160,0.0750713994288046,0.21515744302617,0.1,0.393398415633113,0.386640287602416,-0.0067581280306967
22,6,0.25,3,160,0.21515744302617,0.738850760622487,0.001,0.628327666327277,0.632802713955972,0.00447504762869555
22,6,0.25,3,160,0.21515744302617,0.738850760622487,0.01,0.621219703529516,0.627594597473102,0.00637489394358692
22,6,0.25,3,160,0.21515744302617,0.738850760622487,0.1,0.619798885749555,0.632258976613621,0.0124600908640656
22,7,0.75,1,316,0.000109284840006996,0.0892598502069126,0.001,0.780890833494974,0.75534995427579,-0.0255408792191838
22,7,0.75,1,316,0.000109284840006996,0.0892598502069126,0.01,0.789624563397296,0.767711175139031,-0.0219133882582653
22,7,0.75,1,316,0.000109284840006996,0.0892598502069126,0.1,0.812269974692058,0.80033221347063,-0.0119377612214279
22,7,0.75,2,316,0.0892598502069126,0.213115620607936,0.001,0.708250115817583,0.70545904341941,-0.00279107239817311
22,7,0.75,2,316,0.0892598502069126,0.213115620607936,0.01,0.706128935388008,0.703748402606583,-0.00238053278142547
22,7,0.75,2,316,0.0892598502069126,0.213115620607936,0.1,0.699327598530565,0.69590108197588,-0.0034265165546854
22,7,0.75,3,316,0.213115620607936,0.749075450253541,0.001,0.726550781318683,0.718616696869361,-0.00793408444932175
22,7,0.75,3,316,0.213115620607936,0.749075450253541,0.01,0.73836561393323,0.728544913366134,-0.00982070056709561
22,7,0.75,3,316,0.213115620607936,0.749075450253541,0.1,0.728313840741037,0.721970964133267,-0.00634287660777044
22,7,0.5,1,316,0.000109284840006996,0.0892598502069126,0.001,0.776498490271518,0.735844029710887,-0.040654460560631
22,7,0.5,1,316,0.000109284840006996,0.0892598502069126,0.01,0.782547311067919,0.746221726498694,-0.0363255845692246
22,7,0.5,1,316,0.000109284840006996,0.0892598502069126,0.1,0.808662796307263,0.787925486136521,-0.0207373101707413
22,7,0.5,2,316,0.0892598502069126,0.213115620607936,0.001,0.566451909351465,0.548112752180659,-0.0183391571708065
22,7,0.5,2,316,0.0892598502069126,0.213115620607936,0.01,0.563512080237721,0.545660991318742,-0.0178510889189791
22,7,0.5,2,316,0.0892598502069126,0.213115620607936,0.1,0.542144426613194,0.522255915464053,-0.019888511149141
22,7,0.5,3,316,0.213115620607936,0.749075450253541,0.001,0.702043184798409,0.707291488977079,0.00524830417866973
22,7,0.5,3,316,0.213115620607936,0.749075450253541,0.01,0.7221327194711,0.724709905021448,0.00257718555034792
22,7,0.5,3,316,0.213115620607936,0.749075450253541,0.1,0.715882559094898,0.719244918223943,0.00336235912904492
22,7,0.25,1,316,0.000109284840006996,0.0892598502069126,0.001,0.764392952697368,0.73253920388329,-0.0318537488140775
22,7,0.25,1,316,0.000109284840006996,0.0892598502069126,0.01,0.772038883712033,0.744770210280681,-0.0272686734313521
22,7,0.25,1,316,0.000109284840006996,0.0892598502069126,0.1,0.799947356733653,0.78556618468591,-0.0143811720477429
22,7,0.25,2,316,0.0892598502069126,0.213115620607936,0.001,0.474566216225259,0.457906021245509,-0.01666019497975
22,7,0.25,2,316,0.0892598502069126,0.213115620607936,0.01,0.477412949353331,0.461493437809794,-0.0159195115435365
22,7,0.25,2,316,0.0892598502069126,0.213115620607936,0.1,0.462689812738417,0.446364851525055,-0.0163249612133618
22,7,0.25,3,316,0.213115620607936,0.749075450253541,0.001,0.727381699554169,0.745125762470219,0.0177440629160504
22,7,0.25,3,316,0.213115620607936,0.749075450253541,0.01,0.746444043569679,0.764009331335126,0.0175652877654469
22,7,0.25,3,316,0.213115620607936,0.749075450253541,0.1,0.739233157801204,0.750482969088868,0.0112498112876637
22,8,0.75,1,288,0.000467739115229904,0.0778422451940278,0.001,0.677200449570862,0.681804361270381,0.00460391169951868
22,8,0.75,1,288,0.000467739115229904,0.0778422451940278,0.01,0.685602287478676,0.690867850393797,0.00526556291512081
22,8,0.75,1,288,0.000467739115229904,0.0778422451940278,0.1,0.691439341570176,0.698752987243416,0.00731364567323978
22,8,0.75,2,287,0.0778422451940278,0.173614996794311,0.001,0.225652311147176,0.212274690800238,-0.0133776203469374
22,8,0.75,2,287,0.0778422451940278,0.173614996794311,0.01,0.245762802726738,0.229170462101522,-0.0165923406252163
22,8,0.75,2,287,0.0778422451940278,0.173614996794311,0.1,0.251346882289229,0.230158048443802,-0.0211888338454274
22,8,0.75,3,288,0.173614996794311,0.677993311767792,0.001,0.762921411818249,0.753816365698879,-0.00910504611937035
22,8,0.75,3,288,0.173614996794311,0.677993311767792,0.01,0.767648503496329,0.75794008638616,-0.00970841711016923
22,8,0.75,3,288,0.173614996794311,0.677993311767792,0.1,0.779540601700452,0.768297204765577,-0.0112433969348745
22,8,0.5,1,288,0.000467739115229904,0.0778422451940278,0.001,0.567173648208908,0.577105379267983,0.00993173105907508
22,8,0.5,1,288,0.000467739115229904,0.0778422451940278,0.01,0.574194769631268,0.584898544897186,0.0107037752659189
22,8,0.5,1,288,0.000467739115229904,0.0778422451940278,0.1,0.57791859792054,0.590216850829734,0.0122982529091933
22,8,0.5,2,287,0.0778422451940278,0.173614996794311,0.001,0.281532835824993,0.287266017576665,0.00573318175167209
22,8,0.5,2,287,0.0778422451940278,0.173614996794311,0.01,0.299951876087108,0.301719210028048,0.0017673339409397
22,8,0.5,2,287,0.0778422451940278,0.173614996794311,0.1,0.299826603140681,0.296447168487029,-0.00337943465365248
22,8,0.5,3,288,0.173614996794311,0.677993311767792,0.001,0.694087723657861,0.688807940434392,-0.00527978322346934
22,8,0.5,3,288,0.173614996794311,0.677993311767792,0.01,0.70330190962116,0.696698241136632,-0.00660366848452831
22,8,0.5,3,288,0.173614996794311,0.677993311767792,0.1,0.718151115920895,0.708329799442041,-0.00982131647885343
22,8,0.25,1,288,0.000467739115229904,0.0778422451940278,0.001,0.5604064228853,0.565676745355535,0.00527032247023573
22,8,0.25,1,288,0.000467739115229904,0.0778422451940278,0.01,0.563597865389838,0.568544189487389,0.00494632409755103
22,8,0.25,1,288,0.000467739115229904,0.0778422451940278,0.1,0.583373389514036,0.588013822036232,0.00464043252219626
22,8,0.25,2,287,0.0778422451940278,0.173614996794311,0.001,0.343386936289469,0.372533861247793,0.029146924958324
22,8,0.25,2,287,0.0778422451940278,0.173614996794311,0.01,0.3592869603453,0.383662893293801,0.0243759329485015
22,8,0.25,2,287,0.0778422451940278,0.173614996794311,0.1,0.343273391768595,0.357099124203872,0.0138257324352772
22,8,0.25,3,288,0.173614996794311,0.677993311767792,0.001,0.696425423460743,0.693708054930507,-0.00271736853023596
22,8,0.25,3,288,0.173614996794311,0.677993311767792,0.01,0.704689726088185,0.701553760024367,-0.00313596606381827
22,8,0.25,3,288,0.173614996794311,0.677993311767792,0.1,0.71165991316939,0.70812435333651,-0.00353555983288034
22,9,0.75,1,245,0.000532217170834064,0.0696898496240602,0.001,0.963584915239335,0.961750290816045,-0.00183462442329008
22,9,0.75,1,245,0.000532217170834064,0.0696898496240602,0.01,0.966435524865487,0.964554331316258,-0.00188119354922867
22,9,0.75,1,245,0.000532217170834064,0.0696898496240602,0.1,0.967444398014709,0.96601494357422,-0.00142945444048892
22,9,0.75,2,244,0.0696898496240602,0.185064040916244,0.001,0.929885327109006,0.928191539725446,-0.00169378738356052
22,9,0.75,2,244,0.0696898496240602,0.185064040916244,0.01,0.933606972613947,0.932532716330269,-0.0010742562836783
22,9,0.75,2,244,0.0696898496240602,0.185064040916244,0.1,0.9369362914997,0.935345575198778,-0.00159071630092178
22,9,0.75,3,244,0.185064040916244,0.607605132016087,0.001,0.954046843710494,0.952105845534779,-0.00194099817571491
22,9,0.75,3,244,0.185064040916244,0.607605132016087,0.01,0.957410109107611,0.955172045860266,-0.00223806324734399
22,9,0.75,3,244,0.185064040916244,0.607605132016087,0.1,0.944941348565231,0.938258935503963,-0.00668241306126893
22,9,0.5,1,245,0.000532217170834064,0.0696898496240602,0.001,0.939273336922415,0.935571817246467,-0.00370151967594845
22,9,0.5,1,245,0.000532217170834064,0.0696898496240602,0.01,0.944370209400223,0.94008797591005,-0.00428223349017276
22,9,0.5,1,245,0.000532217170834064,0.0696898496240602,0.1,0.941846600516973,0.937464719166992,-0.00438188134998141
22,9,0.5,2,244,0.0696898496240602,0.185064040916244,0.001,0.877214230131881,0.878014819151139,0.000800589019257725
22,9,0.5,2,244,0.0696898496240602,0.185064040916244,0.01,0.882357789410781,0.883758065315693,0.0014002759049121
22,9,0.5,2,244,0.0696898496240602,0.185064040916244,0.1,0.885349337439835,0.885770499680961,0.000421162241126649
22,9,0.5,3,244,0.185064040916244,0.607605132016087,0.001,0.886509077811028,0.867554549292383,-0.0189545285186452
22,9,0.5,3,244,0.185064040916244,0.607605132016087,0.01,0.895125276239451,0.878745838589269,-0.0163794376501818
22,9,0.5,3,244,0.185064040916244,0.607605132016087,0.1,0.880568425957005,0.860577672981249,-0.0199907529757568
22,9,0.25,1,245,0.000532217170834064,0.0696898496240602,0.001,0.898793726787614,0.896060253194546,-0.00273347359306753
22,9,0.25,1,245,0.000532217170834064,0.0696898496240602,0.01,0.912800369974489,0.909092817069205,-0.00370755290528402
22,9,0.25,1,245,0.000532217170834064,0.0696898496240602,0.1,0.912249167159197,0.906338854281852,-0.005910312877345
22,9,0.25,2,244,0.0696898496240602,0.185064040916244,0.001,0.837575074930558,0.842745383822815,0.00517030889225623
22,9,0.25,2,244,0.0696898496240602,0.185064040916244,0.01,0.846544591511549,0.851666090499766,0.00512149898821623
22,9,0.25,2,244,0.0696898496240602,0.185064040916244,0.1,0.848677874529241,0.851823330172888,0.00314545564364621
22,9,0.25,3,244,0.185064040916244,0.607605132016087,0.001,0.813539063276957,0.788060603083509,-0.0254784601934479
22,9,0.25,3,244,0.185064040916244,0.607605132016087,0.01,0.825304616023423,0.803734044485486,-0.0215705715379371
22,9,0.25,3,244,0.185064040916244,0.607605132016087,0.1,0.8131648814261,0.790553550331202,-0.0226113310948984
22,10,0.75,1,230,0.000243705193215621,0.0776038934545666,0.001,0.65979779678165,0.65345594592255,-0.00634185085910033
22,10,0.75,1,230,0.000243705193215621,0.0776038934545666,0.01,0.673480842301465,0.668436756751099,-0.00504408555036595
22,10,0.75,1,230,0.000243705193215621,0.0776038934545666,0.1,0.688668151472215,0.68163628686908,-0.00703186460313499
22,10,0.75,2,229,0.0776038934545666,0.18357816637155,0.001,0.971990451007306,0.974124890764217,0.00213443975691108
22,10,0.75,2,229,0.0776038934545666,0.18357816637155,0.01,0.97119123870256,0.971598356597469,0.00040711789490866
22,10,0.75,2,229,0.0776038934545666,0.18357816637155,0.1,0.963986233897207,0.962445713879776,-0.00154052001743166
22,10,0.75,3,230,0.18357816637155,0.506272949816402,0.001,0.988500222142287,0.988599807377471,9.95852351841631e-05
22,10,0.75,3,230,0.18357816637155,0.506272949816402,0.01,0.989682201799336,0.990165738142161,0.000483536342825164
22,10,0.75,3,230,0.18357816637155,0.506272949816402,0.1,0.988934944711371,0.990028424630543,0.00109347991917252
22,10,0.5,1,230,0.000243705193215621,0.0776038934545666,0.001,0.551932584931469,0.547437658341842,-0.00449492658962747
22,10,0.5,1,230,0.000243705193215621,0.0776038934545666,0.01,0.566595831304967,0.562111236823259,-0.0044845944817079
22,10,0.5,1,230,0.000243705193215621,0.0776038934545666,0.1,0.589218268324311,0.583936500172794,-0.00528176815151726
22,10,0.5,2,229,0.0776038934545666,0.18357816637155,0.001,0.940006631569656,0.943176716581438,0.0031700850117824
22,10,0.5,2,229,0.0776038934545666,0.18357816637155,0.01,0.9340159804852,0.93507155876794,0.00105557828274061
22,10,0.5,2,229,0.0776038934545666,0.18357816637155,0.1,0.915078973946535,0.91407211002852,-0.00100686391801463
22,10,0.5,3,230,0.18357816637155,0.506272949816402,0.001,0.978221088375404,0.97784228450519,-0.00037880387021394
22,10,0.5,3,230,0.18357816637155,0.506272949816402,0.01,0.981514514857655,0.981396281798428,-0.000118233059226647
22,10,0.5,3,230,0.18357816637155,0.506272949816402,0.1,0.98472161500414,0.985307465274737,0.000585850270596433
22,10,0.25,1,230,0.000243705193215621,0.0776038934545666,0.001,0.482542086947171,0.484833161826484,0.00229107487931379
22,10,0.25,1,230,0.000243705193215621,0.0776038934545666,0.01,0.494497306901805,0.494670527245168,0.000173220343363256
22,10,0.25,1,230,0.000243705193215621,0.0776038934545666,0.1,0.514372188059941,0.513399672876059,-0.000972515183881861
22,10,0.25,2,229,0.0776038934545666,0.18357816637155,0.001,0.912285819687746,0.916186918011862,0.00390109832411578
22,10,0.25,2,229,0.0776038934545666,0.18357816637155,0.01,0.908244536732452,0.910527129986193,0.00228259325374114
22,10,0.25,2,229,0.0776038934545666,0.18357816637155,0.1,0.887799315362777,0.888396323031166,0.000597007668389327
22,10,0.25,3,230,0.18357816637155,0.506272949816402,0.001,0.961655908976094,0.962435830607337,0.00077992163124363
22,10,0.25,3,230,0.18357816637155,0.506272949816402,0.01,0.966663479562409,0.966592651571589,-7.08279908202547e-05
22,10,0.25,3,230,0.18357816637155,0.506272949816402,0.1,0.973000650273446,0.973106883526574,0.000106233253127863
22,11,0.75,1,146,0.000530031474033917,0.0746175601163177,0.001,0.918567126294478,0.917550963241822,-0.0010161630526565
22,11,0.75,1,146,0.000530031474033917,0.0746175601163177,0.01,0.913306670854496,0.912173657112795,-0.00113301374170127
22,11,0.75,1,146,0.000530031474033917,0.0746175601163177,0.1,0.915084207475752,0.91448673759093,-0.000597469884821789
22,11,0.75,2,145,0.0746175601163177,0.241822579705077,0.001,0.937362527287332,0.938066267711234,0.000703740423902755
22,11,0.75,2,145,0.0746175601163177,0.241822579705077,0.01,0.931347638499447,0.932343907229881,0.000996268730433458
22,11,0.75,2,145,0.0746175601163177,0.241822579705077,0.1,0.923116086776385,0.923108674140796,-7.41263558889926e-06
22,11,0.75,3,146,0.241822579705077,0.545699641545725,0.001,0.924989616500464,0.927791199084749,0.00280158258428431
22,11,0.75,3,146,0.241822579705077,0.545699641545725,0.01,0.880893538451726,0.882771779229375,0.0018782407776492
22,11,0.75,3,146,0.241822579705077,0.545699641545725,0.1,0.857178993631301,0.860481928244574,0.00330293461327291
22,11,0.5,1,146,0.000530031474033917,0.0746175601163177,0.001,0.803270929795828,0.801793318315719,-0.00147761148010905
22,11,0.5,1,146,0.000530031474033917,0.0746175601163177,0.01,0.782854689720019,0.781185243330687,-0.00166944638933186
22,11,0.5,1,146,0.000530031474033917,0.0746175601163177,0.1,0.76200075376538,0.761414274978846,-0.000586478786534839
22,11,0.5,2,145,0.0746175601163177,0.241822579705077,0.001,0.824290012380012,0.818214378939559,-0.00607563344045314
22,11,0.5,2,145,0.0746175601163177,0.241822579705077,0.01,0.819593925059961,0.815310185594599,-0.00428373946536165
22,11,0.5,2,145,0.0746175601163177,0.241822579705077,0.1,0.823722171089201,0.821163878755492,-0.00255829233370819
22,11,0.5,3,146,0.241822579705077,0.545699641545725,0.001,0.741095107965258,0.739794696796204,-0.00130041116905355
22,11,0.5,3,146,0.241822579705077,0.545699641545725,0.01,0.605823893236914,0.600716359040198,-0.00510753419671672
22,11,0.5,3,146,0.241822579705077,0.545699641545725,0.1,0.56920141296245,0.583661593390255,0.0144601804278049
22,11,0.25,1,146,0.000530031474033917,0.0746175601163177,0.001,0.753453012482833,0.752278700079102,-0.00117431240373067
22,11,0.25,1,146,0.000530031474033917,0.0746175601163177,0.01,0.712558204575024,0.711370892886228,-0.00118731168879649
22,11,0.25,1,146,0.000530031474033917,0.0746175601163177,0.1,0.62058754824009,0.620742813360262,0.000155265120172055
22,11,0.25,2,145,0.0746175601163177,0.241822579705077,0.001,0.734505957060137,0.723670115886927,-0.0108358411732106
22,11,0.25,2,145,0.0746175601163177,0.241822579705077,0.01,0.724067817563375,0.721265432833559,-0.0028023847298162
22,11,0.25,2,145,0.0746175601163177,0.241822579705077,0.1,0.741990844132277,0.748329284443898,0.00633844031162156
22,11,0.25,3,146,0.241822579705077,0.545699641545725,0.001,0.715931277920209,0.702593112627795,-0.0133381652924141
22,11,0.25,3,146,0.241822579705077,0.545699641545725,0.01,0.624187421806717,0.606753015348122,-0.017434406458595
22,11,0.25,3,146,0.241822579705077,0.545699641545725,0.1,0.611056226999641,0.615821133762948,0.00476490676330676
22,12,0.75,1,387,0.000171826947280865,0.0753202045812205,0.001,0.662849294973416,0.66476813320839,0.00191883823497352
22,12,0.75,1,387,0.000171826947280865,0.0753202045812205,0.01,0.692069066457192,0.695007409430782,0.0029383429735893
22,12,0.75,1,387,0.000171826947280865,0.0753202045812205,0.1,0.742617622020201,0.74354207925196,0.000924457231758935
22,12,0.75,2,386,0.0753202045812205,0.191667030949467,0.001,0.856960285645546,0.845881018479846,-0.0110792671657002
22,12,0.75,2,386,0.0753202045812205,0.191667030949467,0.01,0.873854175293449,0.865873451801325,-0.00798072349212364
22,12,0.75,2,386,0.0753202045812205,0.191667030949467,0.1,0.886515891545967,0.880013716789186,-0.00650217475678139
22,12,0.75,3,386,0.191667030949467,0.738930538555692,0.001,0.891569380877387,0.877219006386394,-0.0143503744909939
22,12,0.75,3,386,0.191667030949467,0.738930538555692,0.01,0.89418429631066,0.886470299993489,-0.00771399631717074
22,12,0.75,3,386,0.191667030949467,0.738930538555692,0.1,0.908611265406002,0.901789002255245,-0.00682226315075774
22,12,0.5,1,387,0.000171826947280865,0.0753202045812205,0.001,0.50420365914162,0.505982564969062,0.00177890582744233
22,12,0.5,1,387,0.000171826947280865,0.0753202045812205,0.01,0.531673905554891,0.53416013015708,0.00248622460218895
22,12,0.5,1,387,0.000171826947280865,0.0753202045812205,0.1,0.591239108845852,0.592650438567373,0.00141132972152103
22,12,0.5,2,386,0.0753202045812205,0.191667030949467,0.001,0.655583815775835,0.637132972250117,-0.0184508435257181
22,12,0.5,2,386,0.0753202045812205,0.191667030949467,0.01,0.68404560784512,0.671123178872294,-0.0129224289728259
22,12,0.5,2,386,0.0753202045812205,0.191667030949467,0.1,0.711202142694231,0.703218538979663,-0.00798360371456763
22,12,0.5,3,386,0.191667030949467,0.738930538555692,0.001,0.758682748205691,0.726534675348745,-0.0321480728569457
22,12,0.5,3,386,0.191667030949467,0.738930538555692,0.01,0.76590328550192,0.749173514032517,-0.0167297714694028
22,12,0.5,3,386,0.191667030949467,0.738930538555692,0.1,0.785931536970906,0.775956825597894,-0.00997471137301131
22,12,0.25,1,387,0.000171826947280865,0.0753202045812205,0.001,0.508081377531613,0.512572350742942,0.00449097321132874
22,12,0.25,1,387,0.000171826947280865,0.0753202045812205,0.01,0.529869680619357,0.534210783825554,0.00434110320619763
22,12,0.25,1,387,0.000171826947280865,0.0753202045812205,0.1,0.592848367939621,0.595709871770467,0.00286150383084571
22,12,0.25,2,386,0.0753202045812205,0.191667030949467,0.001,0.502966213251853,0.491850054253025,-0.0111161589988278
22,12,0.25,2,386,0.0753202045812205,0.191667030949467,0.01,0.526311207061627,0.519656614358095,-0.00665459270353219
22,12,0.25,2,386,0.0753202045812205,0.191667030949467,0.1,0.550021347531094,0.547246616771689,-0.00277473075940515
22,12,0.25,3,386,0.191667030949467,0.738930538555692,0.001,0.629589036776178,0.597457275458826,-0.0321317613173523
22,12,0.25,3,386,0.191667030949467,0.738930538555692,0.01,0.64444663404312,0.626665200617492,-0.0177814334256281
22,12,0.25,3,386,0.191667030949467,0.738930538555692,0.1,0.67204217308965,0.664446221199233,-0.00759595189041773
22,13,0.75,1,206,6.99422976044306e-05,0.0889513026752929,0.001,0.811396597971215,0.816218833433223,0.00482223546200777
22,13,0.75,1,206,6.99422976044306e-05,0.0889513026752929,0.01,0.809608551716002,0.81458383584607,0.00497528413006843
22,13,0.75,1,206,6.99422976044306e-05,0.0889513026752929,0.1,0.77628984427006,0.781706342202892,0.00541649793283194
22,13,0.75,2,206,0.0889513026752929,0.211455236929533,0.001,0.90787693789295,0.898723017116449,-0.00915392077650112
22,13,0.75,2,206,0.0889513026752929,0.211455236929533,0.01,0.92634486297341,0.918839724737085,-0.0075051382363247
22,13,0.75,2,206,0.0889513026752929,0.211455236929533,0.1,0.942346271846534,0.936393238370551,-0.00595303347598319
22,13,0.75,3,206,0.211455236929533,0.61078204231509,0.001,0.822359690554945,0.848180816185949,0.0258211256310037
22,13,0.75,3,206,0.211455236929533,0.61078204231509,0.01,0.827429525017262,0.849474840699283,0.0220453156820214
22,13,0.75,3,206,0.211455236929533,0.61078204231509,0.1,0.836163509378616,0.853210220729164,0.0170467113505479
22,13,0.5,1,206,6.99422976044306e-05,0.0889513026752929,0.001,0.759578833638119,0.762537567699333,0.00295873406121427
22,13,0.5,1,206,6.99422976044306e-05,0.0889513026752929,0.01,0.7470746640048,0.752280069460055,0.00520540545525483
22,13,0.5,1,206,6.99422976044306e-05,0.0889513026752929,0.1,0.678787045298678,0.684499569157705,0.00571252385902732
22,13,0.5,2,206,0.0889513026752929,0.211455236929533,0.001,0.852683535731391,0.842820133652633,-0.00986340207875847
22,13,0.5,2,206,0.0889513026752929,0.211455236929533,0.01,0.882217782974166,0.873981287420384,-0.00823649555378148
22,13,0.5,2,206,0.0889513026752929,0.211455236929533,0.1,0.90637964883544,0.896876258509703,-0.00950339032573622
22,13,0.5,3,206,0.211455236929533,0.61078204231509,0.001,0.76823859482488,0.790242599982508,0.0220040051576279
22,13,0.5,3,206,0.211455236929533,0.61078204231509,0.01,0.777511754698642,0.795849256085086,0.0183375013864435
22,13,0.5,3,206,0.211455236929533,0.61078204231509,0.1,0.781846723948516,0.791824965796373,0.00997824184785689
22,13,0.25,1,206,6.99422976044306e-05,0.0889513026752929,0.001,0.755850239135305,0.756205771086049,0.000355531950744004
22,13,0.25,1,206,6.99422976044306e-05,0.0889513026752929,0.01,0.744228055524472,0.74798681589716,0.00375876037268785
22,13,0.25,1,206,6.99422976044306e-05,0.0889513026752929,0.1,0.673816672420456,0.677139673681339,0.00332300126088314
22,13,0.25,2,206,0.0889513026752929,0.211455236929533,0.001,0.790266716709128,0.788638946763821,-0.00162776994530744
22,13,0.25,2,206,0.0889513026752929,0.211455236929533,0.01,0.834226522019459,0.832155751673687,-0.00207077034577108
22,13,0.25,2,206,0.0889513026752929,0.211455236929533,0.1,0.868537042303188,0.862527646807194,-0.00600939549599389
22,13,0.25,3,206,0.211455236929533,0.61078204231509,0.001,0.74358323822542,0.7551934203907,0.0116101821652799
22,13,0.25,3,206,0.211455236929533,0.61078204231509,0.01,0.761334481645345,0.770781881665696,0.00944740002035127
22,13,0.25,3,206,0.211455236929533,0.61078204231509,0.1,0.764732842074645,0.767325552239608,0.00259271016496332
22,14,0.75,1,357,9.63154945362588e-05,0.110985312117503,0.001,0.655505440471957,0.664190347425003,0.0086849069530458
22,14,0.75,1,357,9.63154945362588e-05,0.110985312117503,0.01,0.678117841227457,0.686983383068182,0.00886554184072452
22,14,0.75,1,357,9.63154945362588e-05,0.110985312117503,0.1,0.655648634242823,0.664622928620377,0.00897429437755359
22,14,0.75,2,356,0.110985312117503,0.272750917992656,0.001,0.899350905442354,0.908463795069615,0.00911288962726131
22,14,0.75,2,356,0.110985312117503,0.272750917992656,0.01,0.903800874758805,0.913048576597353,0.00924770183854884
22,14,0.75,2,356,0.110985312117503,0.272750917992656,0.1,0.898898385628499,0.906066281720616,0.00716789609211743
22,14,0.75,3,356,0.272750917992656,0.712548085329603,0.001,0.972335335696218,0.975632994569916,0.00329765887369804
22,14,0.75,3,356,0.272750917992656,0.712548085329603,0.01,0.9712170439232,0.974305843029584,0.0030887991063836
22,14,0.75,3,356,0.272750917992656,0.712548085329603,0.1,0.969740193814181,0.969270360722969,-0.000469833091211735
22,14,0.5,1,357,9.63154945362588e-05,0.110985312117503,0.001,0.640612686333311,0.645620326201053,0.00500763986774166
22,14,0.5,1,357,9.63154945362588e-05,0.110985312117503,0.01,0.649393649559362,0.653811799050134,0.00441814949077191
22,14,0.5,1,357,9.63154945362588e-05,0.110985312117503,0.1,0.612487182406044,0.618435697113099,0.00594851470705493
22,14,0.5,2,356,0.110985312117503,0.272750917992656,0.001,0.915555865678886,0.927280622729899,0.0117247570510126
22,14,0.5,2,356,0.110985312117503,0.272750917992656,0.01,0.919859037246507,0.932207779537033,0.0123487422905262
22,14,0.5,2,356,0.110985312117503,0.272750917992656,0.1,0.91655738944969,0.925352409486732,0.00879502003704158
22,14,0.5,3,356,0.272750917992656,0.712548085329603,0.001,0.926479607144773,0.941794748298082,0.0153151411533093
22,14,0.5,3,356,0.272750917992656,0.712548085329603,0.01,0.926983410165872,0.940276204265919,0.0132927941000474
22,14,0.5,3,356,0.272750917992656,0.712548085329603,0.1,0.925201048729433,0.925852462493481,0.000651413764048092
22,14,0.25,1,357,9.63154945362588e-05,0.110985312117503,0.001,0.682568329007313,0.687572818710402,0.00500448970308831
22,14,0.25,1,357,9.63154945362588e-05,0.110985312117503,0.01,0.685850007671113,0.69012333145029,0.00427332377917733
22,14,0.25,1,357,9.63154945362588e-05,0.110985312117503,0.1,0.653284574586809,0.658316186492814,0.00503161190600499
22,14,0.25,2,356,0.110985312117503,0.272750917992656,0.001,0.899759640293338,0.91129961623081,0.0115399759374725
22,14,0.25,2,356,0.110985312117503,0.272750917992656,0.01,0.905273357452294,0.917338103534956,0.0120647460826621
22,14,0.25,2,356,0.110985312117503,0.272750917992656,0.1,0.908175888564839,0.9167593237892,0.00858343522436122
22,14,0.25,3,356,0.272750917992656,0.712548085329603,0.001,0.862270135846047,0.890751907769531,0.028481771923484
22,14,0.25,3,356,0.272750917992656,0.712548085329603,0.01,0.870171016204804,0.897981587411274,0.0278105712064695
22,14,0.25,3,356,0.272750917992656,0.712548085329603,0.1,0.871187817894662,0.885002529037034,0.0138147111423726
22,15,0.75,1,237,0.000512545899632788,0.0931970187095646,0.001,0.885096748403422,0.89083343152081,0.00573668311738851
22,15,0.75,1,237,0.000512545899632788,0.0931970187095646,0.01,0.890693842253431,0.896343425593175,0.00564958333974419
22,15,0.75,1,237,0.000512545899632788,0.0931970187095646,0.1,0.892894289566288,0.898616872680407,0.00572258311411888
22,15,0.75,2,236,0.0931970187095646,0.230281591482208,0.001,0.968248843532104,0.964633892699944,-0.00361495083216001
22,15,0.75,2,236,0.0931970187095646,0.230281591482208,0.01,0.970422721554276,0.967004433708181,-0.00341828784609455
22,15,0.75,2,236,0.0931970187095646,0.230281591482208,0.1,0.97866916513744,0.97665540195574,-0.00201376318169921
22,15,0.75,3,236,0.230281591482208,0.718878956111208,0.001,0.985079608884148,0.982539204877065,-0.00254040400708322
22,15,0.75,3,236,0.230281591482208,0.718878956111208,0.01,0.987576061475667,0.984271774682633,-0.00330428679303463
22,15,0.75,3,236,0.230281591482208,0.718878956111208,0.1,0.982115812342874,0.976735900856285,-0.00537991148658901
22,15,0.5,1,237,0.000512545899632788,0.0931970187095646,0.001,0.729719426295917,0.742158691119919,0.0124392648240013
22,15,0.5,1,237,0.000512545899632788,0.0931970187095646,0.01,0.744306634855411,0.756090011444039,0.0117833765886273
22,15,0.5,1,237,0.000512545899632788,0.0931970187095646,0.1,0.763405781016138,0.776342052314354,0.0129362712982164
22,15,0.5,2,236,0.0931970187095646,0.230281591482208,0.001,0.919144783886256,0.913474449098744,-0.00567033478751267
22,15,0.5,2,236,0.0931970187095646,0.230281591482208,0.01,0.92198291491508,0.916338134566485,-0.00564478034859517
22,15,0.5,2,236,0.0931970187095646,0.230281591482208,0.1,0.939793405437071,0.93753698561331,-0.00225641982376068
22,15,0.5,3,236,0.230281591482208,0.718878956111208,0.001,0.959831068528366,0.957149917120809,-0.00268115140755776
22,15,0.5,3,236,0.230281591482208,0.718878956111208,0.01,0.963804694417623,0.959316477295574,-0.0044882171220485
22,15,0.5,3,236,0.230281591482208,0.718878956111208,0.1,0.954090470863024,0.948549212367215,-0.00554125849580933
22,15,0.25,1,237,0.000512545899632788,0.0931970187095646,0.001,0.575346621627748,0.584539457170451,0.00919283554270323
22,15,0.25,1,237,0.000512545899632788,0.0931970187095646,0.01,0.588403045611367,0.597431291672217,0.00902824606084984
22,15,0.25,1,237,0.000512545899632788,0.0931970187095646,0.1,0.612435052035057,0.624261149445803,0.0118260974107461
22,15,0.25,2,236,0.0931970187095646,0.230281591482208,0.001,0.834041933424066,0.835053929084495,0.00101199566042898
22,15,0.25,2,236,0.0931970187095646,0.230281591482208,0.01,0.848255931434445,0.849229622953424,0.000973691518978637
22,15,0.25,2,236,0.0931970187095646,0.230281591482208,0.1,0.879884764016067,0.884190843432656,0.00430607941658867
22,15,0.25,3,236,0.230281591482208,0.718878956111208,0.001,0.917791381378742,0.920321996959594,0.00253061558085199
22,15,0.25,3,236,0.230281591482208,0.718878956111208,0.01,0.922639091130901,0.923127948441225,0.000488857310324442
22,15,0.25,3,236,0.230281591482208,0.718878956111208,0.1,0.911675431009214,0.912447042466407,0.000771611457192734
22,16,0.75,1,139,0.000868814478055605,0.100367561345224,0.001,0.978680955760293,0.980970606221908,0.002289650461615
22,16,0.75,1,139,0.000868814478055605,0.100367561345224,0.01,0.978195740185246,0.978941381042884,0.000745640857638064
22,16,0.75,1,139,0.000868814478055605,0.100367561345224,0.1,0.976815616620073,0.974378096030122,-0.0024375205899515
22,16,0.75,2,139,0.100367561345224,0.23225851034844,0.001,0.924454828805485,0.911925232273068,-0.0125295965324173
22,16,0.75,2,139,0.100367561345224,0.23225851034844,0.01,0.926335780647958,0.914372313386854,-0.0119634672611043
22,16,0.75,2,139,0.100367561345224,0.23225851034844,0.1,0.921671327683924,0.912883986286037,-0.00878734139788739
22,16,0.75,3,139,0.23225851034844,0.710384245497465,0.001,0.903766464093649,0.931427308742958,0.0276608446493085
22,16,0.75,3,139,0.23225851034844,0.710384245497465,0.01,0.900263101308804,0.923318959819046,0.0230558585102421
22,16,0.75,3,139,0.23225851034844,0.710384245497465,0.1,0.878587973911801,0.901251853918874,0.0226638800070732
22,16,0.5,1,139,0.000868814478055605,0.100367561345224,0.001,0.925280632707574,0.948509466827042,0.0232288341194682
22,16,0.5,1,139,0.000868814478055605,0.100367561345224,0.01,0.921988870733537,0.943300644540299,0.0213117738067614
22,16,0.5,1,139,0.000868814478055605,0.100367561345224,0.1,0.930853301539677,0.944076566001052,0.0132232644613751
22,16,0.5,2,139,0.100367561345224,0.23225851034844,0.001,0.800535125591125,0.776070332788111,-0.0244647928030141
22,16,0.5,2,139,0.100367561345224,0.23225851034844,0.01,0.803691566916765,0.781383292753039,-0.0223082741637259
22,16,0.5,2,139,0.100367561345224,0.23225851034844,0.1,0.802228002469504,0.781157273978339,-0.0210707284911646
22,16,0.5,3,139,0.23225851034844,0.710384245497465,0.001,0.829991680882828,0.870968770632532,0.0409770897497036
22,16,0.5,3,139,0.23225851034844,0.710384245497465,0.01,0.832029074928062,0.862346081565454,0.0303170066373926
22,16,0.5,3,139,0.23225851034844,0.710384245497465,0.1,0.804985488326095,0.842236201754685,0.0372507134285893
22,16,0.25,1,139,0.000868814478055605,0.100367561345224,0.001,0.85132230666619,0.882661936321907,0.0313396296557169
22,16,0.25,1,139,0.000868814478055605,0.100367561345224,0.01,0.83908574254585,0.871344760075809,0.032259017529959
22,16,0.25,1,139,0.000868814478055605,0.100367561345224,0.1,0.848678936045728,0.87465171171745,0.0259727756717216
22,16,0.25,2,139,0.100367561345224,0.23225851034844,0.001,0.681032596692166,0.682500964165253,0.00146836747308743
22,16,0.25,2,139,0.100367561345224,0.23225851034844,0.01,0.681377575104134,0.685442750386195,0.0040651752820613
22,16,0.25,2,139,0.100367561345224,0.23225851034844,0.1,0.692221653212411,0.686480627371292,-0.00574102584111891
22,16,0.25,3,139,0.23225851034844,0.710384245497465,0.001,0.838560907290322,0.854200062601274,0.0156391553109521
22,16,0.25,3,139,0.23225851034844,0.710384245497465,0.01,0.844215688204448,0.852670132739988,0.00845444453554023
22,16,0.25,3,139,0.23225851034844,0.710384245497465,0.1,0.816510645194439,0.841175384603483,0.0246647394090445
22,17,0.75,1,205,0.00278457772337815,0.0895856973302286,0.001,0.975127774481465,0.974786844274522,-0.000340930206942702
22,17,0.75,1,205,0.00278457772337815,0.0895856973302286,0.01,0.974801890957544,0.97462422379401,-0.00017766716353429
22,17,0.75,1,205,0.00278457772337815,0.0895856973302286,0.1,0.967956389735551,0.968398117870792,0.000441728135241015
22,17,0.75,2,205,0.0895856973302286,0.209034213440578,0.001,0.983458509746101,0.986261761156299,0.00280325141019799
22,17,0.75,2,205,0.0895856973302286,0.209034213440578,0.01,0.981462449619728,0.984373355201155,0.00291090558142737
22,17,0.75,2,205,0.0895856973302286,0.209034213440578,0.1,0.977896976578511,0.982192207067618,0.00429523048910718
22,17,0.75,3,205,0.209034213440578,0.705797560762371,0.001,0.959144239868889,0.970163266726101,0.0110190268572116
22,17,0.75,3,205,0.209034213440578,0.705797560762371,0.01,0.970248018292022,0.980137621633639,0.00988960334161693
22,17,0.75,3,205,0.209034213440578,0.705797560762371,0.1,0.980429416594142,0.988682800321994,0.00825338372785234
22,17,0.5,1,205,0.00278457772337815,0.0895856973302286,0.001,0.948557079455035,0.944018120391084,-0.00453895906395141
22,17,0.5,1,205,0.00278457772337815,0.0895856973302286,0.01,0.953577273886824,0.94997268473565,-0.00360458915117345
22,17,0.5,1,205,0.00278457772337815,0.0895856973302286,0.1,0.952653569510515,0.952099375489782,-0.000554194020733645
22,17,0.5,2,205,0.0895856973302286,0.209034213440578,0.001,0.953335094105544,0.959049503661677,0.005714409556133
22,17,0.5,2,205,0.0895856973302286,0.209034213440578,0.01,0.948355935391779,0.955465789421728,0.00710985402994868
22,17,0.5,2,205,0.0895856973302286,0.209034213440578,0.1,0.935134598662582,0.946387616730869,0.0112530180682868
22,17,0.5,3,205,0.209034213440578,0.705797560762371,0.001,0.943808342588113,0.958575580116213,0.0147672375280993
22,17,0.5,3,205,0.209034213440578,0.705797560762371,0.01,0.951444886698599,0.965549558962386,0.0141046722637868
22,17,0.5,3,205,0.209034213440578,0.705797560762371,0.1,0.965029861836349,0.978797297820805,0.0137674359844562
22,17,0.25,1,205,0.00278457772337815,0.0895856973302286,0.001,0.916685479439239,0.907649268367571,-0.00903621107166785
22,17,0.25,1,205,0.00278457772337815,0.0895856973302286,0.01,0.933218094523025,0.924312809348498,-0.00890528517452649
22,17,0.25,1,205,0.00278457772337815,0.0895856973302286,0.1,0.946443246653816,0.939180685785662,-0.00726256086815358
22,17,0.25,2,205,0.0895856973302286,0.209034213440578,0.001,0.896327602546057,0.902236903628521,0.00590930108246324
22,17,0.25,2,205,0.0895856973302286,0.209034213440578,0.01,0.910590183148789,0.919623879834338,0.0090336966855491
22,17,0.25,2,205,0.0895856973302286,0.209034213440578,0.1,0.884021540772385,0.898623415681249,0.0146018749088639
22,17,0.25,3,205,0.209034213440578,0.705797560762371,0.001,0.942798960020336,0.955622571746671,0.0128236117263343
22,17,0.25,3,205,0.209034213440578,0.705797560762371,0.01,0.944425983442904,0.955790339789045,0.0113643563461412
22,17,0.25,3,205,0.209034213440578,0.705797560762371,0.1,0.956997103241173,0.969650175130519,0.0126530718893464
22,18,0.75,1,169,5.91887199452856e-05,0.107568436489314,0.001,0.818619715232073,0.852318269560314,0.033698554328241
22,18,0.75,1,169,5.91887199452856e-05,0.107568436489314,0.01,0.820980728366906,0.856206397692191,0.0352256693252854
22,18,0.75,1,169,5.91887199452856e-05,0.107568436489314,0.1,0.827310538696329,0.86397422250393,0.0366636838076009
22,18,0.75,2,169,0.107568436489314,0.229467199976686,0.001,0.933779275116284,0.9013991492435,-0.0323801258727834
22,18,0.75,2,169,0.107568436489314,0.229467199976686,0.01,0.932246851039656,0.901902120727797,-0.0303447303118588
22,18,0.75,2,169,0.107568436489314,0.229467199976686,0.1,0.928072743306994,0.896229706276167,-0.0318430370308263
22,18,0.75,3,169,0.229467199976686,0.664201564958909,0.001,0.943455810083191,0.930511274740347,-0.0129445353428442
22,18,0.75,3,169,0.229467199976686,0.664201564958909,0.01,0.944641472564971,0.935981666459996,-0.00865980610497508
22,18,0.75,3,169,0.229467199976686,0.664201564958909,0.1,0.937990226047485,0.935863542247176,-0.00212668380030834
22,18,0.5,1,169,5.91887199452856e-05,0.107568436489314,0.001,0.671104108332672,0.727812159290381,0.0567080509577087
22,18,0.5,1,169,5.91887199452856e-05,0.107568436489314,0.01,0.679559758162315,0.738381331603731,0.0588215734414158
22,18,0.5,1,169,5.91887199452856e-05,0.107568436489314,0.1,0.710866980646059,0.778065239395907,0.0671982587498481
22,18,0.5,2,169,0.107568436489314,0.229467199976686,0.001,0.828867545753378,0.739935087981181,-0.088932457772197
22,18,0.5,2,169,0.107568436489314,0.229467199976686,0.01,0.830152126479464,0.746202126947625,-0.0839499995318387
22,18,0.5,2,169,0.107568436489314,0.229467199976686,0.1,0.847182361280875,0.7552150187073,-0.0919673425735745
22,18,0.5,3,169,0.229467199976686,0.664201564958909,0.001,0.94390484177016,0.926037611250953,-0.0178672305192066
22,18,0.5,3,169,0.229467199976686,0.664201564958909,0.01,0.951655505269809,0.932280051287167,-0.0193754539826421
22,18,0.5,3,169,0.229467199976686,0.664201564958909,0.1,0.950554818279068,0.923325779202311,-0.027229039076757
22,18,0.25,1,169,5.91887199452856e-05,0.107568436489314,0.001,0.470833097065339,0.519097754330205,0.048264657264866
22,18,0.25,1,169,5.91887199452856e-05,0.107568436489314,0.01,0.484386635407959,0.533860757935645,0.0494741225276861
22,18,0.25,1,169,5.91887199452856e-05,0.107568436489314,0.1,0.543458406026836,0.605998787597797,0.0625403815709619
22,18,0.25,2,169,0.107568436489314,0.229467199976686,0.001,0.701096640932861,0.606514894203533,-0.0945817467293283
22,18,0.25,2,169,0.107568436489314,0.229467199976686,0.01,0.705626262606787,0.616153529942784,-0.0894727326640032
22,18,0.25,2,169,0.107568436489314,0.229467199976686,0.1,0.749429072598298,0.651530718082486,-0.0978983545158121
22,18,0.25,3,169,0.229467199976686,0.664201564958909,0.001,0.942682223183482,0.93560034272562,-0.00708188045786218
22,18,0.25,3,169,0.229467199976686,0.664201564958909,0.01,0.956928199115257,0.945343993348281,-0.0115842057669757
22,18,0.25,3,169,0.229467199976686,0.664201564958909,0.1,0.958195422729206,0.933632307138593,-0.0245631155906133
22,19,0.75,1,277,3.49711488022153e-05,0.0777261002455787,0.001,0.423899948957105,0.395558063310994,-0.0283418856461116
22,19,0.75,1,277,3.49711488022153e-05,0.0777261002455787,0.01,0.475612375821803,0.449845891848914,-0.0257664839728891
22,19,0.75,1,277,3.49711488022153e-05,0.0777261002455787,0.1,0.550986197286843,0.528190027052032,-0.0227961702348106
22,19,0.75,2,276,0.0777261002455787,0.177689499912572,0.001,0.53022919092516,0.623081229863546,0.0928520389383857
22,19,0.75,2,276,0.0777261002455787,0.177689499912572,0.01,0.576801887266946,0.662669497004743,0.0858676097377971
22,19,0.75,2,276,0.0777261002455787,0.177689499912572,0.1,0.595377376266312,0.668236326306581,0.072858950040269
22,19,0.75,3,276,0.177689499912572,0.673969443958734,0.001,0.899598534823345,0.923049722079438,0.0234511872560927
22,19,0.75,3,276,0.177689499912572,0.673969443958734,0.01,0.901255654557582,0.931523397027975,0.0302677424703932
22,19,0.75,3,276,0.177689499912572,0.673969443958734,0.1,0.882766220269967,0.917360446283524,0.0345942260135571
22,19,0.5,1,277,3.49711488022153e-05,0.0777261002455787,0.001,0.550784934731888,0.528524560123365,-0.0222603746085234
22,19,0.5,1,277,3.49711488022153e-05,0.0777261002455787,0.01,0.596565411265299,0.578770377231507,-0.0177950340337923
22,19,0.5,1,277,3.49711488022153e-05,0.0777261002455787,0.1,0.662046107544353,0.646421848362008,-0.0156242591823457
22,19,0.5,2,276,0.0777261002455787,0.177689499912572,0.001,0.339987149211341,0.416602649492954,0.0766155002816123
22,19,0.5,2,276,0.0777261002455787,0.177689499912572,0.01,0.395001191800949,0.469560196575635,0.0745590047746866
22,19,0.5,2,276,0.0777261002455787,0.177689499912572,0.1,0.435846217789197,0.500973042850539,0.0651268250613418
22,19,0.5,3,276,0.177689499912572,0.673969443958734,0.001,0.827585162985979,0.855841636864074,0.0282564738780947
22,19,0.5,3,276,0.177689499912572,0.673969443958734,0.01,0.84330060966139,0.874256493375631,0.0309558837142411
22,19,0.5,3,276,0.177689499912572,0.673969443958734,0.1,0.846493571480032,0.868196212464262,0.0217026409842305
22,19,0.25,1,277,3.49711488022153e-05,0.0777261002455787,0.001,0.617959628239903,0.628415260511592,0.0104556322716888
22,19,0.25,1,277,3.49711488022153e-05,0.0777261002455787,0.01,0.656353549771645,0.670071005994282,0.013717456222637
22,19,0.25,1,277,3.49711488022153e-05,0.0777261002455787,0.1,0.709797323347806,0.725791392087089,0.0159940687392831
22,19,0.25,2,276,0.0777261002455787,0.177689499912572,0.001,0.364404477475379,0.410627388720773,0.0462229112453943
22,19,0.25,2,276,0.0777261002455787,0.177689499912572,0.01,0.41121570172921,0.453883233463788,0.0426675317345784
22,19,0.25,2,276,0.0777261002455787,0.177689499912572,0.1,0.461806431597794,0.495340383984724,0.0335339523869305
22,19,0.25,3,276,0.177689499912572,0.673969443958734,0.001,0.773679795635887,0.808186984899488,0.0345071892636006
22,19,0.25,3,276,0.177689499912572,0.673969443958734,0.01,0.807390695624121,0.839408785220515,0.0320180895963939
22,19,0.25,3,276,0.177689499912572,0.673969443958734,0.1,0.833855348612817,0.852941672730947,0.0190863241181301
22,20,0.75,1,257,0,0.0949401119076762,0.001,0.923976937433367,0.923288714987497,-0.000688222445870079
22,20,0.75,1,257,0,0.0949401119076762,0.01,0.923840403137255,0.922987593937241,-0.000852809200014515
22,20,0.75,1,257,0,0.0949401119076762,0.1,0.925857226721521,0.924707516468867,-0.00114971025265376
22,20,0.75,2,256,0.0949401119076762,0.214188450778108,0.001,0.678750995848774,0.660918700438308,-0.0178322954104662
22,20,0.75,2,256,0.0949401119076762,0.214188450778108,0.01,0.68186341518491,0.664342435492295,-0.0175209796926147
22,20,0.75,2,256,0.0949401119076762,0.214188450778108,0.1,0.682830775259303,0.664839279617736,-0.0179914956415664
22,20,0.75,3,256,0.214188450778108,0.730565876901556,0.001,0.851686721505026,0.86439683021596,0.0127101087109339
22,20,0.75,3,256,0.214188450778108,0.730565876901556,0.01,0.855792745438878,0.869511548423784,0.0137188029849068
22,20,0.75,3,256,0.214188450778108,0.730565876901556,0.1,0.866232244195914,0.881760384025176,0.0155281398292619
22,20,0.5,1,257,0,0.0949401119076762,0.001,0.855612485652186,0.85852803562093,0.0029155499687431
22,20,0.5,1,257,0,0.0949401119076762,0.01,0.856599821603399,0.859474168234451,0.00287434663105179
22,20,0.5,1,257,0,0.0949401119076762,0.1,0.85902545519413,0.861450216741434,0.00242476154730453
22,20,0.5,2,256,0.0949401119076762,0.214188450778108,0.001,0.562253903656047,0.527175540551721,-0.035078363104326
22,20,0.5,2,256,0.0949401119076762,0.214188450778108,0.01,0.565669607824746,0.529693235722086,-0.0359763721026605
22,20,0.5,2,256,0.0949401119076762,0.214188450778108,0.1,0.558627671309257,0.525050245009084,-0.0335774263001726
22,20,0.5,3,256,0.214188450778108,0.730565876901556,0.001,0.757499647508225,0.802873119203702,0.0453734716954771
22,20,0.5,3,256,0.214188450778108,0.730565876901556,0.01,0.762315865825302,0.808787678543477,0.0464718127181754
22,20,0.5,3,256,0.214188450778108,0.730565876901556,0.1,0.775926301126721,0.826324783124882,0.0503984819981612
22,20,0.25,1,257,0,0.0949401119076762,0.001,0.780175995262567,0.790577047878226,0.0104010526156589
22,20,0.25,1,257,0,0.0949401119076762,0.01,0.784409124692831,0.794846589013895,0.0104374643210641
22,20,0.25,1,257,0,0.0949401119076762,0.1,0.783606899783896,0.792015685622308,0.00840878583841187
22,20,0.25,2,256,0.0949401119076762,0.214188450778108,0.001,0.507794966346757,0.470150229608451,-0.0376447367383059
22,20,0.25,2,256,0.0949401119076762,0.214188450778108,0.01,0.509454998717732,0.470663173316583,-0.0387918254011493
22,20,0.25,2,256,0.0949401119076762,0.214188450778108,0.1,0.496919218274203,0.463965543304541,-0.0329536749696618
22,20,0.25,3,256,0.214188450778108,0.730565876901556,0.001,0.679940930948913,0.743426580174224,0.0634856492253118
22,20,0.25,3,256,0.214188450778108,0.730565876901556,0.01,0.68649516987857,0.752227921829503,0.065732751950933
22,20,0.25,3,256,0.214188450778108,0.730565876901556,0.1,0.702866124600083,0.772302896695639,0.0694367720955562
22,21,0.75,1,191,0.00143928134289212,0.126786214625946,0.001,0.858791604932902,0.864127812434074,0.00533620750117259
22,21,0.75,1,191,0.00143928134289212,0.126786214625946,0.01,0.867823082145672,0.876135808469028,0.00831272632335645
22,21,0.75,1,191,0.00143928134289212,0.126786214625946,0.1,0.860932903273774,0.869976506385723,0.00904360311194918
22,21,0.75,2,190,0.126786214625946,0.266150113656234,0.001,0.588506823962323,0.61095875022255,0.0224519262602274
22,21,0.75,2,190,0.126786214625946,0.266150113656234,0.01,0.602544131169747,0.626325244267613,0.0237811130978658
22,21,0.75,2,190,0.126786214625946,0.266150113656234,0.1,0.5916245566484,0.622484264911861,0.0308597082634613
22,21,0.75,3,190,0.266150113656234,0.691059407239028,0.001,0.711156322249131,0.808386544372309,0.0972302221231779
22,21,0.75,3,190,0.266150113656234,0.691059407239028,0.01,0.706541775080747,0.807830956775491,0.101289181694744
22,21,0.75,3,190,0.266150113656234,0.691059407239028,0.1,0.697842878717483,0.805990336286763,0.10814745756928
22,21,0.5,1,191,0.00143928134289212,0.126786214625946,0.001,0.751377987446014,0.774808977330141,0.0234309898841271
22,21,0.5,1,191,0.00143928134289212,0.126786214625946,0.01,0.759166543742544,0.786422850518825,0.0272563067762811
22,21,0.5,1,191,0.00143928134289212,0.126786214625946,0.1,0.743011019602632,0.770730471907365,0.0277194523047331
22,21,0.5,2,190,0.126786214625946,0.266150113656234,0.001,0.605586165910051,0.638551749949935,0.0329655840398839
22,21,0.5,2,190,0.126786214625946,0.266150113656234,0.01,0.615574745871077,0.652248052162192,0.0366733062911152
22,21,0.5,2,190,0.126786214625946,0.266150113656234,0.1,0.618593887253485,0.669015105547599,0.0504212182941137
22,21,0.5,3,190,0.266150113656234,0.691059407239028,0.001,0.713675329349986,0.795320238798574,0.0816449094485877
22,21,0.5,3,190,0.266150113656234,0.691059407239028,0.01,0.701980157388914,0.790711689323274,0.0887315319343593
22,21,0.5,3,190,0.266150113656234,0.691059407239028,0.1,0.680675851990793,0.786508329294143,0.10583247730335
22,21,0.25,1,191,0.00143928134289212,0.126786214625946,0.001,0.658325716097192,0.684707302597778,0.0263815865005863
22,21,0.25,1,191,0.00143928134289212,0.126786214625946,0.01,0.658383265444698,0.68724615944972,0.0288628940050226
22,21,0.25,1,191,0.00143928134289212,0.126786214625946,0.1,0.636821018266664,0.664344728100951,0.0275237098342865
22,21,0.25,2,190,0.126786214625946,0.266150113656234,0.001,0.618163192774287,0.653595638751043,0.0354324459767564
22,21,0.25,2,190,0.126786214625946,0.266150113656234,0.01,0.620944690440132,0.660403713351292,0.0394590229111605
22,21,0.25,2,190,0.126786214625946,0.266150113656234,0.1,0.63107352939625,0.685180822886401,0.0541072934901515
22,21,0.25,3,190,0.266150113656234,0.691059407239028,0.001,0.737369506794402,0.790276922832955,0.0529074160385521
22,21,0.25,3,190,0.266150113656234,0.691059407239028,0.01,0.727859926734071,0.787707647585179,0.0598477208511086
22,21,0.25,3,190,0.266150113656234,0.691059407239028,0.1,0.704176670795073,0.783276874446188,0.079100203651115
22,22,0.75,1,292,0.000319111732820454,0.0820193652736492,0.001,0.671972040755646,0.704933481853236,0.0329614410975903
22,22,0.75,1,292,0.000319111732820454,0.0820193652736492,0.01,0.67499026050071,0.708677236748424,0.0336869762477142
22,22,0.75,1,292,0.000319111732820454,0.0820193652736492,0.1,0.715503405111516,0.749927550881932,0.0344241457704158
22,22,0.75,2,291,0.0820193652736492,0.183892507431369,0.001,0.564443758104272,0.53777949862967,-0.0266642594746017
22,22,0.75,2,291,0.0820193652736492,0.183892507431369,0.01,0.568355640006913,0.537636378888189,-0.0307192611187239
22,22,0.75,2,291,0.0820193652736492,0.183892507431369,0.1,0.588184609357554,0.556018223237468,-0.0321663861200854
22,22,0.75,3,292,0.183892507431369,0.663250786850848,0.001,0.728878868027689,0.790339423477262,0.0614605554495726
22,22,0.75,3,292,0.183892507431369,0.663250786850848,0.01,0.733624191341746,0.804240507949105,0.0706163166073587
22,22,0.75,3,292,0.183892507431369,0.663250786850848,0.1,0.722101493335591,0.823078153481915,0.100976660146324
22,22,0.5,1,292,0.000319111732820454,0.0820193652736492,0.001,0.647531946196054,0.689567165968596,0.0420352197725424
22,22,0.5,1,292,0.000319111732820454,0.0820193652736492,0.01,0.654115989488389,0.695085549822992,0.0409695603346035
22,22,0.5,1,292,0.000319111732820454,0.0820193652736492,0.1,0.692733244971939,0.733094467167756,0.0403612221958171
22,22,0.5,2,291,0.0820193652736492,0.183892507431369,0.001,0.499608084270003,0.532535800145523,0.0329277158755197
22,22,0.5,2,291,0.0820193652736492,0.183892507431369,0.01,0.500952484141506,0.52954291469726,0.0285904305557533
22,22,0.5,2,291,0.0820193652736492,0.183892507431369,0.1,0.523176466822562,0.537302779526202,0.01412631270364
22,22,0.5,3,292,0.183892507431369,0.663250786850848,0.001,0.70617919190712,0.745253538049106,0.039074346141986
22,22,0.5,3,292,0.183892507431369,0.663250786850848,0.01,0.709551381579836,0.755266658676763,0.045715277096927
22,22,0.5,3,292,0.183892507431369,0.663250786850848,0.1,0.713239265013849,0.774404919694102,0.0611656546802526
22,22,0.25,1,292,0.000319111732820454,0.0820193652736492,0.001,0.633549696253724,0.664296611868829,0.0307469156151049
22,22,0.25,1,292,0.000319111732820454,0.0820193652736492,0.01,0.643353587467622,0.673005089759124,0.0296515022915017
22,22,0.25,1,292,0.000319111732820454,0.0820193652736492,0.1,0.677625809670155,0.705277209820297,0.0276514001501418
22,22,0.25,2,291,0.0820193652736492,0.183892507431369,0.001,0.421958040622836,0.489946148998904,0.0679881083760686
22,22,0.25,2,291,0.0820193652736492,0.183892507431369,0.01,0.419109366530104,0.484360736747826,0.065251370217722
22,22,0.25,2,291,0.0820193652736492,0.183892507431369,0.1,0.464316205033605,0.513442261730035,0.0491260566964304
22,22,0.25,3,292,0.183892507431369,0.663250786850848,0.001,0.685634356797332,0.706047119928186,0.0204127631308539
22,22,0.25,3,292,0.183892507431369,0.663250786850848,0.01,0.688530403622907,0.712049131191399,0.0235187275684917
22,22,0.25,3,292,0.183892507431369,0.663250786850848,0.1,0.6979412078341,0.724429056902137,0.0264878490680375
22,23,0.75,1,238,0.000337690155621614,0.0759179926560588,0.001,0.620975065487262,0.658632960866286,0.0376578953790233
22,23,0.75,1,238,0.000337690155621614,0.0759179926560588,0.01,0.632192561317924,0.668694562173834,0.0365020008559102
22,23,0.75,1,238,0.000337690155621614,0.0759179926560588,0.1,0.645784539388933,0.68299888698618,0.0372143475972473
22,23,0.75,2,237,0.0759179926560588,0.17905993180626,0.001,0.203923219894647,0.249074653088268,0.0451514331936211
22,23,0.75,2,237,0.0759179926560588,0.17905993180626,0.01,0.221836620604941,0.263831966565195,0.0419953459602535
22,23,0.75,2,237,0.0759179926560588,0.17905993180626,0.1,0.273166680330012,0.332738271678524,0.0595715913485119
22,23,0.75,3,237,0.17905993180626,0.638080302500437,0.001,0.494873031949657,0.622540551354285,0.127667519404628
22,23,0.75,3,237,0.17905993180626,0.638080302500437,0.01,0.521648518235825,0.6432067396185,0.121558221382675
22,23,0.75,3,237,0.17905993180626,0.638080302500437,0.1,0.574830954754623,0.678531717451243,0.10370076269662
22,23,0.5,1,238,0.000337690155621614,0.0759179926560588,0.001,0.564643140261667,0.610969446319451,0.0463263060577834
22,23,0.5,1,238,0.000337690155621614,0.0759179926560588,0.01,0.561648027560615,0.602285586325868,0.0406375587652533
22,23,0.5,1,238,0.000337690155621614,0.0759179926560588,0.1,0.587324845785037,0.624727662751138,0.0374028169661006
22,23,0.5,2,237,0.0759179926560588,0.17905993180626,0.001,0.133851415121073,0.152285823201609,0.0184344080805357
22,23,0.5,2,237,0.0759179926560588,0.17905993180626,0.01,0.143837984923068,0.161594771081393,0.0177567861583254
22,23,0.5,2,237,0.0759179926560588,0.17905993180626,0.1,0.186300376072552,0.217105201803013,0.0308048257304608
22,23,0.5,3,237,0.17905993180626,0.638080302500437,0.001,0.508242834518724,0.584725207324368,0.0764823728056432
22,23,0.5,3,237,0.17905993180626,0.638080302500437,0.01,0.532768259445215,0.606537491342734,0.0737692318975189
22,23,0.5,3,237,0.17905993180626,0.638080302500437,0.1,0.568791240342424,0.634440041019272,0.0656488006768475
22,23,0.25,1,238,0.000337690155621614,0.0759179926560588,0.001,0.532601214190595,0.569307135532596,0.0367059213420005
22,23,0.25,1,238,0.000337690155621614,0.0759179926560588,0.01,0.526815092971888,0.556924994398585,0.0301099014266962
22,23,0.25,1,238,0.000337690155621614,0.0759179926560588,0.1,0.573010083022968,0.598819830719283,0.0258097476963156
22,23,0.25,2,237,0.0759179926560588,0.17905993180626,0.001,0.18049679709607,0.188702034903134,0.00820523780706425
22,23,0.25,2,237,0.0759179926560588,0.17905993180626,0.01,0.190305252963395,0.197402362059022,0.00709710909562736
22,23,0.25,2,237,0.0759179926560588,0.17905993180626,0.1,0.23841923514516,0.251161324095933,0.0127420889507731
22,23,0.25,3,237,0.17905993180626,0.638080302500437,0.001,0.560549454540603,0.585540741204569,0.0249912866639656
22,23,0.25,3,237,0.17905993180626,0.638080302500437,0.01,0.579300299265422,0.604884357380021,0.0255840581145994
22,23,0.25,3,237,0.17905993180626,0.638080302500437,0.1,0.600016656683196,0.62767498845754,0.0276583317743432
22,24,0.75,1,184,4.58996328029371e-05,0.102874919857784,0.001,0.3120678348765,0.32291512483441,0.0108472899579102
22,24,0.75,1,184,4.58996328029371e-05,0.102874919857784,0.01,0.330696235021918,0.341394904545238,0.0106986695233195
22,24,0.75,1,184,4.58996328029371e-05,0.102874919857784,0.1,0.401293718585455,0.407306019393884,0.00601230080842852
22,24,0.75,2,184,0.102874919857784,0.232691831322492,0.001,0.699540000468442,0.642798959755026,-0.0567410407134166
22,24,0.75,2,184,0.102874919857784,0.232691831322492,0.01,0.721190843646357,0.667444034837357,-0.0537468088090001
22,24,0.75,2,184,0.102874919857784,0.232691831322492,0.1,0.732372548934326,0.663899712561097,-0.0684728363732289
22,24,0.75,3,184,0.232691831322492,0.68483563560063,0.001,0.982356469436627,0.98921389722635,0.00685742778972343
22,24,0.75,3,184,0.232691831322492,0.68483563560063,0.01,0.984418501784744,0.990784893253617,0.0063663914688733
22,24,0.75,3,184,0.232691831322492,0.68483563560063,0.1,0.988290458186127,0.992860074213377,0.00456961602725026
22,24,0.5,1,184,4.58996328029371e-05,0.102874919857784,0.001,0.00208694574378058,0.001478932455248,-0.000608013288532577
22,24,0.5,1,184,4.58996328029371e-05,0.102874919857784,0.01,8.54159845000287e-05,2.85501521212482e-09,-8.54131294848166e-05
22,24,0.5,1,184,4.58996328029371e-05,0.102874919857784,0.1,0.0139833082603638,0.0160107430493829,0.00202743478901906
22,24,0.5,2,184,0.102874919857784,0.232691831322492,0.001,0.763716924212361,0.690015602991046,-0.073701321221315
22,24,0.5,2,184,0.102874919857784,0.232691831322492,0.01,0.767273834807853,0.698834807185961,-0.0684390276218925
22,24,0.5,2,184,0.102874919857784,0.232691831322492,0.1,0.778918679098353,0.691361410569786,-0.0875572685285664
22,24,0.5,3,184,0.232691831322492,0.68483563560063,0.001,0.963319590896383,0.986739805846523,0.0234202149501394
22,24,0.5,3,184,0.232691831322492,0.68483563560063,0.01,0.964465287216813,0.98804949488811,0.0235842076712964
22,24,0.5,3,184,0.232691831322492,0.68483563560063,0.1,0.967150809052183,0.98838935119872,0.0212385421465363
22,24,0.25,1,184,4.58996328029371e-05,0.102874919857784,0.001,0.103067368485819,0.11102173214882,0.00795436366300122
22,24,0.25,1,184,4.58996328029371e-05,0.102874919857784,0.01,0.0825343644029269,0.0880269514841319,0.00549258708120498
22,24,0.25,1,184,4.58996328029371e-05,0.102874919857784,0.1,0.0232892691364346,0.0248043295959623,0.00151506045952766
22,24,0.25,2,184,0.102874919857784,0.232691831322492,0.001,0.843141273744143,0.806826986365571,-0.0363142873785725
22,24,0.25,2,184,0.102874919857784,0.232691831322492,0.01,0.834440315174254,0.803275785675202,-0.0311645294990514
22,24,0.25,2,184,0.102874919857784,0.232691831322492,0.1,0.833651955556671,0.790927907618417,-0.0427240479382532
22,24,0.25,3,184,0.232691831322492,0.68483563560063,0.001,0.938044540448253,0.973770114539725,0.0357255740914715
22,24,0.25,3,184,0.232691831322492,0.68483563560063,0.01,0.937375639082902,0.974517079136193,0.0371414400532902
22,24,0.25,3,184,0.232691831322492,0.68483563560063,0.1,0.939984380318553,0.974449675819098,0.0344652955005442
