gwas_pop,ld_pop,gwas,pgs_method,model,r,se,p,n,r_pct_of_diag
EUR,EUR,yengo_eur_ldeur,ptclump,yengo_eur_ldeur_0_0.01,0.42300480347848,0.0325490584816833,4.46651900839873e-35,777,100
EUR,EUR,yengo_eur_ldeur,dbslmm,yengo_eur_ldeur_DBSLMM_1,0.429143753998002,0.03244520220816,3.69947603113235e-36,777,100
EUR,EUR,yengo_eur_ldeur,quickprs,yengo_eur_ldeur_quickprs,0.411516483469114,0.0327385376904249,4.12488304034354e-33,777,100
EUR,EAS,yengo_eur_ldeas,ptclump,yengo_eur_ldeas_0_0.01,0.423713956701862,0.0325371546012139,3.35842431584141e-35,777,100.167646612414
EUR,EAS,yengo_eur_ldeas,dbslmm,yengo_eur_ldeas_DBSLMM_1,0.381773743981443,0.0332002488993078,2.2965422592396e-28,777,88.9617384442278
EUR,EAS,yengo_eur_ldeas,quickprs,yengo_eur_ldeas_quickprs,0.277743672227448,0.034507754201752,3.13983181881643e-15,777,67.4927210414632
EUR,CSA,yengo_eur_ldcsa,ptclump,yengo_eur_ldcsa_0_0.01,0.406246912383631,0.0328233482237532,3.1025415654744e-32,777,96.0383686054994
EUR,CSA,yengo_eur_ldcsa,dbslmm,yengo_eur_ldcsa_DBSLMM_1,0.40272077677745,0.0328793684883975,1.17327840029227e-31,777,93.8428610519461
EUR,CSA,yengo_eur_ldcsa,quickprs,yengo_eur_ldcsa_quickprs,0.386298784917806,0.0331326415170614,4.6768442207687e-29,777,93.8720076681446
EUR,AMR,yengo_eur_ldamr,ptclump,yengo_eur_ldamr_0_0.01,0.41930891048061,0.0326107054971427,1.95251142341467e-34,777,99.1262763525432
EUR,AMR,yengo_eur_ldamr,dbslmm,yengo_eur_ldamr_DBSLMM_1,0.412783319341608,0.0327179526781468,2.52580306633433e-33,777,96.1876563496551
EUR,AMR,yengo_eur_ldamr,quickprs,yengo_eur_ldamr_quickprs,0.347889345820283,0.0336772729542034,1.59316016320886e-23,777,84.5383744747113
EUR,AFR,yengo_eur_ldafr,ptclump,yengo_eur_ldafr_0_0.01,0.382794666713899,0.033185077157981,1.60727707566763e-28,777,90.4941654482591
EUR,AFR,yengo_eur_ldafr,dbslmm,yengo_eur_ldafr_DBSLMM_1,0.394399358435074,0.0330092684162416,2.54367293514327e-30,777,91.9037862629383
EUR,AFR,yengo_eur_ldafr,quickprs,yengo_eur_ldafr_quickprs,0.325130222788612,0.0339694424015207,1.37536805295873e-20,777,79.0078249230116
EAS,EUR,yengo_eas_ldeur,ptclump,yengo_eas_ldeur_0_0.01,0.236283949850045,0.0349039214922864,2.55070470533811e-11,777,89.1572494400923
EAS,EUR,yengo_eas_ldeur,dbslmm,yengo_eas_ldeur_DBSLMM_1,0.235110773112951,0.0349141421455959,3.21569181955738e-11,777,80.5363080566837
EAS,EUR,yengo_eas_ldeur,quickprs,yengo_eas_ldeur_quickprs,0.15232282196502,0.035501890143386,2.0077594685006e-05,777,53.6671869104749
EAS,EAS,yengo_eas_ldeas,ptclump,yengo_eas_ldeas_0_0.01,0.265019335313627,0.0346366345662699,5.90650685493166e-14,777,100
EAS,EAS,yengo_eas_ldeas,dbslmm,yengo_eas_ldeas_DBSLMM_1,0.29193140185601,0.0343563124051158,9.89790414582305e-17,777,100
EAS,EAS,yengo_eas_ldeas,quickprs,yengo_eas_ldeas_quickprs,0.283828593846587,0.034443807989153,7.30281455463696e-16,777,100
EAS,CSA,yengo_eas_ldcsa,ptclump,yengo_eas_ldcsa_0_0.01,0.234494230541212,0.0349194918457445,3.63023443375808e-11,777,88.4819329365943
EAS,CSA,yengo_eas_ldcsa,dbslmm,yengo_eas_ldcsa_DBSLMM_1,0.247634555855084,0.0348022455105425,2.54218782065433e-12,777,84.8262825721041
EAS,CSA,yengo_eas_ldcsa,quickprs,yengo_eas_ldcsa_quickprs,0.169624327557199,0.0354005210003718,1.98330822868205e-06,777,59.7629453954465
EAS,AMR,yengo_eas_ldamr,ptclump,yengo_eas_ldamr_0_0.01,0.239580839276386,0.0348749105019385,1.32136105737136e-11,777,90.4012678897042
EAS,AMR,yengo_eas_ldamr,dbslmm,yengo_eas_ldamr_DBSLMM_1,0.251411230132478,0.0347672889154915,1.14985226611939e-12,777,86.1199680932175
EAS,AMR,yengo_eas_ldamr,quickprs,yengo_eas_ldamr_quickprs,0.165467391631679,0.0354258979863258,3.53619741438318e-06,777,58.2983516174963
EAS,AFR,yengo_eas_ldafr,ptclump,yengo_eas_ldafr_0_0.01,0.236136640141338,0.0349052078041189,2.62617324173737e-11,777,89.1016649264065
EAS,AFR,yengo_eas_ldafr,dbslmm,yengo_eas_ldafr_DBSLMM_1,0.265321103159059,0.0346336534493493,5.51929025019304e-14,777,90.8847426046768
EAS,AFR,yengo_eas_ldafr,quickprs,yengo_eas_ldafr_quickprs,0.236536475705725,0.0349017144538815,2.42623306214442e-11,777,83.3377893678942
CSA,EUR,yengo_csa_ldeur,ptclump,yengo_csa_ldeur_0_0.01,0.147110346892121,0.0355302423811182,3.84712501792162e-05,777,78.6788576242174
CSA,EUR,yengo_csa_ldeur,dbslmm,yengo_csa_ldeur_DBSLMM_1,0.237483579917997,0.0348934146531115,2.01010920563525e-11,777,99.0858262748765
CSA,EUR,yengo_csa_ldeur,quickprs,yengo_csa_ldeur_quickprs,0.169834135041584,0.035399223001764,1.92553810127752e-06,777,64.9433944911583
CSA,EAS,yengo_csa_ldeas,ptclump,yengo_csa_ldeas_0_0.01,0.180272458663275,0.0353325554100354,4.22671925364977e-07,777,96.4149117202243
CSA,EAS,yengo_csa_ldeas,dbslmm,yengo_csa_ldeas_DBSLMM_1,0.244923345265473,0.0348269927747739,4.45710893305819e-12,777,102.189936870651
CSA,EAS,yengo_csa_ldeas,quickprs,yengo_csa_ldeas_quickprs,0.143718927250042,0.0355481476301594,5.8058670063786e-05,777,54.957120286568
CSA,CSA,yengo_csa_ldcsa,ptclump,yengo_csa_ldcsa_0_0.01,0.186975702665567,0.0352875759295556,1.52206579257911e-07,777,100
CSA,CSA,yengo_csa_ldcsa,dbslmm,yengo_csa_ldcsa_DBSLMM_1,0.239674622341229,0.0348740790218196,1.29668275052813e-11,777,100
CSA,CSA,yengo_csa_ldcsa,quickprs,yengo_csa_ldcsa_quickprs,0.26151102259477,0.0346710250890342,1.29104287167522e-13,777,100
CSA,AMR,yengo_csa_ldamr,ptclump,yengo_csa_ldamr_0_0.01,0.161459257254504,0.035449753777694,6.09420036662344e-06,777,86.353068849431
CSA,AMR,yengo_csa_ldamr,dbslmm,yengo_csa_ldamr_DBSLMM_1,0.228899674655716,0.0349673569239712,1.07401061019053e-10,777,95.5043435219551
CSA,AMR,yengo_csa_ldamr,quickprs,yengo_csa_ldamr_quickprs,0.20556196221854,0.0351539339273185,7.35454615135467e-09,777,78.6054676315012
CSA,AFR,yengo_csa_ldafr,ptclump,yengo_csa_ldafr_0_0.01,0.187511429861854,0.0352839077579634,1.4004891983223e-07,777,100.286522360205
CSA,AFR,yengo_csa_ldafr,dbslmm,yengo_csa_ldafr_DBSLMM_1,0.242863422022421,0.0348456015319111,6.79781108549199e-12,777,101.330470305968
CSA,AFR,yengo_csa_ldafr,quickprs,yengo_csa_ldafr_quickprs,0.237165977935238,0.0348962018251182,2.14121591146339e-11,777,90.6906238911174
AMR,EUR,yengo_amr_ldeur,ptclump,yengo_amr_ldeur_0_0.01,0.19338766543606,0.0352429578572146,5.53153025701323e-08,777,88.1506926548413
AMR,EUR,yengo_amr_ldeur,dbslmm,yengo_amr_ldeur_DBSLMM_1,0.26461017380575,0.0346406707809316,6.47438054067706e-14,777,94.5183505371513
AMR,EUR,yengo_amr_ldeur,quickprs,yengo_amr_ldeur_quickprs,0.224413578433385,0.0350048576502715,2.51181298615182e-10,777,82.4877045320909
AMR,EAS,yengo_amr_ldeas,ptclump,yengo_amr_ldeas_0_0.01,0.223158506177548,0.0350152092506285,3.17562083603178e-10,777,101.720949198152
AMR,EAS,yengo_amr_ldeas,dbslmm,yengo_amr_ldeas_DBSLMM_1,0.289709238235385,0.0343805751097739,1.72336573511719e-16,777,103.48369807385
AMR,EAS,yengo_amr_ldeas,quickprs,yengo_amr_ldeas_quickprs,0.198329294373482,0.0352075045334833,2.47610140879406e-08,777,72.899903600058
AMR,CSA,yengo_amr_ldcsa,ptclump,yengo_amr_ldcsa_0_0.01,0.227315587293908,0.0349806881979781,1.45273362279496e-10,777,103.615845540187
AMR,CSA,yengo_amr_ldcsa,dbslmm,yengo_amr_ldcsa_DBSLMM_1,0.27569088035811,0.0345289880738353,5.09415887495375e-15,777,98.4763620189172
AMR,CSA,yengo_amr_ldcsa,quickprs,yengo_amr_ldcsa_quickprs,0.218769062077294,0.0350509324799401,7.13277476545504e-10,777,80.4129495165605
AMR,AMR,yengo_amr_ldamr,ptclump,yengo_amr_ldamr_0_0.01,0.219383035585755,0.0350459805563727,6.37595396417487e-10,777,100
AMR,AMR,yengo_amr_ldamr,dbslmm,yengo_amr_ldamr_DBSLMM_1,0.279956402436099,0.0344846747211838,1.85515760076111e-15,777,100
AMR,AMR,yengo_amr_ldamr,quickprs,yengo_amr_ldamr_quickprs,0.272057004988034,0.0345661588381159,1.18791630041719e-14,777,100
AMR,AFR,yengo_amr_ldafr,ptclump,yengo_amr_ldafr_0_0.01,0.239954190433331,0.0348715983239801,1.22575977125691e-11,777,109.376821135076
AMR,AFR,yengo_amr_ldafr,dbslmm,yengo_amr_ldafr_DBSLMM_1,0.254502494303371,0.0347382559480757,5.94768824487218e-13,777,90.907902833714
AMR,AFR,yengo_amr_ldafr,quickprs,yengo_amr_ldafr_quickprs,0.250229303236803,0.0347782894049949,1.47601074938466e-12,777,91.9767911316268
AFR,EUR,yengo_afr_ldeur,ptclump,yengo_afr_ldeur_0_0.01,0.141671215103746,0.0355587522334703,7.41096690161562e-05,777,98.9777075539779
AFR,EUR,yengo_afr_ldeur,dbslmm,yengo_afr_ldeur_DBSLMM_1,0.140772085187064,0.0355633595428903,8.24079613541356e-05,777,79.4610461808531
AFR,EUR,yengo_afr_ldeur,quickprs,yengo_afr_ldeur_quickprs,0.172355508986427,0.0353834949407485,1.3460014294842e-06,777,75.9645184815325
AFR,EAS,yengo_afr_ldeas,ptclump,yengo_afr_ldeas_0_0.01,0.12706025762643,0.0356299202090839,0.00038454893742176,777,88.7698535787413
AFR,EAS,yengo_afr_ldeas,dbslmm,yengo_afr_ldeas_DBSLMM_1,0.0859560211201065,0.0357881141276965,0.0165489088855893,777,48.5192455213757
AFR,EAS,yengo_afr_ldeas,quickprs,yengo_afr_ldeas_quickprs,0.120177782006088,0.0356607184396012,0.000788782137565152,777,52.9675401497609
AFR,CSA,yengo_afr_ldcsa,ptclump,yengo_afr_ldcsa_0_0.01,0.13601993807485,0.035587213659677,0.000142895485595219,777,95.02947823539
AFR,CSA,yengo_afr_ldcsa,dbslmm,yengo_afr_ldcsa_DBSLMM_1,0.119402033918586,0.0356640806793705,0.000853370891363698,777,67.3983802874324
AFR,CSA,yengo_afr_ldcsa,quickprs,yengo_afr_ldcsa_quickprs,0.185596872853584,0.0352969668949499,1.88366690683089e-07,777,81.8005595580414
AFR,AMR,yengo_afr_ldamr,ptclump,yengo_afr_ldamr_0_0.01,0.151985276200215,0.0355037567447645,2.09548797733314e-05,777,106.183561771806
AFR,AMR,yengo_afr_ldamr,dbslmm,yengo_afr_ldamr_DBSLMM_1,0.154157631038677,0.0354916696231037,1.58876584809909e-05,777,87.0167307873399
AFR,AMR,yengo_afr_ldamr,quickprs,yengo_afr_ldamr_quickprs,0.131055056949156,0.0356112445461616,0.000249228402539551,777,57.7616251099725
AFR,AFR,yengo_afr_ldafr,ptclump,yengo_afr_ldafr_0_0.01,0.143134467957327,0.035551190245173,6.22687519537535e-05,777,100
AFR,AFR,yengo_afr_ldafr,dbslmm,yengo_afr_ldafr_DBSLMM_1,0.177158610354396,0.0353528723435374,6.7071443133908e-07,777,100
AFR,AFR,yengo_afr_ldafr,quickprs,yengo_afr_ldafr_quickprs,0.226889490556473,0.0349842574563792,1.57508977876305e-10,777,100
