chr,block_id,m,label,kind,r2
22,1,255,EUR_baseline,single_pop,0.844185219697964
22,1,255,paperN,true_weights,0.878339359536708
22,1,255,afproj,true_weights,0.877779680378778
22,1,255,equal,wrong_weight,0.864446284761063
22,1,255,scramble_swap_EUR_AFR,wrong_weight,0.685752697798528
22,1,255,scramble_cyclic,wrong_weight,0.758345762769116
22,1,255,sweep_wEUR_0.00,sweep,0.770452343713476
22,1,255,sweep_wEUR_0.10,sweep,0.815232624542414
22,1,255,sweep_wEUR_0.20,sweep,0.840333376124922
22,1,255,sweep_wEUR_0.30,sweep,0.856413021171355
22,1,255,sweep_wEUR_0.40,sweep,0.867045618021232
22,1,255,sweep_wEUR_0.50,sweep,0.873910168065302
22,1,255,sweep_wEUR_0.60,sweep,0.877841052187587
22,1,255,sweep_wEUR_0.70,sweep,0.879072113946043
22,1,255,sweep_wEUR_0.80,sweep,0.87704012900282
22,1,255,sweep_wEUR_0.90,sweep,0.869161423537176
22,1,255,sweep_wEUR_1.00,sweep,0.844185219697966
22,2,310,EUR_baseline,single_pop,0.884242556428043
22,2,310,paperN,true_weights,0.915182319174663
22,2,310,afproj,true_weights,0.915294691195559
22,2,310,equal,wrong_weight,0.927058271567108
22,2,310,scramble_swap_EUR_AFR,wrong_weight,0.91743294176613
22,2,310,scramble_cyclic,wrong_weight,0.917450727548966
22,2,310,sweep_wEUR_0.00,sweep,0.926028842152083
22,2,310,sweep_wEUR_0.10,sweep,0.929782403987222
22,2,310,sweep_wEUR_0.20,sweep,0.930502748073478
22,2,310,sweep_wEUR_0.30,sweep,0.930126369505643
22,2,310,sweep_wEUR_0.40,sweep,0.928843090544638
22,2,310,sweep_wEUR_0.50,sweep,0.926680099157281
22,2,310,sweep_wEUR_0.60,sweep,0.923600769575739
22,2,310,sweep_wEUR_0.70,sweep,0.919415516666436
22,2,310,sweep_wEUR_0.80,sweep,0.914095189660377
22,2,310,sweep_wEUR_0.90,sweep,0.906108658228396
22,2,310,sweep_wEUR_1.00,sweep,0.884242556428045
22,3,715,EUR_baseline,single_pop,0.922940001763599
22,3,715,paperN,true_weights,0.957085436557975
22,3,715,afproj,true_weights,0.957046237701801
22,3,715,equal,wrong_weight,0.957443197631602
22,3,715,scramble_swap_EUR_AFR,wrong_weight,0.892219736985944
22,3,715,scramble_cyclic,wrong_weight,0.887709220649505
22,3,715,sweep_wEUR_0.00,sweep,0.91244601027344
22,3,715,sweep_wEUR_0.10,sweep,0.935422265959427
22,3,715,sweep_wEUR_0.20,sweep,0.94807831760534
22,3,715,sweep_wEUR_0.30,sweep,0.956062599679397
22,3,715,sweep_wEUR_0.40,sweep,0.960588738407841
22,3,715,sweep_wEUR_0.50,sweep,0.962327825493792
22,3,715,sweep_wEUR_0.60,sweep,0.961877990442422
22,3,715,sweep_wEUR_0.70,sweep,0.95974508885025
22,3,715,sweep_wEUR_0.80,sweep,0.956241383956816
22,3,715,sweep_wEUR_0.90,sweep,0.951153924050028
22,3,715,sweep_wEUR_1.00,sweep,0.92293999934408
22,4,809,EUR_baseline,single_pop,0.963687530241759
22,4,809,paperN,true_weights,0.980552265883869
22,4,809,afproj,true_weights,0.980148140292052
22,4,809,equal,wrong_weight,0.977575926673946
22,4,809,scramble_swap_EUR_AFR,wrong_weight,0.90778804875519
22,4,809,scramble_cyclic,wrong_weight,0.930194399265707
22,4,809,sweep_wEUR_0.00,sweep,0.951254150349466
22,4,809,sweep_wEUR_0.10,sweep,0.961970489138666
22,4,809,sweep_wEUR_0.20,sweep,0.968678124282563
22,4,809,sweep_wEUR_0.30,sweep,0.973423416404005
22,4,809,sweep_wEUR_0.40,sweep,0.976777809991789
22,4,809,sweep_wEUR_0.50,sweep,0.979062665723773
22,4,809,sweep_wEUR_0.60,sweep,0.980413447560429
22,4,809,sweep_wEUR_0.70,sweep,0.980771130628565
22,4,809,sweep_wEUR_0.80,sweep,0.979836876852094
22,4,809,sweep_wEUR_0.90,sweep,0.976922646311457
22,4,809,sweep_wEUR_1.00,sweep,0.963687530241759
22,5,417,EUR_baseline,single_pop,0.885798062214855
22,5,417,paperN,true_weights,0.919763559147963
22,5,417,afproj,true_weights,0.919011027067152
22,5,417,equal,wrong_weight,0.886906709359289
22,5,417,scramble_swap_EUR_AFR,wrong_weight,0.76787965110151
22,5,417,scramble_cyclic,wrong_weight,0.824897486019762
22,5,417,sweep_wEUR_0.00,sweep,0.814270863530877
22,5,417,sweep_wEUR_0.10,sweep,0.859016671904059
22,5,417,sweep_wEUR_0.20,sweep,0.880351832138869
22,5,417,sweep_wEUR_0.30,sweep,0.893990068974102
22,5,417,sweep_wEUR_0.40,sweep,0.903824787082607
22,5,417,sweep_wEUR_0.50,sweep,0.911255968426001
22,5,417,sweep_wEUR_0.60,sweep,0.916659625304522
22,5,417,sweep_wEUR_0.70,sweep,0.919225241148736
22,5,417,sweep_wEUR_0.80,sweep,0.918700445476185
22,5,417,sweep_wEUR_0.90,sweep,0.914840427029241
22,5,417,sweep_wEUR_1.00,sweep,0.885798062214853
22,6,480,EUR_baseline,single_pop,0.950946558834968
22,6,480,paperN,true_weights,0.972068484374587
22,6,480,afproj,true_weights,0.97202144028461
22,6,480,equal,wrong_weight,0.975431407608927
22,6,480,scramble_swap_EUR_AFR,wrong_weight,0.945808982948729
22,6,480,scramble_cyclic,wrong_weight,0.957331428699695
22,6,480,sweep_wEUR_0.00,sweep,0.964014005011702
22,6,480,sweep_wEUR_0.10,sweep,0.970589147202705
22,6,480,sweep_wEUR_0.20,sweep,0.973380143338419
22,6,480,sweep_wEUR_0.30,sweep,0.974868985846108
22,6,480,sweep_wEUR_0.40,sweep,0.975554338270443
22,6,480,sweep_wEUR_0.50,sweep,0.975593997341201
22,6,480,sweep_wEUR_0.60,sweep,0.975017730935905
22,6,480,sweep_wEUR_0.70,sweep,0.973744035003994
22,6,480,sweep_wEUR_0.80,sweep,0.971449489857909
22,6,480,sweep_wEUR_0.90,sweep,0.966981736900132
22,6,480,sweep_wEUR_1.00,sweep,0.950946558834965
22,7,948,EUR_baseline,single_pop,0.871215124043928
22,7,948,paperN,true_weights,0.909730647313146
22,7,948,afproj,true_weights,0.908689053678328
22,7,948,equal,wrong_weight,0.917684664814809
22,7,948,scramble_swap_EUR_AFR,wrong_weight,0.832253076557974
22,7,948,scramble_cyclic,wrong_weight,0.865742120100632
22,7,948,sweep_wEUR_0.00,sweep,0.874549748356679
22,7,948,sweep_wEUR_0.10,sweep,0.904607766475641
22,7,948,sweep_wEUR_0.20,sweep,0.91299363890044
22,7,948,sweep_wEUR_0.30,sweep,0.916875270213171
22,7,948,sweep_wEUR_0.40,sweep,0.918370787860403
22,7,948,sweep_wEUR_0.50,sweep,0.918041831962485
22,7,948,sweep_wEUR_0.60,sweep,0.916074669025496
22,7,948,sweep_wEUR_0.70,sweep,0.912550876404108
22,7,948,sweep_wEUR_0.80,sweep,0.907568529443479
22,7,948,sweep_wEUR_0.90,sweep,0.900812464700066
22,7,948,sweep_wEUR_1.00,sweep,0.871215124043926
22,8,863,EUR_baseline,single_pop,0.808319696696616
22,8,863,paperN,true_weights,0.893237283171143
22,8,863,afproj,true_weights,0.893096668781502
22,8,863,equal,wrong_weight,0.883046924052255
22,8,863,scramble_swap_EUR_AFR,wrong_weight,0.780164780381236
22,8,863,scramble_cyclic,wrong_weight,0.826951513309701
22,8,863,sweep_wEUR_0.00,sweep,0.841948453498919
22,8,863,sweep_wEUR_0.10,sweep,0.873418723871826
22,8,863,sweep_wEUR_0.20,sweep,0.888630126033424
22,8,863,sweep_wEUR_0.30,sweep,0.896962824389224
22,8,863,sweep_wEUR_0.40,sweep,0.901339401823963
22,8,863,sweep_wEUR_0.50,sweep,0.903043230616398
22,8,863,sweep_wEUR_0.60,sweep,0.902462631335593
22,8,863,sweep_wEUR_0.70,sweep,0.899037727968094
22,8,863,sweep_wEUR_0.80,sweep,0.890951150224352
22,8,863,sweep_wEUR_0.90,sweep,0.873162775016857
22,8,863,sweep_wEUR_1.00,sweep,0.808319696696623
22,9,734,EUR_baseline,single_pop,0.956568732116216
22,9,734,paperN,true_weights,0.975177901987952
22,9,734,afproj,true_weights,0.975235584990603
22,9,734,equal,wrong_weight,0.961808603718785
22,9,734,scramble_swap_EUR_AFR,wrong_weight,0.847529486963918
22,9,734,scramble_cyclic,wrong_weight,0.905017671785157
22,9,734,sweep_wEUR_0.00,sweep,0.910998662658091
22,9,734,sweep_wEUR_0.10,sweep,0.944965914264681
22,9,734,sweep_wEUR_0.20,sweep,0.957999067862584
22,9,734,sweep_wEUR_0.30,sweep,0.965339248527582
22,9,734,sweep_wEUR_0.40,sweep,0.970001790621958
22,9,734,sweep_wEUR_0.50,sweep,0.973024683237807
22,9,734,sweep_wEUR_0.60,sweep,0.974862774221395
22,9,734,sweep_wEUR_0.70,sweep,0.975593275876671
22,9,734,sweep_wEUR_0.80,sweep,0.974978864217615
22,9,734,sweep_wEUR_0.90,sweep,0.971988445797226
22,9,734,sweep_wEUR_1.00,sweep,0.956568732116217
22,10,689,EUR_baseline,single_pop,0.98443929339128
22,10,689,paperN,true_weights,0.989891623357594
22,10,689,afproj,true_weights,0.989966073767164
22,10,689,equal,wrong_weight,0.981451945013437
22,10,689,scramble_swap_EUR_AFR,wrong_weight,0.950917155300509
22,10,689,scramble_cyclic,wrong_weight,0.944569873603853
22,10,689,sweep_wEUR_0.00,sweep,0.955822598009413
22,10,689,sweep_wEUR_0.10,sweep,0.973940681846146
22,10,689,sweep_wEUR_0.20,sweep,0.981155996345798
22,10,689,sweep_wEUR_0.30,sweep,0.985167294609042
22,10,689,sweep_wEUR_0.40,sweep,0.987610084446723
22,10,689,sweep_wEUR_0.50,sweep,0.98910065325099
22,10,689,sweep_wEUR_0.60,sweep,0.989905446594092
22,10,689,sweep_wEUR_0.70,sweep,0.99014061624896
22,10,689,sweep_wEUR_0.80,sweep,0.989878833134435
22,10,689,sweep_wEUR_0.90,sweep,0.989257917565341
22,10,689,sweep_wEUR_1.00,sweep,0.984439293399159
22,11,437,EUR_baseline,single_pop,0.951482682129314
22,11,437,paperN,true_weights,0.988998281614547
22,11,437,afproj,true_weights,0.989017707398888
22,11,437,equal,wrong_weight,0.974638305346901
22,11,437,scramble_swap_EUR_AFR,wrong_weight,0.941202003374144
22,11,437,scramble_cyclic,wrong_weight,0.931188215193227
22,11,437,sweep_wEUR_0.00,sweep,0.939628015961796
22,11,437,sweep_wEUR_0.10,sweep,0.955664151001139
22,11,437,sweep_wEUR_0.20,sweep,0.96649243967202
22,11,437,sweep_wEUR_0.30,sweep,0.97446113376326
22,11,437,sweep_wEUR_0.40,sweep,0.980289531012436
22,11,437,sweep_wEUR_0.50,sweep,0.984451412033004
22,11,437,sweep_wEUR_0.60,sweep,0.987250884327089
22,11,437,sweep_wEUR_0.70,sweep,0.98880297206733
22,11,437,sweep_wEUR_0.80,sweep,0.988881083304462
22,11,437,sweep_wEUR_0.90,sweep,0.986124919059029
22,11,437,sweep_wEUR_1.00,sweep,0.951482682129318
22,12,1159,EUR_baseline,single_pop,0.936838206229198
22,12,1159,paperN,true_weights,0.97418018447184
22,12,1159,afproj,true_weights,0.973530029202051
22,12,1159,equal,wrong_weight,0.969379307043299
22,12,1159,scramble_swap_EUR_AFR,wrong_weight,0.914839251111259
22,12,1159,scramble_cyclic,wrong_weight,0.918249227647979
22,12,1159,sweep_wEUR_0.00,sweep,0.936242091449016
22,12,1159,sweep_wEUR_0.10,sweep,0.948702276406827
22,12,1159,sweep_wEUR_0.20,sweep,0.956774924667216
22,12,1159,sweep_wEUR_0.30,sweep,0.963593935336565
22,12,1159,sweep_wEUR_0.40,sweep,0.968899329129331
22,12,1159,sweep_wEUR_0.50,sweep,0.972633919444499
22,12,1159,sweep_wEUR_0.60,sweep,0.974715330290013
22,12,1159,sweep_wEUR_0.70,sweep,0.974947337178772
22,12,1159,sweep_wEUR_0.80,sweep,0.972901592032805
22,12,1159,sweep_wEUR_0.90,sweep,0.967309935396665
22,12,1159,sweep_wEUR_1.00,sweep,0.936838206229199
22,13,618,EUR_baseline,single_pop,0.963729052504763
22,13,618,paperN,true_weights,0.981293484610331
22,13,618,afproj,true_weights,0.981216573168157
22,13,618,equal,wrong_weight,0.972843396405864
22,13,618,scramble_swap_EUR_AFR,wrong_weight,0.942238271779108
22,13,618,scramble_cyclic,wrong_weight,0.935918189510086
22,13,618,sweep_wEUR_0.00,sweep,0.950900342223875
22,13,618,sweep_wEUR_0.10,sweep,0.961119676188049
22,13,618,sweep_wEUR_0.20,sweep,0.967500797687693
22,13,618,sweep_wEUR_0.30,sweep,0.972163029632465
22,13,618,sweep_wEUR_0.40,sweep,0.975634133328825
22,13,618,sweep_wEUR_0.50,sweep,0.97818703912997
22,13,618,sweep_wEUR_0.60,sweep,0.979961590456022
22,13,618,sweep_wEUR_0.70,sweep,0.980992756498957
22,13,618,sweep_wEUR_0.80,sweep,0.981168081169082
22,13,618,sweep_wEUR_0.90,sweep,0.979833690886751
22,13,618,sweep_wEUR_1.00,sweep,0.963729052504762
22,14,1069,EUR_baseline,single_pop,0.966118570677152
22,14,1069,paperN,true_weights,0.979154886921052
22,14,1069,afproj,true_weights,0.978917039552166
22,14,1069,equal,wrong_weight,0.970091873238163
22,14,1069,scramble_swap_EUR_AFR,wrong_weight,0.893865689259175
22,14,1069,scramble_cyclic,wrong_weight,0.960988488286916
22,14,1069,sweep_wEUR_0.00,sweep,0.955450147149258
22,14,1069,sweep_wEUR_0.10,sweep,0.968382942733264
22,14,1069,sweep_wEUR_0.20,sweep,0.973580917293367
22,14,1069,sweep_wEUR_0.30,sweep,0.976544664000456
22,14,1069,sweep_wEUR_0.40,sweep,0.978391001487916
22,14,1069,sweep_wEUR_0.50,sweep,0.979486497219773
22,14,1069,sweep_wEUR_0.60,sweep,0.97993904822712
22,14,1069,sweep_wEUR_0.70,sweep,0.979676927049436
22,14,1069,sweep_wEUR_0.80,sweep,0.978642707491712
22,14,1069,sweep_wEUR_0.90,sweep,0.9763502311404
22,14,1069,sweep_wEUR_1.00,sweep,0.966118570677155
22,15,710,EUR_baseline,single_pop,0.974353628737678
22,15,710,paperN,true_weights,0.977524869171707
22,15,710,afproj,true_weights,0.977292813033421
22,15,710,equal,wrong_weight,0.97669409831751
22,15,710,scramble_swap_EUR_AFR,wrong_weight,0.946534953573258
22,15,710,scramble_cyclic,wrong_weight,0.947887618216366
22,15,710,sweep_wEUR_0.00,sweep,0.956560903668746
22,15,710,sweep_wEUR_0.10,sweep,0.967193619902247
22,15,710,sweep_wEUR_0.20,sweep,0.970888498749302
22,15,710,sweep_wEUR_0.30,sweep,0.973287810457664
22,15,710,sweep_wEUR_0.40,sweep,0.975185482026306
22,15,710,sweep_wEUR_0.50,sweep,0.97666673748209
22,15,710,sweep_wEUR_0.60,sweep,0.977617473069174
22,15,710,sweep_wEUR_0.70,sweep,0.977832208203587
22,15,710,sweep_wEUR_0.80,sweep,0.977042935138631
22,15,710,sweep_wEUR_0.90,sweep,0.975245094243662
22,15,710,sweep_wEUR_1.00,sweep,0.974353628737678
22,16,417,EUR_baseline,single_pop,0.977274113140963
22,16,417,paperN,true_weights,0.982961969810371
22,16,417,afproj,true_weights,0.982914683873746
22,16,417,equal,wrong_weight,0.982464559155135
22,16,417,scramble_swap_EUR_AFR,wrong_weight,0.935608837778586
22,16,417,scramble_cyclic,wrong_weight,0.955941167083872
22,16,417,sweep_wEUR_0.00,sweep,0.960807150287815
22,16,417,sweep_wEUR_0.10,sweep,0.974856392774112
22,16,417,sweep_wEUR_0.20,sweep,0.979413223158377
22,16,417,sweep_wEUR_0.30,sweep,0.981698585912455
22,16,417,sweep_wEUR_0.40,sweep,0.982987087993039
22,16,417,sweep_wEUR_0.50,sweep,0.983666413894202
22,16,417,sweep_wEUR_0.60,sweep,0.983861053089146
22,16,417,sweep_wEUR_0.70,sweep,0.983570771758727
22,16,417,sweep_wEUR_0.80,sweep,0.98267682132883
22,16,417,sweep_wEUR_0.90,sweep,0.98085111730318
22,16,417,sweep_wEUR_1.00,sweep,0.977274113140963
22,17,615,EUR_baseline,single_pop,0.987172731423816
22,17,615,paperN,true_weights,0.994769334526966
22,17,615,afproj,true_weights,0.994672642808758
22,17,615,equal,wrong_weight,0.990882554442571
22,17,615,scramble_swap_EUR_AFR,wrong_weight,0.935866292517611
22,17,615,scramble_cyclic,wrong_weight,0.959624690864135
22,17,615,sweep_wEUR_0.00,sweep,0.976051329960342
22,17,615,sweep_wEUR_0.10,sweep,0.98453673401163
22,17,615,sweep_wEUR_0.20,sweep,0.988668994794507
22,17,615,sweep_wEUR_0.30,sweep,0.991243964031425
22,17,615,sweep_wEUR_0.40,sweep,0.992940207771875
22,17,615,sweep_wEUR_0.50,sweep,0.994029620408096
22,17,615,sweep_wEUR_0.60,sweep,0.994646052557437
22,17,615,sweep_wEUR_0.70,sweep,0.994843139656261
22,17,615,sweep_wEUR_0.80,sweep,0.994571801646418
22,17,615,sweep_wEUR_0.90,sweep,0.993409599741585
22,17,615,sweep_wEUR_1.00,sweep,0.987172731423816
22,18,507,EUR_baseline,single_pop,0.946225699826545
22,18,507,paperN,true_weights,0.972016606614753
22,18,507,afproj,true_weights,0.971382101956637
22,18,507,equal,wrong_weight,0.959112738708149
22,18,507,scramble_swap_EUR_AFR,wrong_weight,0.883220163682616
22,18,507,scramble_cyclic,wrong_weight,0.895227341147521
22,18,507,sweep_wEUR_0.00,sweep,0.913515585325339
22,18,507,sweep_wEUR_0.10,sweep,0.93693574263176
22,18,507,sweep_wEUR_0.20,sweep,0.948131923640408
22,18,507,sweep_wEUR_0.30,sweep,0.955587026136644
22,18,507,sweep_wEUR_0.40,sweep,0.960944180415702
22,18,507,sweep_wEUR_0.50,sweep,0.964673117716942
22,18,507,sweep_wEUR_0.60,sweep,0.967539814872876
22,18,507,sweep_wEUR_0.70,sweep,0.970410277805195
22,18,507,sweep_wEUR_0.80,sweep,0.971326009372932
22,18,507,sweep_wEUR_0.90,sweep,0.967977563532511
22,18,507,sweep_wEUR_1.00,sweep,0.946225699826546
22,19,829,EUR_baseline,single_pop,0.910627895250283
22,19,829,paperN,true_weights,0.942066491241858
22,19,829,afproj,true_weights,0.941408906516907
22,19,829,equal,wrong_weight,0.935346131130352
22,19,829,scramble_swap_EUR_AFR,wrong_weight,0.829357515362272
22,19,829,scramble_cyclic,wrong_weight,0.858168903951523
22,19,829,sweep_wEUR_0.00,sweep,0.880896195018451
22,19,829,sweep_wEUR_0.10,sweep,0.911765903547531
22,19,829,sweep_wEUR_0.20,sweep,0.924165966280487
22,19,829,sweep_wEUR_0.30,sweep,0.931546967052199
22,19,829,sweep_wEUR_0.40,sweep,0.936413455090181
22,19,829,sweep_wEUR_0.50,sweep,0.939649581475075
22,19,829,sweep_wEUR_0.60,sweep,0.94158147117384
22,19,829,sweep_wEUR_0.70,sweep,0.942189992945988
22,19,829,sweep_wEUR_0.80,sweep,0.940955615999968
22,19,829,sweep_wEUR_0.90,sweep,0.935687226249446
22,19,829,sweep_wEUR_1.00,sweep,0.910627895250284
22,20,769,EUR_baseline,single_pop,0.961104332231838
22,20,769,paperN,true_weights,0.977507104871443
22,20,769,afproj,true_weights,0.977152603005909
22,20,769,equal,wrong_weight,0.971140292980069
22,20,769,scramble_swap_EUR_AFR,wrong_weight,0.91072511900427
22,20,769,scramble_cyclic,wrong_weight,0.936012343415069
22,20,769,sweep_wEUR_0.00,sweep,0.941632396996935
22,20,769,sweep_wEUR_0.10,sweep,0.958550474369128
22,20,769,sweep_wEUR_0.20,sweep,0.966502834439626
22,20,769,sweep_wEUR_0.30,sweep,0.971260348852049
22,20,769,sweep_wEUR_0.40,sweep,0.974262387441394
22,20,769,sweep_wEUR_0.50,sweep,0.97612435016538
22,20,769,sweep_wEUR_0.60,sweep,0.977148144590308
22,20,769,sweep_wEUR_0.70,sweep,0.977454285379377
22,20,769,sweep_wEUR_0.80,sweep,0.976982609351377
22,20,769,sweep_wEUR_0.90,sweep,0.975097215448484
22,20,769,sweep_wEUR_1.00,sweep,0.961104332222438
22,21,572,EUR_baseline,single_pop,0.950021478409962
22,21,572,paperN,true_weights,0.970503778017977
22,21,572,afproj,true_weights,0.97004174040297
22,21,572,equal,wrong_weight,0.943182136283147
22,21,572,scramble_swap_EUR_AFR,wrong_weight,0.799058583566216
22,21,572,scramble_cyclic,wrong_weight,0.877433770663376
22,21,572,sweep_wEUR_0.00,sweep,0.873594894775274
22,21,572,sweep_wEUR_0.10,sweep,0.917849679071573
22,21,572,sweep_wEUR_0.20,sweep,0.937350429941734
22,21,572,sweep_wEUR_0.30,sweep,0.950031569000438
22,21,572,sweep_wEUR_0.40,sweep,0.958870234062865
22,21,572,sweep_wEUR_0.50,sweep,0.964855436132199
22,21,572,sweep_wEUR_0.60,sweep,0.968475340540632
22,21,572,sweep_wEUR_0.70,sweep,0.970052335199615
22,21,572,sweep_wEUR_0.80,sweep,0.969884494298971
22,21,572,sweep_wEUR_0.90,sweep,0.968239763679624
22,21,572,sweep_wEUR_1.00,sweep,0.95002147835679
22,22,875,EUR_baseline,single_pop,0.834711553344443
22,22,875,paperN,true_weights,0.904553251480137
22,22,875,afproj,true_weights,0.90348095352428
22,22,875,equal,wrong_weight,0.890583281041498
22,22,875,scramble_swap_EUR_AFR,wrong_weight,0.773293064103503
22,22,875,scramble_cyclic,wrong_weight,0.827862334029607
22,22,875,sweep_wEUR_0.00,sweep,0.833623574144585
22,22,875,sweep_wEUR_0.10,sweep,0.866996019245668
22,22,875,sweep_wEUR_0.20,sweep,0.881606103535617
22,22,875,sweep_wEUR_0.30,sweep,0.890814285148398
22,22,875,sweep_wEUR_0.40,sweep,0.897116192969493
22,22,875,sweep_wEUR_0.50,sweep,0.901611574954069
22,22,875,sweep_wEUR_0.60,sweep,0.904568403611676
22,22,875,sweep_wEUR_0.70,sweep,0.905212494154917
22,22,875,sweep_wEUR_0.80,sweep,0.902654997647496
22,22,875,sweep_wEUR_0.90,sweep,0.8941873221365
22,22,875,sweep_wEUR_1.00,sweep,0.83471155363319
22,23,712,EUR_baseline,single_pop,0.841090106332337
22,23,712,paperN,true_weights,0.904162198379187
22,23,712,afproj,true_weights,0.901667422317098
22,23,712,equal,wrong_weight,0.885462792400378
22,23,712,scramble_swap_EUR_AFR,wrong_weight,0.713240207401823
22,23,712,scramble_cyclic,wrong_weight,0.802920446106804
22,23,712,sweep_wEUR_0.00,sweep,0.820482948740824
22,23,712,sweep_wEUR_0.10,sweep,0.851533947322361
22,23,712,sweep_wEUR_0.20,sweep,0.869143495307483
22,23,712,sweep_wEUR_0.30,sweep,0.881976793119515
22,23,712,sweep_wEUR_0.40,sweep,0.891921878151567
22,23,712,sweep_wEUR_0.50,sweep,0.899467028912608
22,23,712,sweep_wEUR_0.60,sweep,0.90307059448345
22,23,712,sweep_wEUR_0.70,sweep,0.903617230885332
22,23,712,sweep_wEUR_0.80,sweep,0.900771600614408
22,23,712,sweep_wEUR_0.90,sweep,0.892282223148596
22,23,712,sweep_wEUR_1.00,sweep,0.841090106332337
22,24,552,EUR_baseline,single_pop,0.922150628377522
22,24,552,paperN,true_weights,0.95303448668686
22,24,552,afproj,true_weights,0.953174043632866
22,24,552,equal,wrong_weight,0.937305298052468
22,24,552,scramble_swap_EUR_AFR,wrong_weight,0.835940095881779
22,24,552,scramble_cyclic,wrong_weight,0.899856183595201
22,24,552,sweep_wEUR_0.00,sweep,0.905253891052929
22,24,552,sweep_wEUR_0.10,sweep,0.926083354541693
22,24,552,sweep_wEUR_0.20,sweep,0.93514290381078
22,24,552,sweep_wEUR_0.30,sweep,0.941214897384152
22,24,552,sweep_wEUR_0.40,sweep,0.945708349092267
22,24,552,sweep_wEUR_0.50,sweep,0.949101848012288
22,24,552,sweep_wEUR_0.60,sweep,0.951559635945113
22,24,552,sweep_wEUR_0.70,sweep,0.953014085202573
22,24,552,sweep_wEUR_0.80,sweep,0.953008162335312
22,24,552,sweep_wEUR_0.90,sweep,0.949809709050774
22,24,552,sweep_wEUR_1.00,sweep,0.922150628377523
