mix,ld_pop,gwas,pgs_method,model,r,se,p,n,r_pct_of_row_max
eur100,EUR,mix_eur100_ldeur,ptclump,mix_eur100_ldeur_0_0.01,0.414034456853804,0.0326975478717126,1.55284900311936e-33,777,98.9267146653536
eur100,EUR,mix_eur100_ldeur,dbslmm,mix_eur100_ldeur_DBSLMM_1,0.444025023701668,0.0321857868516571,7.10568209290401e-39,777,100
eur100,EUR,mix_eur100_ldeur,quickprs,mix_eur100_ldeur_quickprs,0.467113735924914,0.0317613024375478,2.29795243213328e-43,777,100
eur100,EAS,mix_eur100_ldeas,ptclump,mix_eur100_ldeas_0_0.01,0.418526439753293,0.0326236727670198,2.66196938796845e-34,777,100
eur100,EAS,mix_eur100_ldeas,dbslmm,mix_eur100_ldeas_DBSLMM_1,0.411632672567244,0.0327366528896823,3.94378320533844e-33,777,92.7048365733125
eur100,EAS,mix_eur100_ldeas,quickprs,mix_eur100_ldeas_quickprs,0.267381126187472,0.0346132052622605,3.46623416477556e-14,777,57.2411183023853
eur100,CSA,mix_eur100_ldcsa,ptclump,mix_eur100_ldcsa_0_0.01,0.412954692797813,0.0327151621491747,2.36327209592767e-33,777,98.6687228269821
eur100,CSA,mix_eur100_ldcsa,dbslmm,mix_eur100_ldcsa_DBSLMM_1,0.428975763867827,0.0324480685644997,3.96315883795665e-36,777,96.610718083323
eur100,CSA,mix_eur100_ldcsa,quickprs,mix_eur100_ldcsa_quickprs,0.37578370178715,0.0332883125759826,1.81725449232684e-27,777,80.4480093147067
eur100,AMR,mix_eur100_ldamr,ptclump,mix_eur100_ldamr_0_0.01,0.415950223434155,0.032666159102104,7.3433152474316e-34,777,99.3844555386617
eur100,AMR,mix_eur100_ldamr,dbslmm,mix_eur100_ldamr_DBSLMM_1,0.43313927303661,0.0323766217957882,7.11182535260876e-37,777,97.54839252655
eur100,AMR,mix_eur100_ldamr,quickprs,mix_eur100_ldamr_quickprs,0.176584304451764,0.0353565795933882,7.29697745423312e-07,777,37.8032780607737
eur100,AFR,mix_eur100_ldafr,ptclump,mix_eur100_ldafr_0_0.01,0.379824615648552,0.0332290828962479,4.52320656645424e-28,777,90.7528365167193
eur100,AFR,mix_eur100_ldafr,dbslmm,mix_eur100_ldafr_DBSLMM_1,0.413830278513905,0.032700882903837,1.68138954708052e-33,777,93.1997649735952
eur100,AFR,mix_eur100_ldafr,quickprs,mix_eur100_ldafr_quickprs,0.331358830610272,0.0338916932514985,2.28624528670744e-21,777,70.9375051782969
eur75,EUR,mix_eur75_ldeur,ptclump,mix_eur75_ldeur_0_0.01,0.392233417407931,0.0330425521600507,5.58496339332375e-30,777,98.0271317270372
eur75,EUR,mix_eur75_ldeur,dbslmm,mix_eur75_ldeur_DBSLMM_1,0.379394964071519,0.0332354156467051,5.24889617211543e-28,777,92.5857587126606
eur75,EUR,mix_eur75_ldeur,quickprs,mix_eur75_ldeur_quickprs,0.345545328690021,0.0337083970742719,3.28135505197421e-23,777,96.7828489344729
eur75,EAS,mix_eur75_ldeas,ptclump,mix_eur75_ldeas_0_0.01,0.397422322335762,0.0329624517117681,8.40414658651349e-31,777,99.3239449109852
eur75,EAS,mix_eur75_ldeas,dbslmm,mix_eur75_ldeas_DBSLMM_1,0.382829422522753,0.0331845598230008,1.58783327834068e-28,777,93.4238877644068
eur75,EAS,mix_eur75_ldeas,quickprs,mix_eur75_ldeas_quickprs,0.267308362363776,0.0346139304310329,3.52390033170343e-14,777,74.8696703603326
eur75,CSA,mix_eur75_ldcsa,ptclump,mix_eur75_ldcsa_0_0.01,0.400127404013135,0.0329201979486407,3.08933878321542e-31,777,100
eur75,CSA,mix_eur75_ldcsa,dbslmm,mix_eur75_ldcsa_DBSLMM_1,0.390819117120217,0.0330641686518293,9.304257070315e-30,777,95.373655173679
eur75,CSA,mix_eur75_ldcsa,quickprs,mix_eur75_ldcsa_quickprs,0.314613212468525,0.0340969874090732,2.59263710633549e-19,777,88.1191568427933
eur75,AMR,mix_eur75_ldamr,ptclump,mix_eur75_ldamr_0_0.01,0.399041321171978,0.0329372036730958,4.62221641390068e-31,777,99.7285657442444
eur75,AMR,mix_eur75_ldamr,dbslmm,mix_eur75_ldamr_DBSLMM_1,0.409776805144482,0.032766681936334,8.0620449594612e-33,777,100
eur75,AMR,mix_eur75_ldamr,quickprs,mix_eur75_ldamr_quickprs,0.330133888193068,0.0339071144093642,3.2644337614393e-21,777,92.4663005871581
eur75,AFR,mix_eur75_ldafr,ptclump,mix_eur75_ldafr_0_0.01,0.378299478824396,0.0332515244243549,7.66298015872826e-28,777,94.5447562526804
eur75,AFR,mix_eur75_ldafr,dbslmm,mix_eur75_ldafr_DBSLMM_1,0.403706419691895,0.0328637681993025,8.10254425016226e-32,777,98.5186117475715
eur75,AFR,mix_eur75_ldafr,quickprs,mix_eur75_ldafr_quickprs,0.357031573769825,0.0335535865172354,8.96998940746251e-25,777,100
eur50,EUR,mix_eur50_ldeur,ptclump,mix_eur50_ldeur_0_0.01,0.275440501327484,0.0345315663019003,5.40238467621085e-15,777,80.6333684587161
eur50,EUR,mix_eur50_ldeur,dbslmm,mix_eur50_ldeur_DBSLMM_1,0.222732489940646,0.035018709062716,3.43763487922972e-10,777,60.4895771831783
eur50,EUR,mix_eur50_ldeur,quickprs,mix_eur50_ldeur_quickprs,0.268587584462878,0.0346011506329728,2.6346817880707e-14,777,74.5449814298513
eur50,EAS,mix_eur50_ldeas,ptclump,mix_eur50_ldeas_0_0.01,0.304935100751275,0.0342102528364705,3.49285287010912e-18,777,89.2677155914685
eur50,EAS,mix_eur50_ldeas,dbslmm,mix_eur50_ldeas_DBSLMM_1,0.286805864513969,0.0344119708368749,3.53054651024503e-16,777,77.8905919056939
eur50,EAS,mix_eur50_ldeas,quickprs,mix_eur50_ldeas_quickprs,0.150655743045652,0.0355110677356459,2.47775932769017e-05,777,41.8136586249792
eur50,CSA,mix_eur50_ldcsa,ptclump,mix_eur50_ldcsa_0_0.01,0.275924865236346,0.0345265763695027,4.82176730737059e-15,777,80.7751627603645
eur50,CSA,mix_eur50_ldcsa,dbslmm,mix_eur50_ldcsa_DBSLMM_1,0.267029364419057,0.0346167089719542,3.75386663398141e-14,777,72.5196999930542
eur50,CSA,mix_eur50_ldcsa,quickprs,mix_eur50_ldcsa_quickprs,0.268188137286705,0.0346051482841217,2.8856093553287e-14,777,74.4341171008483
eur50,AMR,mix_eur50_ldamr,ptclump,mix_eur50_ldamr_0_0.01,0.301719243834953,0.0342470247900063,8.11429182205531e-18,777,88.3262949420193
eur50,AMR,mix_eur50_ldamr,dbslmm,mix_eur50_ldamr_DBSLMM_1,0.293062317917612,0.034343886676112,7.45003614787757e-17,777,79.5897163628104
eur50,AFR,mix_eur50_ldafr,ptclump,mix_eur50_ldafr_0_0.01,0.341596173634378,0.0337602945667923,1.09329924504245e-22,777,100
eur50,AFR,mix_eur50_ldafr,dbslmm,mix_eur50_ldafr_DBSLMM_1,0.368216311491405,0.0333972521170513,2.33228746692396e-26,777,100
eur50,AFR,mix_eur50_ldafr,quickprs,mix_eur50_ldafr_quickprs,0.360302704905259,0.0335084382408267,3.13124295668047e-25,777,100
eur25,EUR,mix_eur25_ldeur,ptclump,mix_eur25_ldeur_0_0.01,0.192349036390344,0.0352502912035504,6.53238616624762e-08,777,89.4373752392456
eur25,EUR,mix_eur25_ldeur,dbslmm,mix_eur25_ldeur_DBSLMM_1,0.165770327216443,0.0354240705228221,3.39188213643197e-06,777,57.835907265882
eur25,EUR,mix_eur25_ldeur,quickprs,mix_eur25_ldeur_quickprs,0.115531531640154,0.0356805262726427,0.00125519034993429,777,47.435312709815
eur25,EAS,mix_eur25_ldeas,ptclump,mix_eur25_ldeas_0_0.01,0.208453387565716,0.0351319574252859,4.47025972481258e-09,777,96.9254860511625
eur25,EAS,mix_eur25_ldeas,dbslmm,mix_eur25_ldeas_DBSLMM_1,0.225194746900821,0.0349983838515028,2.16917500192961e-10,777,78.5685998044391
eur25,EAS,mix_eur25_ldeas,quickprs,mix_eur25_ldeas_quickprs,0.132163388118307,0.035605958885867,0.000220490498897151,777,54.2640745360089
eur25,CSA,mix_eur25_ldcsa,ptclump,mix_eur25_ldcsa_0_0.01,0.180681761494267,0.0353298576289477,3.97543366861107e-07,777,84.0123912492959
eur25,CSA,mix_eur25_ldcsa,dbslmm,mix_eur25_ldcsa_DBSLMM_1,0.17496166390719,0.0353669869057394,9.24546872657581e-07,777,61.0426892359835
eur25,CSA,mix_eur25_ldcsa,quickprs,mix_eur25_ldcsa_quickprs,0.173950527273441,0.0353734220267921,1.07029345459605e-06,777,71.4211742899207
eur25,AMR,mix_eur25_ldamr,ptclump,mix_eur25_ldamr_0_0.01,0.207117219484604,0.0351421529329823,5.63172716593983e-09,777,96.3042021170407
eur25,AMR,mix_eur25_ldamr,dbslmm,mix_eur25_ldamr_DBSLMM_1,0.211872382880329,0.0351055568319431,2.45814780936262e-09,777,73.9205362879482
eur25,AFR,mix_eur25_ldafr,ptclump,mix_eur25_ldafr_0_0.01,0.215065609736209,0.0350804933115127,1.39332346816837e-09,777,100
eur25,AFR,mix_eur25_ldafr,dbslmm,mix_eur25_ldafr_DBSLMM_1,0.286621815154326,0.0344139494424748,3.69372400994438e-16,777,100
eur25,AFR,mix_eur25_ldafr,quickprs,mix_eur25_ldafr_quickprs,0.243555960823778,0.034839363979736,5.9010151847516e-12,777,100
eur00,EUR,mix_eur00_ldeur,ptclump,mix_eur00_ldeur_0_0.01,0.124507272217523,0.0356415476866979,0.000504111845008985,777,82.2227745313196
eur00,EUR,mix_eur00_ldeur,dbslmm,mix_eur00_ldeur_DBSLMM_1,0.127630847441746,0.0356272886853974,0.000361722793860711,777,65.4089994135669
eur00,EUR,mix_eur00_ldeur,quickprs,mix_eur00_ldeur_quickprs,0.0337432166190413,0.0359006046374135,0.347558301131499,777,22.4050595139984
eur00,EAS,mix_eur00_ldeas,ptclump,mix_eur00_ldeas_0_0.01,0.147265670371653,0.0355294121199195,3.77446998739063e-05,777,97.2520865288695
eur00,EAS,mix_eur00_ldeas,dbslmm,mix_eur00_ldeas_DBSLMM_1,0.147396138577178,0.0355287140272355,3.71444794095349e-05,777,75.5384308339495
eur00,EAS,mix_eur00_ldeas,quickprs,mix_eur00_ldeas_quickprs,0.0696664138921573,0.0358337845772611,0.0522383550141576,777,46.2575979937795
eur00,CSA,mix_eur00_ldcsa,ptclump,mix_eur00_ldcsa_0_0.01,0.130971437950568,0.0356116414898485,0.000251533050641576,777,86.4916146732246
eur00,CSA,mix_eur00_ldcsa,dbslmm,mix_eur00_ldcsa_DBSLMM_1,0.12856024836689,0.0356229766835023,0.000327231277740391,777,65.8853042081068
eur00,CSA,mix_eur00_ldcsa,quickprs,mix_eur00_ldcsa_quickprs,0.061411333812495,0.0358532609409857,0.0871397166098716,777,40.7763315642689
eur00,AMR,mix_eur00_ldamr,ptclump,mix_eur00_ldamr_0_0.01,0.151426746333033,0.0355068360613884,2.24870068726462e-05,777,100
eur00,AMR,mix_eur00_ldamr,dbslmm,mix_eur00_ldamr_DBSLMM_1,0.158875225520315,0.0354648151437698,8.596442344227e-06,777,81.4213001103177
eur00,AMR,mix_eur00_ldamr,quickprs,mix_eur00_ldamr_quickprs,0.120360885474374,0.0356599216116922,0.000774212476374171,777,79.9180716129228
eur00,AFR,mix_eur00_ldafr,ptclump,mix_eur00_ldafr_0_0.01,0.1353741444436,0.0355903908926528,0.000153784474103075,777,89.3990973997893
eur00,AFR,mix_eur00_ldafr,dbslmm,mix_eur00_ldafr_DBSLMM_1,0.195127350343282,0.0352305827032471,4.17810769507823e-08,777,100
eur00,AFR,mix_eur00_ldafr,quickprs,mix_eur00_ldafr_quickprs,0.150605342502924,0.0355113435908198,2.49347968984308e-05,777,100
