gwas_pop,ld_pop,gwas,pgs_method,model,r,se,p,n
EUR,EUR,yengo_eur_ldeur,ptclump,yengo_eur_ldeur_0_5e-08,0.40299193654641,0.0328750812402494,1.05979740145253e-31,777
EUR,EUR,yengo_eur_ldeur,ptclump,yengo_eur_ldeur_0_1e-06,0.405024823037777,0.0328428298793142,4.92851815735253e-32,777
EUR,EUR,yengo_eur_ldeur,ptclump,yengo_eur_ldeur_0_1e-04,0.41590047767494,0.0326669763734009,7.48796966318499e-34,777
EUR,EUR,yengo_eur_ldeur,ptclump,yengo_eur_ldeur_0_0.01,0.42300480347848,0.0325490584816833,4.46651900839873e-35,777
EUR,EUR,yengo_eur_ldeur,ptclump,yengo_eur_ldeur_0_0.1,0.41996292693992,0.0325998444483931,1.50594715271876e-34,777
EUR,EUR,yengo_eur_ldeur,ptclump,yengo_eur_ldeur_0_0.2,0.412990346437503,0.0327145814140429,2.33078408139762e-33,777
EUR,EUR,yengo_eur_ldeur,ptclump,yengo_eur_ldeur_0_0.3,0.409993157730476,0.0327631896240414,7.41898616992435e-33,777
EUR,EUR,yengo_eur_ldeur,ptclump,yengo_eur_ldeur_0_0.4,0.406863624417928,0.0328134903635588,2.45453253713439e-32,777
EUR,EUR,yengo_eur_ldeur,ptclump,yengo_eur_ldeur_0_0.5,0.406946705270316,0.0328121609845641,2.37818329583792e-32,777
EUR,EUR,yengo_eur_ldeur,ptclump,yengo_eur_ldeur_0_1,0.406438551771211,0.0328202868740607,2.88484595116286e-32,777
EUR,EUR,yengo_eur_ldeur,dbslmm,yengo_eur_ldeur_DBSLMM_0.8,0.428122221724058,0.0324626110146994,5.61962337235969e-36,777
EUR,EUR,yengo_eur_ldeur,dbslmm,yengo_eur_ldeur_DBSLMM_1,0.429143753998002,0.03244520220816,3.69947603113235e-36,777
EUR,EUR,yengo_eur_ldeur,dbslmm,yengo_eur_ldeur_DBSLMM_1.2,0.428016155610599,0.0324644156664339,5.86845507407592e-36,777
EUR,EUR,yengo_eur_ldeur,quickprs,yengo_eur_ldeur_quickprs,0.411516483469114,0.0327385376904249,4.12488304034354e-33,777
EUR,EAS,yengo_eur_ldeas,ptclump,yengo_eur_ldeas_0_5e-08,0.406334551341718,0.0328219484469281,3.00103736238772e-32,777
EUR,EAS,yengo_eur_ldeas,ptclump,yengo_eur_ldeas_0_1e-06,0.413881611793969,0.0327000446170915,1.64811294637666e-33,777
EUR,EAS,yengo_eur_ldeas,ptclump,yengo_eur_ldeas_0_1e-04,0.416346546228592,0.032659643706322,6.28558885582883e-34,777
EUR,EAS,yengo_eur_ldeas,ptclump,yengo_eur_ldeas_0_0.01,0.423713956701862,0.0325371546012139,3.35842431584141e-35,777
EUR,EAS,yengo_eur_ldeas,ptclump,yengo_eur_ldeas_0_0.1,0.419457427313523,0.0326082409269551,1.84078872324297e-34,777
EUR,EAS,yengo_eur_ldeas,ptclump,yengo_eur_ldeas_0_0.2,0.415016055992027,0.0326814867839788,1.05863777125859e-33,777
EUR,EAS,yengo_eur_ldeas,ptclump,yengo_eur_ldeas_0_0.3,0.414372826103858,0.0326920166043678,1.3609359193463e-33,777
EUR,EAS,yengo_eur_ldeas,ptclump,yengo_eur_ldeas_0_0.4,0.412270813734424,0.0327262896420078,3.08095065627896e-33,777
EUR,EAS,yengo_eur_ldeas,ptclump,yengo_eur_ldeas_0_0.5,0.411832946404854,0.0327334025759719,3.64993811776706e-33,777
EUR,EAS,yengo_eur_ldeas,ptclump,yengo_eur_ldeas_0_1,0.411767907167774,0.03273445832909,3.74290318257704e-33,777
EUR,EAS,yengo_eur_ldeas,dbslmm,yengo_eur_ldeas_DBSLMM_0.8,0.38502128222792,0.0331518230361677,7.3479590250923e-29,777
EUR,EAS,yengo_eur_ldeas,dbslmm,yengo_eur_ldeas_DBSLMM_1,0.381773743981443,0.0332002488993078,2.2965422592396e-28,777
EUR,EAS,yengo_eur_ldeas,dbslmm,yengo_eur_ldeas_DBSLMM_1.2,0.378469211375113,0.0332490321186531,7.22732739109538e-28,777
EUR,EAS,yengo_eur_ldeas,quickprs,yengo_eur_ldeas_quickprs,0.277743672227448,0.034507754201752,3.13983181881643e-15,777
EUR,CSA,yengo_eur_ldcsa,ptclump,yengo_eur_ldcsa_0_5e-08,0.400178573312382,0.0329193953901611,3.03113553476172e-31,777
EUR,CSA,yengo_eur_ldcsa,ptclump,yengo_eur_ldcsa_0_1e-06,0.40090869822259,0.032907930521566,2.30985742350109e-31,777
EUR,CSA,yengo_eur_ldcsa,ptclump,yengo_eur_ldcsa_0_1e-04,0.403717569646812,0.0328635914625499,8.06862487633352e-32,777
EUR,CSA,yengo_eur_ldcsa,ptclump,yengo_eur_ldcsa_0_0.01,0.406246912383631,0.0328233482237532,3.1025415654744e-32,777
EUR,CSA,yengo_eur_ldcsa,ptclump,yengo_eur_ldcsa_0_0.1,0.403834728908043,0.0328617340309318,7.72061131272729e-32,777
EUR,CSA,yengo_eur_ldcsa,ptclump,yengo_eur_ldcsa_0_0.2,0.400903167564747,0.0329080174609236,2.31462306195448e-31,777
EUR,CSA,yengo_eur_ldcsa,ptclump,yengo_eur_ldcsa_0_0.3,0.399359247536964,0.0329322313225148,4.1086068491327e-31,777
EUR,CSA,yengo_eur_ldcsa,ptclump,yengo_eur_ldcsa_0_0.4,0.396965734634679,0.0329695500869622,9.94164808361381e-31,777
EUR,CSA,yengo_eur_ldcsa,ptclump,yengo_eur_ldcsa_0_0.5,0.398007615864806,0.0329533382265838,6.77320578476096e-31,777
EUR,CSA,yengo_eur_ldcsa,ptclump,yengo_eur_ldcsa_0_1,0.398033022089662,0.0329529422706355,6.71000359105593e-31,777
EUR,CSA,yengo_eur_ldcsa,dbslmm,yengo_eur_ldcsa_DBSLMM_0.8,0.40479677622589,0.0328464574602287,5.37194025967733e-32,777
EUR,CSA,yengo_eur_ldcsa,dbslmm,yengo_eur_ldcsa_DBSLMM_1,0.40272077677745,0.0328793684883975,1.17327840029227e-31,777
EUR,CSA,yengo_eur_ldcsa,dbslmm,yengo_eur_ldcsa_DBSLMM_1.2,0.400716253040166,0.0329109548297484,2.48154004377309e-31,777
EUR,CSA,yengo_eur_ldcsa,quickprs,yengo_eur_ldcsa_quickprs,0.386298784917806,0.0331326415170614,4.6768442207687e-29,777
EUR,AMR,yengo_eur_ldamr,ptclump,yengo_eur_ldamr_0_5e-08,0.393022594732444,0.0330304500771105,4.19628144244592e-30,777
EUR,AMR,yengo_eur_ldamr,ptclump,yengo_eur_ldamr_0_1e-06,0.396131823945142,0.0329824895489849,1.35029033883591e-30,777
EUR,AMR,yengo_eur_ldamr,ptclump,yengo_eur_ldamr_0_1e-04,0.409539839664845,0.032770504435215,8.82988367375183e-33,777
EUR,AMR,yengo_eur_ldamr,ptclump,yengo_eur_ldamr_0_0.01,0.41930891048061,0.0326107054971427,1.95251142341467e-34,777
EUR,AMR,yengo_eur_ldamr,ptclump,yengo_eur_ldamr_0_0.1,0.417165915220525,0.0326461497839153,4.55420198222684e-34,777
EUR,AMR,yengo_eur_ldamr,ptclump,yengo_eur_ldamr_0_0.2,0.410997595941944,0.0327469471835939,5.03960717648503e-33,777
EUR,AMR,yengo_eur_ldamr,ptclump,yengo_eur_ldamr_0_0.3,0.409591940609913,0.0327696642208162,8.65507429668219e-33,777
EUR,AMR,yengo_eur_ldamr,ptclump,yengo_eur_ldamr_0_0.4,0.407361165797413,0.0328055243302232,2.03107522188298e-32,777
EUR,AMR,yengo_eur_ldamr,ptclump,yengo_eur_ldamr_0_0.5,0.407392229578241,0.032805026587287,2.00718131838921e-32,777
EUR,AMR,yengo_eur_ldamr,ptclump,yengo_eur_ldamr_0_1,0.40670610104523,0.0328160100063799,2.6060227694177e-32,777
EUR,AMR,yengo_eur_ldamr,dbslmm,yengo_eur_ldamr_DBSLMM_0.8,0.414106415454907,0.0326963720327202,1.50990951265771e-33,777
EUR,AMR,yengo_eur_ldamr,dbslmm,yengo_eur_ldamr_DBSLMM_1,0.412783319341608,0.0327179526781468,2.52580306633433e-33,777
EUR,AMR,yengo_eur_ldamr,dbslmm,yengo_eur_ldamr_DBSLMM_1.2,0.412281093491196,0.0327261225431504,3.06870765402579e-33,777
EUR,AMR,yengo_eur_ldamr,quickprs,yengo_eur_ldamr_quickprs,0.347889345820283,0.0336772729542034,1.59316016320886e-23,777
EUR,AFR,yengo_eur_ldafr,ptclump,yengo_eur_ldafr_0_5e-08,0.360128074837283,0.0335108604391605,3.31323614165604e-25,777
EUR,AFR,yengo_eur_ldafr,ptclump,yengo_eur_ldafr_0_1e-06,0.369305943878935,0.0333817241831455,1.62179111881997e-26,777
EUR,AFR,yengo_eur_ldafr,ptclump,yengo_eur_ldafr_0_1e-04,0.377193342915552,0.0332677346749106,1.12121929539238e-27,777
EUR,AFR,yengo_eur_ldafr,ptclump,yengo_eur_ldafr_0_0.01,0.382794666713899,0.033185077157981,1.60727707566763e-28,777
EUR,AFR,yengo_eur_ldafr,ptclump,yengo_eur_ldafr_0_0.1,0.381957825794874,0.0331975168001396,2.15362445501026e-28,777
EUR,AFR,yengo_eur_ldafr,ptclump,yengo_eur_ldafr_0_0.2,0.380421625527274,0.0332202694990367,3.67699534731363e-28,777
EUR,AFR,yengo_eur_ldafr,ptclump,yengo_eur_ldafr_0_0.3,0.378966257630162,0.0332417261222134,6.08767206638077e-28,777
EUR,AFR,yengo_eur_ldafr,ptclump,yengo_eur_ldafr_0_0.4,0.377447322354269,0.0332640175419199,1.02752887311624e-27,777
EUR,AFR,yengo_eur_ldafr,ptclump,yengo_eur_ldafr_0_0.5,0.377415403169556,0.0332644848575651,1.03886369791123e-27,777
EUR,AFR,yengo_eur_ldafr,ptclump,yengo_eur_ldafr_0_1,0.377922009578622,0.0332570624015713,8.72721194616201e-28,777
EUR,AFR,yengo_eur_ldafr,dbslmm,yengo_eur_ldafr_DBSLMM_0.8,0.395269500815249,0.0329958359391442,1.85151670449624e-30,777
EUR,AFR,yengo_eur_ldafr,dbslmm,yengo_eur_ldafr_DBSLMM_1,0.394399358435074,0.0330092684162416,2.54367293514327e-30,777
EUR,AFR,yengo_eur_ldafr,dbslmm,yengo_eur_ldafr_DBSLMM_1.2,0.393589230759534,0.0330217429334286,3.41595418512801e-30,777
EUR,AFR,yengo_eur_ldafr,quickprs,yengo_eur_ldafr_quickprs,0.325130222788612,0.0339694424015207,1.37536805295873e-20,777
EAS,EUR,yengo_eas_ldeur,ptclump,yengo_eas_ldeur_0_5e-08,0.179424252427566,0.0353381259455419,4.7970486462584e-07,777
EAS,EUR,yengo_eas_ldeur,ptclump,yengo_eas_ldeur_0_1e-06,0.192630545465308,0.0352483076318289,6.24503271249151e-08,777
EAS,EUR,yengo_eas_ldeur,ptclump,yengo_eas_ldeur_0_1e-04,0.212496319348096,0.0351006904492979,2.20158480272307e-09,777
EAS,EUR,yengo_eas_ldeur,ptclump,yengo_eas_ldeur_0_0.01,0.236283949850045,0.0349039214922864,2.55070470533811e-11,777
EAS,EUR,yengo_eas_ldeur,ptclump,yengo_eas_ldeur_0_0.1,0.212021326699525,0.0351043965084896,2.39438165818417e-09,777
EAS,EUR,yengo_eas_ldeur,ptclump,yengo_eas_ldeur_0_0.2,0.213799568849541,0.0350904774208828,1.7468962092092e-09,777
EAS,EUR,yengo_eas_ldeur,ptclump,yengo_eas_ldeur_0_0.3,0.22132728039562,0.0350302032805181,4.46002370054078e-10,777
EAS,EUR,yengo_eas_ldeur,ptclump,yengo_eas_ldeur_0_0.4,0.206585801287636,0.0351461888303485,6.17092566727975e-09,777
EAS,EUR,yengo_eas_ldeur,ptclump,yengo_eas_ldeur_0_0.5,0.209993412027063,0.0351201213699356,3.41891860800559e-09,777
EAS,EUR,yengo_eas_ldeur,ptclump,yengo_eas_ldeur_0_1,0.207264561072926,0.035141032017512,5.49051651043554e-09,777
EAS,EUR,yengo_eas_ldeur,dbslmm,yengo_eas_ldeur_DBSLMM_0.8,0.234776106209817,0.0349170478734581,3.4346104629043e-11,777
EAS,EUR,yengo_eas_ldeur,dbslmm,yengo_eas_ldeur_DBSLMM_1,0.235110773112951,0.0349141421455959,3.21569181955738e-11,777
EAS,EUR,yengo_eas_ldeur,dbslmm,yengo_eas_ldeur_DBSLMM_1.2,0.234536086244624,0.0349191291368528,3.6005130105171e-11,777
EAS,EUR,yengo_eas_ldeur,quickprs,yengo_eas_ldeur_quickprs,0.15232282196502,0.035501890143386,2.0077594685006e-05,777
EAS,EAS,yengo_eas_ldeas,ptclump,yengo_eas_ldeas_0_5e-08,0.197775742085348,0.0352115222315282,2.71218459802153e-08,777
EAS,EAS,yengo_eas_ldeas,ptclump,yengo_eas_ldeas_0_1e-06,0.225320736110536,0.0349973375186135,2.11836136110197e-10,777
EAS,EAS,yengo_eas_ldeas,ptclump,yengo_eas_ldeas_0_1e-04,0.220480603595222,0.0350370919296695,5.21320095183114e-10,777
EAS,EAS,yengo_eas_ldeas,ptclump,yengo_eas_ldeas_0_0.01,0.265019335313627,0.0346366345662699,5.90650685493166e-14,777
EAS,EAS,yengo_eas_ldeas,ptclump,yengo_eas_ldeas_0_0.1,0.228501484908547,0.0349707171768608,1.15897421931036e-10,777
EAS,EAS,yengo_eas_ldeas,ptclump,yengo_eas_ldeas_0_0.2,0.219178894604399,0.0350476286466693,6.61847446264776e-10,777
EAS,EAS,yengo_eas_ldeas,ptclump,yengo_eas_ldeas_0_0.3,0.216893341172041,0.0350659706112632,1.00274573836997e-09,777
EAS,EAS,yengo_eas_ldeas,ptclump,yengo_eas_ldeas_0_0.4,0.211841181327784,0.0351057997945868,2.47171349512168e-09,777
EAS,EAS,yengo_eas_ldeas,ptclump,yengo_eas_ldeas_0_0.5,0.20973886616622,0.0351220840005408,3.57434866221387e-09,777
EAS,EAS,yengo_eas_ldeas,ptclump,yengo_eas_ldeas_0_1,0.202535733540632,0.035176591861894,1.22889265277019e-08,777
EAS,EAS,yengo_eas_ldeas,dbslmm,yengo_eas_ldeas_DBSLMM_0.8,0.295159296917017,0.0343207073662619,4.38438748708272e-17,777
EAS,EAS,yengo_eas_ldeas,dbslmm,yengo_eas_ldeas_DBSLMM_1,0.29193140185601,0.0343563124051158,9.89790414582305e-17,777
EAS,EAS,yengo_eas_ldeas,dbslmm,yengo_eas_ldeas_DBSLMM_1.2,0.288308966018187,0.0343957600559124,2.43806563535624e-16,777
EAS,EAS,yengo_eas_ldeas,quickprs,yengo_eas_ldeas_quickprs,0.283828593846587,0.034443807989153,7.30281455463696e-16,777
EAS,CSA,yengo_eas_ldcsa,ptclump,yengo_eas_ldcsa_0_5e-08,0.185710831426711,0.0352961934727464,1.85088501531289e-07,777
EAS,CSA,yengo_eas_ldcsa,ptclump,yengo_eas_ldcsa_0_1e-06,0.214877956364264,0.0350819770632915,1.4409462655818e-09,777
EAS,CSA,yengo_eas_ldcsa,ptclump,yengo_eas_ldcsa_0_1e-04,0.205970995805956,0.0351508445066577,6.85737719845016e-09,777
EAS,CSA,yengo_eas_ldcsa,ptclump,yengo_eas_ldcsa_0_0.01,0.234494230541212,0.0349194918457445,3.63023443375808e-11,777
EAS,CSA,yengo_eas_ldcsa,ptclump,yengo_eas_ldcsa_0_0.1,0.195979819693875,0.0352244766489249,3.63795518668904e-08,777
EAS,CSA,yengo_eas_ldcsa,ptclump,yengo_eas_ldcsa_0_0.2,0.196425477511324,0.0352212734796503,3.38313849197513e-08,777
EAS,CSA,yengo_eas_ldcsa,ptclump,yengo_eas_ldcsa_0_0.3,0.200207230115355,0.0351937873001534,1.81445792304701e-08,777
EAS,CSA,yengo_eas_ldcsa,ptclump,yengo_eas_ldcsa_0_0.4,0.190095965406149,0.0352660583223477,9.34098249980784e-08,777
EAS,CSA,yengo_eas_ldcsa,ptclump,yengo_eas_ldcsa_0_0.5,0.193373620902899,0.0352430572936718,5.54401750738627e-08,777
EAS,CSA,yengo_eas_ldcsa,ptclump,yengo_eas_ldcsa_0_1,0.193682702436773,0.0352408672365331,5.27540901261283e-08,777
EAS,CSA,yengo_eas_ldcsa,dbslmm,yengo_eas_ldcsa_DBSLMM_0.8,0.251055749163006,0.0347706032829588,1.23970421758304e-12,777
EAS,CSA,yengo_eas_ldcsa,dbslmm,yengo_eas_ldcsa_DBSLMM_1,0.247634555855084,0.0348022455105425,2.54218782065433e-12,777
EAS,CSA,yengo_eas_ldcsa,dbslmm,yengo_eas_ldcsa_DBSLMM_1.2,0.243943722846511,0.0348358632424983,5.4505620900982e-12,777
EAS,CSA,yengo_eas_ldcsa,quickprs,yengo_eas_ldcsa_quickprs,0.169624327557199,0.0354005210003718,1.98330822868205e-06,777
EAS,AMR,yengo_eas_ldamr,ptclump,yengo_eas_ldamr_0_5e-08,0.195170239053742,0.0352302761617866,4.14916973249068e-08,777
EAS,AMR,yengo_eas_ldamr,ptclump,yengo_eas_ldamr_0_1e-06,0.210001185107634,0.0351200613977968,3.41427709403544e-09,777
EAS,AMR,yengo_eas_ldamr,ptclump,yengo_eas_ldamr_0_1e-04,0.232649635916379,0.0349354085449683,5.20714146233279e-11,777
EAS,AMR,yengo_eas_ldamr,ptclump,yengo_eas_ldamr_0_0.01,0.239580839276386,0.0348749105019385,1.32136105737136e-11,777
EAS,AMR,yengo_eas_ldamr,ptclump,yengo_eas_ldamr_0_0.1,0.202040606024271,0.0351802656102747,1.33557371859982e-08,777
EAS,AMR,yengo_eas_ldamr,ptclump,yengo_eas_ldamr_0_0.2,0.204336654654841,0.035163150278417,9.06237688948702e-09,777
EAS,AMR,yengo_eas_ldamr,ptclump,yengo_eas_ldamr_0_0.3,0.20700445710986,0.0351430102211255,5.74217324761282e-09,777
EAS,AMR,yengo_eas_ldamr,ptclump,yengo_eas_ldamr_0_0.4,0.199875202706628,0.0351962223658969,1.91740721506703e-08,777
EAS,AMR,yengo_eas_ldamr,ptclump,yengo_eas_ldamr_0_0.5,0.202006015599066,0.03518052191404,1.34335324931967e-08,777
EAS,AMR,yengo_eas_ldamr,ptclump,yengo_eas_ldamr_0_1,0.206252303946464,0.0351487160710175,6.5345543092329e-09,777
EAS,AMR,yengo_eas_ldamr,dbslmm,yengo_eas_ldamr_DBSLMM_0.8,0.253104665531199,0.0347514312220716,8.02200850590024e-13,777
EAS,AMR,yengo_eas_ldamr,dbslmm,yengo_eas_ldamr_DBSLMM_1,0.251411230132478,0.0347672889154915,1.14985226611939e-12,777
EAS,AMR,yengo_eas_ldamr,dbslmm,yengo_eas_ldamr_DBSLMM_1.2,0.248962340538219,0.0347900199444302,1.92627216213895e-12,777
EAS,AMR,yengo_eas_ldamr,quickprs,yengo_eas_ldamr_quickprs,0.165467391631679,0.0354258979863258,3.53619741438318e-06,777
EAS,AFR,yengo_eas_ldafr,ptclump,yengo_eas_ldafr_0_5e-08,0.20321292975553,0.0351715520158014,1.09627067900433e-08,777
EAS,AFR,yengo_eas_ldafr,ptclump,yengo_eas_ldafr_0_1e-06,0.203715148011822,0.0351678030621765,1.00699268976604e-08,777
EAS,AFR,yengo_eas_ldafr,ptclump,yengo_eas_ldafr_0_1e-04,0.197494751693558,0.0352135571959382,2.84022297534729e-08,777
EAS,AFR,yengo_eas_ldafr,ptclump,yengo_eas_ldafr_0_0.01,0.236136640141338,0.0349052078041189,2.62617324173737e-11,777
EAS,AFR,yengo_eas_ldafr,ptclump,yengo_eas_ldafr_0_0.1,0.22072384802273,0.0350351157097034,4.98498034103479e-10,777
EAS,AFR,yengo_eas_ldafr,ptclump,yengo_eas_ldafr_0_0.2,0.227852770107838,0.0349761783477248,1.31162866136925e-10,777
EAS,AFR,yengo_eas_ldafr,ptclump,yengo_eas_ldafr_0_0.3,0.239969033575462,0.0348714665302101,1.22210219637425e-11,777
EAS,AFR,yengo_eas_ldafr,ptclump,yengo_eas_ldafr_0_0.4,0.232667725531765,0.0349352530980804,5.18882990369616e-11,777
EAS,AFR,yengo_eas_ldafr,ptclump,yengo_eas_ldafr_0_0.5,0.23243695429222,0.0349372351931447,5.42722114597919e-11,777
EAS,AFR,yengo_eas_ldafr,ptclump,yengo_eas_ldafr_0_1,0.23481917143907,0.0349166742074507,3.40564421300779e-11,777
EAS,AFR,yengo_eas_ldafr,dbslmm,yengo_eas_ldafr_DBSLMM_0.8,0.263562057342558,0.0346509794476728,8.18483685267799e-14,777
EAS,AFR,yengo_eas_ldafr,dbslmm,yengo_eas_ldafr_DBSLMM_1,0.265321103159059,0.0346336534493493,5.51929025019304e-14,777
EAS,AFR,yengo_eas_ldafr,dbslmm,yengo_eas_ldafr_DBSLMM_1.2,0.265887824597694,0.0346280450340231,4.85824584742484e-14,777
EAS,AFR,yengo_eas_ldafr,quickprs,yengo_eas_ldafr_quickprs,0.236536475705725,0.0349017144538815,2.42623306214442e-11,777
CSA,EUR,yengo_csa_ldeur,ptclump,yengo_csa_ldeur_0_5e-08,0.190551665055251,0.0352628848644133,8.6921590715504e-08,777
CSA,EUR,yengo_csa_ldeur,ptclump,yengo_csa_ldeur_0_1e-06,0.180549385800942,0.0353307308304733,4.05508659456723e-07,777
CSA,EUR,yengo_csa_ldeur,ptclump,yengo_csa_ldeur_0_1e-04,0.218558961128781,0.0350526236744828,7.41131287162369e-10,777
CSA,EUR,yengo_csa_ldeur,ptclump,yengo_csa_ldeur_0_0.01,0.147110346892121,0.0355302423811182,3.84712501792162e-05,777
CSA,EUR,yengo_csa_ldeur,ptclump,yengo_csa_ldeur_0_0.1,0.161464256542437,0.0354497243969304,6.0901138873086e-06,777
CSA,EUR,yengo_csa_ldeur,ptclump,yengo_csa_ldeur_0_0.2,0.149854554061548,0.0355154416689147,2.73916466740857e-05,777
CSA,EUR,yengo_csa_ldeur,ptclump,yengo_csa_ldeur_0_0.3,0.147147679011151,0.0355300429089494,3.82954233900538e-05,777
CSA,EUR,yengo_csa_ldeur,ptclump,yengo_csa_ldeur_0_0.4,0.135566387638569,0.0355894466877314,0.000150464098728588,777
CSA,EUR,yengo_csa_ldeur,ptclump,yengo_csa_ldeur_0_0.5,0.143710291180406,0.0355481926805023,5.81188718634327e-05,777
CSA,EUR,yengo_csa_ldeur,ptclump,yengo_csa_ldeur_0_1,0.13724227118441,0.0355811577356139,0.000124240701577794,777
CSA,EUR,yengo_csa_ldeur,dbslmm,yengo_csa_ldeur_DBSLMM_0.8,0.23464879328969,0.0349181521110244,3.52165722268622e-11,777
CSA,EUR,yengo_csa_ldeur,dbslmm,yengo_csa_ldeur_DBSLMM_1,0.237483579917997,0.0348934146531115,2.01010920563525e-11,777
CSA,EUR,yengo_csa_ldeur,dbslmm,yengo_csa_ldeur_DBSLMM_1.2,0.238329218757588,0.034885974323481,1.69810032402196e-11,777
CSA,EUR,yengo_csa_ldeur,quickprs,yengo_csa_ldeur_quickprs,0.169834135041584,0.035399223001764,1.92553810127752e-06,777
CSA,EAS,yengo_csa_ldeas,ptclump,yengo_csa_ldeas_0_5e-08,0.165368855794335,0.0354264916645134,3.58439219864724e-06,777
CSA,EAS,yengo_csa_ldeas,ptclump,yengo_csa_ldeas_0_1e-06,0.178067158946649,0.0353469821115342,5.86660021585283e-07,777
CSA,EAS,yengo_csa_ldeas,ptclump,yengo_csa_ldeas_0_1e-04,0.207874741239547,0.0351363811446399,4.94145772034863e-09,777
CSA,EAS,yengo_csa_ldeas,ptclump,yengo_csa_ldeas_0_0.01,0.180272458663275,0.0353325554100354,4.22671925364977e-07,777
CSA,EAS,yengo_csa_ldeas,ptclump,yengo_csa_ldeas_0_0.1,0.184611501820449,0.0353036339790021,2.19147308820529e-07,777
CSA,EAS,yengo_csa_ldeas,ptclump,yengo_csa_ldeas_0_0.2,0.162569729901829,0.0354432045976994,5.24798436921303e-06,777
CSA,EAS,yengo_csa_ldeas,ptclump,yengo_csa_ldeas_0_0.3,0.160140841600234,0.0354574694956406,7.26836001100751e-06,777
CSA,EAS,yengo_csa_ldeas,ptclump,yengo_csa_ldeas_0_0.4,0.146317687656206,0.0355344654916783,4.2390043524457e-05,777
CSA,EAS,yengo_csa_ldeas,ptclump,yengo_csa_ldeas_0_0.5,0.143818849638366,0.0355476261806916,5.73663868916088e-05,777
CSA,EAS,yengo_csa_ldeas,ptclump,yengo_csa_ldeas_0_1,0.142117982211214,0.0355564517829944,7.02859480206009e-05,777
CSA,EAS,yengo_csa_ldeas,dbslmm,yengo_csa_ldeas_DBSLMM_0.8,0.243367779729223,0.0348410607554838,6.13254930042829e-12,777
CSA,EAS,yengo_csa_ldeas,dbslmm,yengo_csa_ldeas_DBSLMM_1,0.244923345265473,0.0348269927747739,4.45710893305819e-12,777
CSA,EAS,yengo_csa_ldeas,dbslmm,yengo_csa_ldeas_DBSLMM_1.2,0.244437606851974,0.0348313958553798,4.92528733881027e-12,777
CSA,EAS,yengo_csa_ldeas,quickprs,yengo_csa_ldeas_quickprs,0.143718927250042,0.0355481476301594,5.8058670063786e-05,777
CSA,CSA,yengo_csa_ldcsa,ptclump,yengo_csa_ldcsa_0_5e-08,0.20532927730488,0.0351556885293984,7.65279790528595e-09,777
CSA,CSA,yengo_csa_ldcsa,ptclump,yengo_csa_ldcsa_0_1e-06,0.174277428185615,0.0353713457572288,1.02091446256791e-06,777
CSA,CSA,yengo_csa_ldcsa,ptclump,yengo_csa_ldcsa_0_1e-04,0.212758490034225,0.0350986411816452,2.1017259363827e-09,777
CSA,CSA,yengo_csa_ldcsa,ptclump,yengo_csa_ldcsa_0_0.01,0.186975702665567,0.0352875759295556,1.52206579257911e-07,777
CSA,CSA,yengo_csa_ldcsa,ptclump,yengo_csa_ldcsa_0_0.1,0.178794615321545,0.0353422434896262,5.26759421911002e-07,777
CSA,CSA,yengo_csa_ldcsa,ptclump,yengo_csa_ldcsa_0_0.2,0.161392700512718,0.0354501448419847,6.14885480669662e-06,777
CSA,CSA,yengo_csa_ldcsa,ptclump,yengo_csa_ldcsa_0_0.3,0.162639605213951,0.0354427909557096,5.19867605844143e-06,777
CSA,CSA,yengo_csa_ldcsa,ptclump,yengo_csa_ldcsa_0_0.4,0.142065772671142,0.0355567209968188,7.07229824705065e-05,777
CSA,CSA,yengo_csa_ldcsa,ptclump,yengo_csa_ldcsa_0_0.5,0.147678838899437,0.0355271992221374,3.58747977248198e-05,777
CSA,CSA,yengo_csa_ldcsa,ptclump,yengo_csa_ldcsa_0_1,0.147790480924231,0.0355266001886671,3.53848039454116e-05,777
CSA,CSA,yengo_csa_ldcsa,dbslmm,yengo_csa_ldcsa_DBSLMM_0.8,0.239037260187756,0.0348797230723309,1.47370545709359e-11,777
CSA,CSA,yengo_csa_ldcsa,dbslmm,yengo_csa_ldcsa_DBSLMM_1,0.239674622341229,0.0348740790218196,1.29668275052813e-11,777
CSA,CSA,yengo_csa_ldcsa,dbslmm,yengo_csa_ldcsa_DBSLMM_1.2,0.23863124725759,0.0348833101387355,1.59856760127412e-11,777
CSA,CSA,yengo_csa_ldcsa,quickprs,yengo_csa_ldcsa_quickprs,0.26151102259477,0.0346710250890342,1.29104287167522e-13,777
CSA,AMR,yengo_csa_ldamr,ptclump,yengo_csa_ldamr_0_5e-08,0.19594650033957,0.0352247158280563,3.65773545944919e-08,777
CSA,AMR,yengo_csa_ldamr,ptclump,yengo_csa_ldamr_0_1e-06,0.168377521935881,0.0354082004372184,2.36243521190586e-06,777
CSA,AMR,yengo_csa_ldamr,ptclump,yengo_csa_ldamr_0_1e-04,0.211071887901096,0.0351117783406425,2.8301684146747e-09,777
CSA,AMR,yengo_csa_ldamr,ptclump,yengo_csa_ldamr_0_0.01,0.161459257254504,0.035449753777694,6.09420036662344e-06,777
CSA,AMR,yengo_csa_ldamr,ptclump,yengo_csa_ldamr_0_0.1,0.156379236298397,0.0354791267022526,1.1923751086707e-05,777
CSA,AMR,yengo_csa_ldamr,ptclump,yengo_csa_ldamr_0_0.2,0.134226898914202,0.0355959972307122,0.000175074846822993,777
CSA,AMR,yengo_csa_ldamr,ptclump,yengo_csa_ldamr_0_0.3,0.12888708744407,0.0356214527368566,0.00031585017084943,777
CSA,AMR,yengo_csa_ldamr,ptclump,yengo_csa_ldamr_0_0.4,0.123913854232928,0.0356442160485403,0.000536469220301846,777
CSA,AMR,yengo_csa_ldamr,ptclump,yengo_csa_ldamr_0_0.5,0.128659226987486,0.0356225155930271,0.00032374486025162,777
CSA,AMR,yengo_csa_ldamr,ptclump,yengo_csa_ldamr_0_1,0.128511182993888,0.0356232051200684,0.000328972525475196,777
CSA,AMR,yengo_csa_ldamr,dbslmm,yengo_csa_ldamr_DBSLMM_0.8,0.226215081657699,0.0349898923069561,1.78956533839588e-10,777
CSA,AMR,yengo_csa_ldamr,dbslmm,yengo_csa_ldamr_DBSLMM_1,0.228899674655716,0.0349673569239712,1.07401061019053e-10,777
CSA,AMR,yengo_csa_ldamr,dbslmm,yengo_csa_ldamr_DBSLMM_1.2,0.229736580035424,0.0349602742993895,9.14771823193778e-11,777
CSA,AMR,yengo_csa_ldamr,quickprs,yengo_csa_ldamr_quickprs,0.20556196221854,0.0351539339273185,7.35454615135467e-09,777
CSA,AFR,yengo_csa_ldafr,ptclump,yengo_csa_ldafr_0_5e-08,0.155713957631034,0.0354829020778955,1.29992923697138e-05,777
CSA,AFR,yengo_csa_ldafr,ptclump,yengo_csa_ldafr_0_1e-06,0.186238818253671,0.0352926036768462,1.70604971388222e-07,777
CSA,AFR,yengo_csa_ldafr,ptclump,yengo_csa_ldafr_0_1e-04,0.220520946911845,0.0350367643220495,5.17465785268634e-10,777
CSA,AFR,yengo_csa_ldafr,ptclump,yengo_csa_ldafr_0_0.01,0.187511429861854,0.0352839077579634,1.4004891983223e-07,777
CSA,AFR,yengo_csa_ldafr,ptclump,yengo_csa_ldafr_0_0.1,0.191022364093446,0.0352595986732902,8.06777860413054e-08,777
CSA,AFR,yengo_csa_ldafr,ptclump,yengo_csa_ldafr_0_0.2,0.173798905676457,0.0353743836674573,1.09396742570229e-06,777
CSA,AFR,yengo_csa_ldafr,ptclump,yengo_csa_ldafr_0_0.3,0.170937047758754,0.0353923725280721,1.64743328827981e-06,777
CSA,AFR,yengo_csa_ldafr,ptclump,yengo_csa_ldafr_0_0.4,0.16021230410982,0.0354570529425401,7.19953469559868e-06,777
CSA,AFR,yengo_csa_ldafr,ptclump,yengo_csa_ldafr_0_0.5,0.164724105675532,0.0354303673104593,3.91560806503147e-06,777
CSA,AFR,yengo_csa_ldafr,ptclump,yengo_csa_ldafr_0_1,0.167037070262328,0.0354163916334391,2.84722044168237e-06,777
CSA,AFR,yengo_csa_ldafr,dbslmm,yengo_csa_ldafr_DBSLMM_0.8,0.244485858338283,0.0348309588852771,4.87670762224339e-12,777
CSA,AFR,yengo_csa_ldafr,dbslmm,yengo_csa_ldafr_DBSLMM_1,0.242863422022421,0.0348456015319111,6.79781108549199e-12,777
CSA,AFR,yengo_csa_ldafr,dbslmm,yengo_csa_ldafr_DBSLMM_1.2,0.240075164989586,0.0348705239265194,1.19625890990247e-11,777
CSA,AFR,yengo_csa_ldafr,quickprs,yengo_csa_ldafr_quickprs,0.237165977935238,0.0348962018251182,2.14121591146339e-11,777
AMR,EUR,yengo_amr_ldeur,ptclump,yengo_amr_ldeur_0_5e-08,0.192415217472388,0.0352498251486865,6.46370311887279e-08,777
AMR,EUR,yengo_amr_ldeur,ptclump,yengo_amr_ldeur_0_1e-06,0.19722451910784,0.0352155114111928,2.96886975510056e-08,777
AMR,EUR,yengo_amr_ldeur,ptclump,yengo_amr_ldeur_0_1e-04,0.216483607541195,0.0350692374645238,1.07975981035829e-09,777
AMR,EUR,yengo_amr_ldeur,ptclump,yengo_amr_ldeur_0_0.01,0.19338766543606,0.0352429578572146,5.53153025701323e-08,777
AMR,EUR,yengo_amr_ldeur,ptclump,yengo_amr_ldeur_0_0.1,0.183496724532989,0.0353111323410523,2.59822188702063e-07,777
AMR,EUR,yengo_amr_ldeur,ptclump,yengo_amr_ldeur_0_0.2,0.170330540986647,0.0353961453488607,1.79520826090827e-06,777
AMR,EUR,yengo_amr_ldeur,ptclump,yengo_amr_ldeur_0_0.3,0.152477117811114,0.0355010354877426,1.9688307659708e-05,777
AMR,EUR,yengo_amr_ldeur,ptclump,yengo_amr_ldeur_0_0.4,0.151075220233848,0.0355087681644479,2.3505228562611e-05,777
AMR,EUR,yengo_amr_ldeur,ptclump,yengo_amr_ldeur_0_0.5,0.152558502229681,0.0355005843368072,1.94858762553391e-05,777
AMR,EUR,yengo_amr_ldeur,ptclump,yengo_amr_ldeur_0_1,0.151093671863855,0.0355086668624981,2.34507107298245e-05,777
AMR,EUR,yengo_amr_ldeur,dbslmm,yengo_amr_ldeur_DBSLMM_0.8,0.264719034493787,0.0346395975685608,6.31826547262192e-14,777
AMR,EUR,yengo_amr_ldeur,dbslmm,yengo_amr_ldeur_DBSLMM_1,0.26461017380575,0.0346406707809316,6.47438054067706e-14,777
AMR,EUR,yengo_amr_ldeur,dbslmm,yengo_amr_ldeur_DBSLMM_1.2,0.263098850219951,0.0346555212751937,9.07530856201129e-14,777
AMR,EUR,yengo_amr_ldeur,quickprs,yengo_amr_ldeur_quickprs,0.224413578433385,0.0350048576502715,2.51181298615182e-10,777
AMR,EAS,yengo_amr_ldeas,ptclump,yengo_amr_ldeas_0_5e-08,0.195811594032128,0.0352256838051277,3.73889293091035e-08,777
AMR,EAS,yengo_amr_ldeas,ptclump,yengo_amr_ldeas_0_1e-06,0.225761146398812,0.0349936750925943,1.94969288908425e-10,777
AMR,EAS,yengo_amr_ldeas,ptclump,yengo_amr_ldeas_0_1e-04,0.250938895335857,0.0347716916899016,1.27071535277153e-12,777
AMR,EAS,yengo_amr_ldeas,ptclump,yengo_amr_ldeas_0_0.01,0.223158506177548,0.0350152092506285,3.17562083603178e-10,777
AMR,EAS,yengo_amr_ldeas,ptclump,yengo_amr_ldeas_0_0.1,0.213012935295779,0.0350966497692867,2.00902787162964e-09,777
AMR,EAS,yengo_amr_ldeas,ptclump,yengo_amr_ldeas_0_0.2,0.194807219828382,0.0352328685820451,4.40036243657877e-08,777
AMR,EAS,yengo_amr_ldeas,ptclump,yengo_amr_ldeas_0_0.3,0.185460903383095,0.0352978890589943,1.9235137682337e-07,777
AMR,EAS,yengo_amr_ldeas,ptclump,yengo_amr_ldeas_0_0.4,0.175710828079,0.0353621942264716,8.29068447163465e-07,777
AMR,EAS,yengo_amr_ldeas,ptclump,yengo_amr_ldeas_0_0.5,0.177720267009106,0.0353492347262917,6.1748170638675e-07,777
AMR,EAS,yengo_amr_ldeas,ptclump,yengo_amr_ldeas_0_1,0.174334803248599,0.035370980932092,1.01247672440604e-06,777
AMR,EAS,yengo_amr_ldeas,dbslmm,yengo_amr_ldeas_DBSLMM_0.8,0.289471120603505,0.0343831629901679,1.82834486300644e-16,777
AMR,EAS,yengo_amr_ldeas,dbslmm,yengo_amr_ldeas_DBSLMM_1,0.289709238235385,0.0343805751097739,1.72336573511719e-16,777
AMR,EAS,yengo_amr_ldeas,dbslmm,yengo_amr_ldeas_DBSLMM_1.2,0.288418994516927,0.034394569781493,2.37266761728753e-16,777
AMR,EAS,yengo_amr_ldeas,quickprs,yengo_amr_ldeas_quickprs,0.198329294373482,0.0352075045334833,2.47610140879406e-08,777
AMR,CSA,yengo_amr_ldcsa,ptclump,yengo_amr_ldcsa_0_5e-08,0.193928602441747,0.0352391222686449,5.07074278380589e-08,777
AMR,CSA,yengo_amr_ldcsa,ptclump,yengo_amr_ldcsa_0_1e-06,0.213320025047597,0.0350942430149428,1.90243611521925e-09,777
AMR,CSA,yengo_amr_ldcsa,ptclump,yengo_amr_ldcsa_0_1e-04,0.246669912195331,0.0348110837821398,3.1067261400618e-12,777
AMR,CSA,yengo_amr_ldcsa,ptclump,yengo_amr_ldcsa_0_0.01,0.227315587293908,0.0349806881979781,1.45273362279496e-10,777
AMR,CSA,yengo_amr_ldcsa,ptclump,yengo_amr_ldcsa_0_0.1,0.207938055861695,0.0351358977340831,4.88763824578436e-09,777
AMR,CSA,yengo_amr_ldcsa,ptclump,yengo_amr_ldcsa_0_0.2,0.189645122639579,0.0352691902000383,1.00288136462337e-07,777
AMR,CSA,yengo_amr_ldcsa,ptclump,yengo_amr_ldcsa_0_0.3,0.173572245146702,0.0353758196205468,1.1302980930451e-06,777
AMR,CSA,yengo_amr_ldcsa,ptclump,yengo_amr_ldcsa_0_0.4,0.168009606320174,0.0354104553939277,2.48697966522873e-06,777
AMR,CSA,yengo_amr_ldcsa,ptclump,yengo_amr_ldcsa_0_0.5,0.168775711830752,0.0354057542087673,2.23438256881435e-06,777
AMR,CSA,yengo_amr_ldcsa,ptclump,yengo_amr_ldcsa_0_1,0.169104369961545,0.0354037306592601,2.1337278218013e-06,777
AMR,CSA,yengo_amr_ldcsa,dbslmm,yengo_amr_ldcsa_DBSLMM_0.8,0.276571741094386,0.034519897432435,4.14100797351906e-15,777
AMR,CSA,yengo_amr_ldcsa,dbslmm,yengo_amr_ldcsa_DBSLMM_1,0.27569088035811,0.0345289880738353,5.09415887495375e-15,777
AMR,CSA,yengo_amr_ldcsa,dbslmm,yengo_amr_ldcsa_DBSLMM_1.2,0.273622133270213,0.0345502145679283,8.2620126643693e-15,777
AMR,CSA,yengo_amr_ldcsa,quickprs,yengo_amr_ldcsa_quickprs,0.218769062077294,0.0350509324799401,7.13277476545504e-10,777
AMR,AMR,yengo_amr_ldamr,ptclump,yengo_amr_ldamr_0_5e-08,0.209093445557476,0.0351270492415635,3.99986226076392e-09,777
AMR,AMR,yengo_amr_ldamr,ptclump,yengo_amr_ldamr_0_1e-06,0.222489707806219,0.0350207004207752,3.59625542889373e-10,777
AMR,AMR,yengo_amr_ldamr,ptclump,yengo_amr_ldamr_0_1e-04,0.238356660852317,0.0348857324053061,1.68881226526189e-11,777
AMR,AMR,yengo_amr_ldamr,ptclump,yengo_amr_ldamr_0_0.01,0.219383035585755,0.0350459805563727,6.37595396417487e-10,777
AMR,AMR,yengo_amr_ldamr,ptclump,yengo_amr_ldamr_0_0.1,0.201223376038303,0.0351863087914704,1.53158884281248e-08,777
AMR,AMR,yengo_amr_ldamr,ptclump,yengo_amr_ldamr_0_0.2,0.187220608689097,0.035285900385868,1.46527402218658e-07,777
AMR,AMR,yengo_amr_ldamr,ptclump,yengo_amr_ldamr_0_0.3,0.168146011122802,0.0354096199603093,2.44008821685788e-06,777
AMR,AMR,yengo_amr_ldamr,ptclump,yengo_amr_ldamr_0_0.4,0.166345061425475,0.0354205939830954,3.13343102210179e-06,777
AMR,AMR,yengo_amr_ldamr,ptclump,yengo_amr_ldamr_0_0.5,0.167573893322435,0.0354131193163205,2.64261647478456e-06,777
AMR,AMR,yengo_amr_ldamr,ptclump,yengo_amr_ldamr_0_1,0.169482658901232,0.0354013965157704,2.02325240274551e-06,777
AMR,AMR,yengo_amr_ldamr,dbslmm,yengo_amr_ldamr_DBSLMM_0.8,0.282690385280381,0.034455883828643,9.61978143270546e-16,777
AMR,AMR,yengo_amr_ldamr,dbslmm,yengo_amr_ldamr_DBSLMM_1,0.279956402436099,0.0344846747211838,1.85515760076111e-15,777
AMR,AMR,yengo_amr_ldamr,dbslmm,yengo_amr_ldamr_DBSLMM_1.2,0.27652644394356,0.0345203656729395,4.18543318648248e-15,777
AMR,AMR,yengo_amr_ldamr,quickprs,yengo_amr_ldamr_quickprs,0.272057004988034,0.0345661588381159,1.18791630041719e-14,777
AMR,AFR,yengo_amr_ldafr,ptclump,yengo_amr_ldafr_0_5e-08,0.198115598381385,0.0352090569301008,2.56478069987585e-08,777
AMR,AFR,yengo_amr_ldafr,ptclump,yengo_amr_ldafr_0_1e-06,0.204967970669567,0.0351584089147794,8.1393137484943e-09,777
AMR,AFR,yengo_amr_ldafr,ptclump,yengo_amr_ldafr_0_1e-04,0.240077406244747,0.0348705040160952,1.19571895975068e-11,777
AMR,AFR,yengo_amr_ldafr,ptclump,yengo_amr_ldafr_0_0.01,0.239954190433331,0.0348715983239801,1.22575977125691e-11,777
AMR,AFR,yengo_amr_ldafr,ptclump,yengo_amr_ldafr_0_0.1,0.199052836495905,0.0352022354180753,2.19735966174468e-08,777
AMR,AFR,yengo_amr_ldafr,ptclump,yengo_amr_ldafr_0_0.2,0.181041176329194,0.0353274834521563,3.76669337436884e-07,777
AMR,AFR,yengo_amr_ldafr,ptclump,yengo_amr_ldafr_0_0.3,0.173770817994657,0.035374561715073,1.09840786088565e-06,777
AMR,AFR,yengo_amr_ldafr,ptclump,yengo_amr_ldafr_0_0.4,0.174520652406825,0.035369798341076,9.85602747838223e-07,777
AMR,AFR,yengo_amr_ldafr,ptclump,yengo_amr_ldafr_0_0.5,0.171788171159031,0.0353870547544344,1.45959886868781e-06,777
AMR,AFR,yengo_amr_ldafr,ptclump,yengo_amr_ldafr_0_1,0.176812137682895,0.0353551103751089,7.05724876889047e-07,777
AMR,AFR,yengo_amr_ldafr,dbslmm,yengo_amr_ldafr_DBSLMM_0.8,0.256403458014453,0.0347202138152743,3.9480099086881e-13,777
AMR,AFR,yengo_amr_ldafr,dbslmm,yengo_amr_ldafr_DBSLMM_1,0.254502494303371,0.0347382559480757,5.94768824487218e-13,777
AMR,AFR,yengo_amr_ldafr,dbslmm,yengo_amr_ldafr_DBSLMM_1.2,0.251911574843049,0.0347626154118342,1.0341035993216e-12,777
AMR,AFR,yengo_amr_ldafr,quickprs,yengo_amr_ldafr_quickprs,0.250229303236803,0.0347782894049949,1.47601074938466e-12,777
AFR,EUR,yengo_afr_ldeur,ptclump,yengo_afr_ldeur_0_5e-08,0.135885130901851,0.035587878168217,0.000145106855591725,777
AFR,EUR,yengo_afr_ldeur,ptclump,yengo_afr_ldeur_0_1e-06,0.123690865241984,0.0356452153936395,0.000549119709405444,777
AFR,EUR,yengo_afr_ldeur,ptclump,yengo_afr_ldeur_0_1e-04,0.122513890699838,0.0356504598275659,0.000620611475915254,777
AFR,EUR,yengo_afr_ldeur,ptclump,yengo_afr_ldeur_0_0.01,0.141671215103746,0.0355587522334703,7.41096690161562e-05,777
AFR,EUR,yengo_afr_ldeur,ptclump,yengo_afr_ldeur_0_0.1,0.122015775306082,0.0356526640288873,0.000653395724353104,777
AFR,EUR,yengo_afr_ldeur,ptclump,yengo_afr_ldeur_0_0.2,0.126691235687662,0.0356316157329674,0.000400019493134021,777
AFR,EUR,yengo_afr_ldeur,ptclump,yengo_afr_ldeur_0_0.3,0.131442814937932,0.0356094004696511,0.000238797330364104,777
AFR,EUR,yengo_afr_ldeur,ptclump,yengo_afr_ldeur_0_0.4,0.131265962365704,0.0356102422222597,0.00024350307721596,777
AFR,EUR,yengo_afr_ldeur,ptclump,yengo_afr_ldeur_0_0.5,0.13072602034465,0.0356128050114064,0.000258412794779237,777
AFR,EUR,yengo_afr_ldeur,ptclump,yengo_afr_ldeur_0_1,0.126045543767199,0.0356345704002209,0.000428493139781188,777
AFR,EUR,yengo_afr_ldeur,dbslmm,yengo_afr_ldeur_DBSLMM_0.8,0.137544815105379,0.0355796502881801,0.000119990830078062,777
AFR,EUR,yengo_afr_ldeur,dbslmm,yengo_afr_ldeur_DBSLMM_1,0.140772085187064,0.0355633595428903,8.24079613541356e-05,777
AFR,EUR,yengo_afr_ldeur,dbslmm,yengo_afr_ldeur_DBSLMM_1.2,0.143353704073327,0.0355500504156161,6.06567852214513e-05,777
AFR,EUR,yengo_afr_ldeur,quickprs,yengo_afr_ldeur_quickprs,0.172355508986427,0.0353834949407485,1.3460014294842e-06,777
AFR,EAS,yengo_afr_ldeas,ptclump,yengo_afr_ldeas_0_5e-08,0.0583672932682961,0.0358598213311947,0.104005242341086,777
AFR,EAS,yengo_afr_ldeas,ptclump,yengo_afr_ldeas_0_1e-06,0.0452968981206739,0.0358841899056943,0.207217715020241,777
AFR,EAS,yengo_afr_ldeas,ptclump,yengo_afr_ldeas_0_1e-04,0.0655328768644484,0.0358438448767458,0.0678905614071114,777
AFR,EAS,yengo_afr_ldeas,ptclump,yengo_afr_ldeas_0_0.01,0.12706025762643,0.0356299202090839,0.00038454893742176,777
AFR,EAS,yengo_afr_ldeas,ptclump,yengo_afr_ldeas_0_0.1,0.11866760158532,0.0356672434944932,0.000918998361286066,777
AFR,EAS,yengo_afr_ldeas,ptclump,yengo_afr_ldeas_0_0.2,0.131796115268609,0.035607715437947,0.000229650485585893,777
AFR,EAS,yengo_afr_ldeas,ptclump,yengo_afr_ldeas_0_0.3,0.142611422883651,0.0355539024138788,6.62795278933045e-05,777
AFR,EAS,yengo_afr_ldeas,ptclump,yengo_afr_ldeas_0_0.4,0.143145268320019,0.0355511341347623,6.21884018092459e-05,777
AFR,EAS,yengo_afr_ldeas,ptclump,yengo_afr_ldeas_0_0.5,0.147345405232546,0.0355289855598506,3.73767960833785e-05,777
AFR,EAS,yengo_afr_ldeas,ptclump,yengo_afr_ldeas_0_1,0.151264526371807,0.0355077282466883,2.29515703400915e-05,777
AFR,EAS,yengo_afr_ldeas,dbslmm,yengo_afr_ldeas_DBSLMM_0.8,0.0793661369951561,0.0358077485991504,0.0269502492396367,777
AFR,EAS,yengo_afr_ldeas,dbslmm,yengo_afr_ldeas_DBSLMM_1,0.0859560211201065,0.0357881141276965,0.0165489088855893,777
AFR,EAS,yengo_afr_ldeas,dbslmm,yengo_afr_ldeas_DBSLMM_1.2,0.0916569465661815,0.0357698558285472,0.0105828103180145,777
AFR,EAS,yengo_afr_ldeas,quickprs,yengo_afr_ldeas_quickprs,0.120177782006088,0.0356607184396012,0.000788782137565152,777
AFR,CSA,yengo_afr_ldcsa,ptclump,yengo_afr_ldcsa_0_5e-08,0.118728910730513,0.0356669802253541,0.000913346319473906,777
AFR,CSA,yengo_afr_ldcsa,ptclump,yengo_afr_ldcsa_0_1e-06,0.0851703099071436,0.0357905379153678,0.0175683443284047,777
AFR,CSA,yengo_afr_ldcsa,ptclump,yengo_afr_ldcsa_0_1e-04,0.0663323814973481,0.0358419472246964,0.0645943215229105,777
AFR,CSA,yengo_afr_ldcsa,ptclump,yengo_afr_ldcsa_0_0.01,0.13601993807485,0.035587213659677,0.000142895485595219,777
AFR,CSA,yengo_afr_ldcsa,ptclump,yengo_afr_ldcsa_0_0.1,0.123309507937403,0.0356469202443368,0.000571399394407908,777
AFR,CSA,yengo_afr_ldcsa,ptclump,yengo_afr_ldcsa_0_0.2,0.123445103889297,0.0356463146776459,0.000563383077783731,777
AFR,CSA,yengo_afr_ldcsa,ptclump,yengo_afr_ldcsa_0_0.3,0.129087132122846,0.0356205180509737,0.000309067858445945,777
AFR,CSA,yengo_afr_ldcsa,ptclump,yengo_afr_ldcsa_0_0.4,0.12922053988879,0.0356198938990804,0.00030462071201607,777
AFR,CSA,yengo_afr_ldcsa,ptclump,yengo_afr_ldcsa_0_0.5,0.127341008107846,0.0356286269036223,0.000373154790078772,777
AFR,CSA,yengo_afr_ldcsa,ptclump,yengo_afr_ldcsa_0_1,0.127100705035299,0.0356297340628995,0.000382887623080676,777
AFR,CSA,yengo_afr_ldcsa,dbslmm,yengo_afr_ldcsa_DBSLMM_0.8,0.115284600485958,0.0356815568315566,0.00128597618451039,777
AFR,CSA,yengo_afr_ldcsa,dbslmm,yengo_afr_ldcsa_DBSLMM_1,0.119402033918586,0.0356640806793705,0.000853370891363698,777
AFR,CSA,yengo_afr_ldcsa,dbslmm,yengo_afr_ldcsa_DBSLMM_1.2,0.122735610852983,0.0356494757655623,0.000606515656570012,777
AFR,CSA,yengo_afr_ldcsa,quickprs,yengo_afr_ldcsa_quickprs,0.185596872853584,0.0352969668949499,1.88366690683089e-07,777
AFR,AMR,yengo_afr_ldamr,ptclump,yengo_afr_ldamr_0_5e-08,0.132349471829795,0.0356050670063174,0.000215981223935607,777
AFR,AMR,yengo_afr_ldamr,ptclump,yengo_afr_ldamr_0_1e-06,0.0947902508386715,0.0357593174566085,0.00819439886996932,777
AFR,AMR,yengo_afr_ldamr,ptclump,yengo_afr_ldamr_0_1e-04,0.0917167141845012,0.0357696581519679,0.0105320077994465,777
AFR,AMR,yengo_afr_ldamr,ptclump,yengo_afr_ldamr_0_0.01,0.151985276200215,0.0355037567447645,2.09548797733314e-05,777
AFR,AMR,yengo_afr_ldamr,ptclump,yengo_afr_ldamr_0_0.1,0.143673867738016,0.0355483826541799,5.83734284931046e-05,777
AFR,AMR,yengo_afr_ldamr,ptclump,yengo_afr_ldamr_0_0.2,0.147140843085671,0.0355300794383873,3.83275621832257e-05,777
AFR,AMR,yengo_afr_ldamr,ptclump,yengo_afr_ldamr_0_0.3,0.150697975893557,0.0355108365116465,2.46465904675285e-05,777
AFR,AMR,yengo_afr_ldamr,ptclump,yengo_afr_ldamr_0_0.4,0.152757575080188,0.0354994797464036,1.89990181496878e-05,777
AFR,AMR,yengo_afr_ldamr,ptclump,yengo_afr_ldamr_0_0.5,0.153308856607109,0.0354964131670179,1.77104168388978e-05,777
AFR,AMR,yengo_afr_ldamr,ptclump,yengo_afr_ldamr_0_1,0.150527664828168,0.0355117685558333,2.51789359071724e-05,777
AFR,AMR,yengo_afr_ldamr,dbslmm,yengo_afr_ldamr_DBSLMM_0.8,0.148229725600707,0.0355242388572219,3.35178565367341e-05,777
AFR,AMR,yengo_afr_ldamr,dbslmm,yengo_afr_ldamr_DBSLMM_1,0.154157631038677,0.0354916696231037,1.58876584809909e-05,777
AFR,AMR,yengo_afr_ldamr,dbslmm,yengo_afr_ldamr_DBSLMM_1.2,0.158826535589955,0.0354650965460771,8.65189892439873e-06,777
AFR,AMR,yengo_afr_ldamr,quickprs,yengo_afr_ldamr_quickprs,0.131055056949156,0.0356112445461616,0.000249228402539551,777
AFR,AFR,yengo_afr_ldafr,ptclump,yengo_afr_ldafr_0_5e-08,0.0868800377425774,0.0357852349988786,0.0154166868019039,777
AFR,AFR,yengo_afr_ldafr,ptclump,yengo_afr_ldafr_0_1e-06,0.0851937360270587,0.0357904659739786,0.0175371726409363,777
AFR,AFR,yengo_afr_ldafr,ptclump,yengo_afr_ldafr_0_1e-04,0.0797108101145638,0.0358067607015298,0.0262917124562074,777
AFR,AFR,yengo_afr_ldafr,ptclump,yengo_afr_ldafr_0_0.01,0.143134467957327,0.035551190245173,6.22687519537535e-05,777
AFR,AFR,yengo_afr_ldafr,ptclump,yengo_afr_ldafr_0_0.1,0.120337391746572,0.0356600239203081,0.000776067841592991,777
AFR,AFR,yengo_afr_ldafr,ptclump,yengo_afr_ldafr_0_0.2,0.124640457464075,0.0356409470270461,0.000497103648402817,777
AFR,AFR,yengo_afr_ldafr,ptclump,yengo_afr_ldafr_0_0.3,0.128785242642282,0.0356219280287744,0.000319356295716085,777
AFR,AFR,yengo_afr_ldafr,ptclump,yengo_afr_ldafr_0_0.4,0.133705322349216,0.0355985299945774,0.0001856425996243,777
AFR,AFR,yengo_afr_ldafr,ptclump,yengo_afr_ldafr_0_0.5,0.137748681959552,0.0355786325984029,0.000117204650271656,777
AFR,AFR,yengo_afr_ldafr,ptclump,yengo_afr_ldafr_0_1,0.136720792897521,0.0355837480988247,0.000131900159581439,777
AFR,AFR,yengo_afr_ldafr,dbslmm,yengo_afr_ldafr_DBSLMM_0.8,0.171935005536163,0.0353861345886243,1.42934611346512e-06,777
AFR,AFR,yengo_afr_ldafr,dbslmm,yengo_afr_ldafr_DBSLMM_1,0.177158610354396,0.0353528723435374,6.7071443133908e-07,777
AFR,AFR,yengo_afr_ldafr,dbslmm,yengo_afr_ldafr_DBSLMM_1.2,0.180984437684434,0.0353278585733065,3.79892927564788e-07,777
AFR,AFR,yengo_afr_ldafr,quickprs,yengo_afr_ldafr_quickprs,0.226889490556473,0.0349842574563792,1.57508977876305e-10,777
