mix,ld_pop,gwas,pgs_method,model,r,se,p,n
eur100,EUR,mix_eur100_ldeur,ptclump,mix_eur100_ldeur_0_5e-08,0.374377239368781,0.0333087546884253,2.93523165688549e-27,777
eur100,EUR,mix_eur100_ldeur,ptclump,mix_eur100_ldeur_0_1e-06,0.377458984891589,0.0332638467840156,1.02341799701307e-27,777
eur100,EUR,mix_eur100_ldeur,ptclump,mix_eur100_ldeur_0_1e-04,0.383979312842815,0.0331674128316754,1.06063046918142e-28,777
eur100,EUR,mix_eur100_ldeur,ptclump,mix_eur100_ldeur_0_0.01,0.414034456853804,0.0326975478717126,1.55284900311936e-33,777
eur100,EUR,mix_eur100_ldeur,ptclump,mix_eur100_ldeur_0_0.1,0.424182335322589,0.032529279047578,2.78089430907404e-35,777
eur100,EUR,mix_eur100_ldeur,ptclump,mix_eur100_ldeur_0_0.2,0.423558113545162,0.0325397726750206,3.57581043047385e-35,777
eur100,EUR,mix_eur100_ldeur,ptclump,mix_eur100_ldeur_0_0.3,0.415477859023263,0.0326739147937656,8.83650204551281e-34,777
eur100,EUR,mix_eur100_ldeur,ptclump,mix_eur100_ldeur_0_0.4,0.41394532980757,0.0326990039096685,1.6077148537491e-33,777
eur100,EUR,mix_eur100_ldeur,ptclump,mix_eur100_ldeur_0_0.5,0.411076439495198,0.032745670206608,4.88865497858305e-33,777
eur100,EUR,mix_eur100_ldeur,ptclump,mix_eur100_ldeur_0_1,0.406029573968426,0.0328268180109872,3.36918316921754e-32,777
eur100,EUR,mix_eur100_ldeur,dbslmm,mix_eur100_ldeur_DBSLMM_0.8,0.442435646016299,0.0322140161667625,1.40675293216261e-38,777
eur100,EUR,mix_eur100_ldeur,dbslmm,mix_eur100_ldeur_DBSLMM_1,0.444025023701668,0.0321857868516571,7.10568209290401e-39,777
eur100,EUR,mix_eur100_ldeur,dbslmm,mix_eur100_ldeur_DBSLMM_1.2,0.444363145346471,0.0321797651319201,6.14189283482071e-39,777
eur100,EUR,mix_eur100_ldeur,quickprs,mix_eur100_ldeur_quickprs,0.467113735924914,0.0317613024375478,2.29795243213328e-43,777
eur100,EAS,mix_eur100_ldeas,ptclump,mix_eur100_ldeas_0_5e-08,0.376125014030737,0.0332833383449006,1.61707501544073e-27,777
eur100,EAS,mix_eur100_ldeas,ptclump,mix_eur100_ldeas_0_1e-06,0.381424727842336,0.0332054246829447,2.59377301599179e-28,777
eur100,EAS,mix_eur100_ldeas,ptclump,mix_eur100_ldeas_0_1e-04,0.403715339739402,0.0328636268090422,8.07539722133334e-32,777
eur100,EAS,mix_eur100_ldeas,ptclump,mix_eur100_ldeas_0_0.01,0.418526439753293,0.0326236727670198,2.66196938796845e-34,777
eur100,EAS,mix_eur100_ldeas,ptclump,mix_eur100_ldeas_0_0.1,0.425718403841996,0.0325033763135606,1.49456844223477e-35,777
eur100,EAS,mix_eur100_ldeas,ptclump,mix_eur100_ldeas_0_0.2,0.426740855900272,0.032486071296252,9.86834034030208e-36,777
eur100,EAS,mix_eur100_ldeas,ptclump,mix_eur100_ldeas_0_0.3,0.418160424813096,0.0326297283632309,3.07643221774378e-34,777
eur100,EAS,mix_eur100_ldeas,ptclump,mix_eur100_ldeas_0_0.4,0.418649473400162,0.0326216357735816,2.53548428588325e-34,777
eur100,EAS,mix_eur100_ldeas,ptclump,mix_eur100_ldeas_0_0.5,0.416608279065271,0.0326553368026703,5.6713792125218e-34,777
eur100,EAS,mix_eur100_ldeas,ptclump,mix_eur100_ldeas_0_1,0.413976185634346,0.0326984998714331,1.58850616751047e-33,777
eur100,EAS,mix_eur100_ldeas,dbslmm,mix_eur100_ldeas_DBSLMM_0.8,0.413206812670363,0.0327110542618201,2.1428282248242e-33,777
eur100,EAS,mix_eur100_ldeas,dbslmm,mix_eur100_ldeas_DBSLMM_1,0.411632672567244,0.0327366528896823,3.94378320533844e-33,777
eur100,EAS,mix_eur100_ldeas,dbslmm,mix_eur100_ldeas_DBSLMM_1.2,0.409897898468324,0.0327647275495336,7.69560575103219e-33,777
eur100,EAS,mix_eur100_ldeas,quickprs,mix_eur100_ldeas_quickprs,0.267381126187472,0.0346132052622605,3.46623416477556e-14,777
eur100,CSA,mix_eur100_ldcsa,ptclump,mix_eur100_ldcsa_0_5e-08,0.383329649876756,0.0331771079166064,1.33246890665222e-28,777
eur100,CSA,mix_eur100_ldcsa,ptclump,mix_eur100_ldcsa_0_1e-06,0.380027171855542,0.0332260944605092,4.21645584312757e-28,777
eur100,CSA,mix_eur100_ldcsa,ptclump,mix_eur100_ldcsa_0_1e-04,0.393748464019296,0.0330192934232533,3.22382403491963e-30,777
eur100,CSA,mix_eur100_ldcsa,ptclump,mix_eur100_ldcsa_0_0.01,0.412954692797813,0.0327151621491747,2.36327209592767e-33,777
eur100,CSA,mix_eur100_ldcsa,ptclump,mix_eur100_ldcsa_0_0.1,0.416835118030112,0.0326516014402855,5.18744063828054e-34,777
eur100,CSA,mix_eur100_ldcsa,ptclump,mix_eur100_ldcsa_0_0.2,0.410496939146834,0.0327550491148697,6.11196451047352e-33,777
eur100,CSA,mix_eur100_ldcsa,ptclump,mix_eur100_ldcsa_0_0.3,0.406624247761667,0.0328173188174202,2.68836286183586e-32,777
eur100,CSA,mix_eur100_ldcsa,ptclump,mix_eur100_ldcsa_0_0.4,0.404197529317356,0.0328559781430087,6.73456000229562e-32,777
eur100,CSA,mix_eur100_ldcsa,ptclump,mix_eur100_ldcsa_0_0.5,0.403364268468726,0.0328691887673369,9.21498908795583e-32,777
eur100,CSA,mix_eur100_ldcsa,ptclump,mix_eur100_ldcsa_0_1,0.402393213376873,0.0328845429290014,1.32652173539805e-31,777
eur100,CSA,mix_eur100_ldcsa,dbslmm,mix_eur100_ldcsa_DBSLMM_0.8,0.431141885457464,0.0324110032014057,1.62626476629886e-36,777
eur100,CSA,mix_eur100_ldcsa,dbslmm,mix_eur100_ldcsa_DBSLMM_1,0.428975763867827,0.0324480685644997,3.96315883795665e-36,777
eur100,CSA,mix_eur100_ldcsa,dbslmm,mix_eur100_ldcsa_DBSLMM_1.2,0.428600083582243,0.0324544736884046,4.62220807561135e-36,777
eur100,CSA,mix_eur100_ldcsa,quickprs,mix_eur100_ldcsa_quickprs,0.37578370178715,0.0332883125759826,1.81725449232684e-27,777
eur100,AMR,mix_eur100_ldamr,ptclump,mix_eur100_ldamr_0_5e-08,0.371392663138029,0.0333518387512108,8.0562137238382e-27,777
eur100,AMR,mix_eur100_ldamr,ptclump,mix_eur100_ldamr_0_1e-06,0.374265643257809,0.0333103728545933,3.04874016949361e-27,777
eur100,AMR,mix_eur100_ldamr,ptclump,mix_eur100_ldamr_0_1e-04,0.385528748651626,0.0331442124362145,6.14225416264497e-29,777
eur100,AMR,mix_eur100_ldamr,ptclump,mix_eur100_ldamr_0_0.01,0.415950223434155,0.032666159102104,7.3433152474316e-34,777
eur100,AMR,mix_eur100_ldamr,ptclump,mix_eur100_ldamr_0_0.1,0.426028232546075,0.0324981378141176,1.31811787653585e-35,777
eur100,AMR,mix_eur100_ldamr,ptclump,mix_eur100_ldamr_0_0.2,0.428038530622037,0.0324640350145069,5.8150696383769e-36,777
eur100,AMR,mix_eur100_ldamr,ptclump,mix_eur100_ldamr_0_0.3,0.421609895322963,0.0325724026502104,7.81071487950576e-35,777
eur100,AMR,mix_eur100_ldamr,ptclump,mix_eur100_ldamr_0_0.4,0.418598517114751,0.0326224795139463,2.58713045236682e-34,777
eur100,AMR,mix_eur100_ldamr,ptclump,mix_eur100_ldamr_0_0.5,0.413509503428385,0.0327061184090429,1.90494755040458e-33,777
eur100,AMR,mix_eur100_ldamr,ptclump,mix_eur100_ldamr_0_1,0.408737245873994,0.0327834313745643,1.20098512494361e-32,777
eur100,AMR,mix_eur100_ldamr,dbslmm,mix_eur100_ldamr_DBSLMM_0.8,0.432189691653804,0.0323929914846823,1.0545159359665e-36,777
eur100,AMR,mix_eur100_ldamr,dbslmm,mix_eur100_ldamr_DBSLMM_1,0.43313927303661,0.0323766217957882,7.11182535260876e-37,777
eur100,AMR,mix_eur100_ldamr,dbslmm,mix_eur100_ldamr_DBSLMM_1.2,0.43346904072845,0.0323709266358636,6.20075381027469e-37,777
eur100,AMR,mix_eur100_ldamr,quickprs,mix_eur100_ldamr_quickprs,0.176584304451764,0.0353565795933882,7.29697745423312e-07,777
eur100,AFR,mix_eur100_ldafr,ptclump,mix_eur100_ldafr_0_5e-08,0.367000552133614,0.0334145148050407,3.49237506592051e-26,777
eur100,AFR,mix_eur100_ldafr,ptclump,mix_eur100_ldafr_0_1e-06,0.363137904007989,0.03346892372129,1.24519103416294e-25,777
eur100,AFR,mix_eur100_ldafr,ptclump,mix_eur100_ldafr_0_1e-04,0.365093159823837,0.0334414651756854,6.55690370853422e-26,777
eur100,AFR,mix_eur100_ldafr,ptclump,mix_eur100_ldafr_0_0.01,0.379824615648552,0.0332290828962479,4.52320656645424e-28,777
eur100,AFR,mix_eur100_ldafr,ptclump,mix_eur100_ldafr_0_0.1,0.388152601973223,0.0331046738261731,2.41923578477635e-29,777
eur100,AFR,mix_eur100_ldafr,ptclump,mix_eur100_ldafr_0_0.2,0.391314433177082,0.0330566086192,7.78348477668144e-30,777
eur100,AFR,mix_eur100_ldafr,ptclump,mix_eur100_ldafr_0_0.3,0.388489237519274,0.0330995782515124,2.14534309174355e-29,777
eur100,AFR,mix_eur100_ldafr,ptclump,mix_eur100_ldafr_0_0.4,0.388310048015894,0.033102291249221,2.28707405761034e-29,777
eur100,AFR,mix_eur100_ldafr,ptclump,mix_eur100_ldafr_0_0.5,0.387113451402672,0.0331203704152403,3.50246660991361e-29,777
eur100,AFR,mix_eur100_ldafr,ptclump,mix_eur100_ldafr_0_1,0.385494171325164,0.0331447313747201,6.21778705865649e-29,777
eur100,AFR,mix_eur100_ldafr,dbslmm,mix_eur100_ldafr_DBSLMM_0.8,0.413972471332165,0.0326985605479594,1.5908063335843e-33,777
eur100,AFR,mix_eur100_ldafr,dbslmm,mix_eur100_ldafr_DBSLMM_1,0.413830278513905,0.032700882903837,1.68138954708052e-33,777
eur100,AFR,mix_eur100_ldafr,dbslmm,mix_eur100_ldafr_DBSLMM_1.2,0.413360596870142,0.0327085471113544,2.01850565966599e-33,777
eur100,AFR,mix_eur100_ldafr,quickprs,mix_eur100_ldafr_quickprs,0.331358830610272,0.0338916932514985,2.28624528670744e-21,777
eur75,EUR,mix_eur75_ldeur,ptclump,mix_eur75_ldeur_0_5e-08,0.356412451014238,0.0335620785384631,1.09321180821108e-24,777
eur75,EUR,mix_eur75_ldeur,ptclump,mix_eur75_ldeur_0_1e-06,0.369856426017215,0.0333738592726891,1.34912074513236e-26,777
eur75,EUR,mix_eur75_ldeur,ptclump,mix_eur75_ldeur_0_1e-04,0.391576340658014,0.0330526065428037,7.08169332705037e-30,777
eur75,EUR,mix_eur75_ldeur,ptclump,mix_eur75_ldeur_0_0.01,0.392233417407931,0.0330425521600507,5.58496339332375e-30,777
eur75,EUR,mix_eur75_ldeur,ptclump,mix_eur75_ldeur_0_0.1,0.382486504147097,0.0331896617044901,1.79031700626053e-28,777
eur75,EUR,mix_eur75_ldeur,ptclump,mix_eur75_ldeur_0_0.2,0.370794361300587,0.0333604274287557,9.85104187294946e-27,777
eur75,EUR,mix_eur75_ldeur,ptclump,mix_eur75_ldeur_0_0.3,0.367520022373934,0.0334071468721071,2.93963799164523e-26,777
eur75,EUR,mix_eur75_ldeur,ptclump,mix_eur75_ldeur_0_0.4,0.370240259706149,0.0333683672900475,1.18636088494992e-26,777
eur75,EUR,mix_eur75_ldeur,ptclump,mix_eur75_ldeur_0_0.5,0.367622597251898,0.0334056905716293,2.84120307477125e-26,777
eur75,EUR,mix_eur75_ldeur,ptclump,mix_eur75_ldeur_0_1,0.367482202902864,0.033407683693149,2.97677612674202e-26,777
eur75,EUR,mix_eur75_ldeur,dbslmm,mix_eur75_ldeur_DBSLMM_0.8,0.380740195635332,0.0332155599648344,3.29167347144423e-28,777
eur75,EUR,mix_eur75_ldeur,dbslmm,mix_eur75_ldeur_DBSLMM_1,0.379394964071519,0.0332354156467051,5.24889617211543e-28,777
eur75,EUR,mix_eur75_ldeur,dbslmm,mix_eur75_ldeur_DBSLMM_1.2,0.377568508816841,0.0332622428811355,9.85598104519832e-28,777
eur75,EUR,mix_eur75_ldeur,quickprs,mix_eur75_ldeur_quickprs,0.345545328690021,0.0337083970742719,3.28135505197421e-23,777
eur75,EAS,mix_eur75_ldeas,ptclump,mix_eur75_ldeas_0_5e-08,0.362196234290158,0.0334820874183742,1.69315357794875e-25,777
eur75,EAS,mix_eur75_ldeas,ptclump,mix_eur75_ldeas_0_1e-06,0.374784736543515,0.0333028411314189,2.55515745839147e-27,777
eur75,EAS,mix_eur75_ldeas,ptclump,mix_eur75_ldeas_0_1e-04,0.388231977791704,0.0331034728013483,2.35168803792199e-29,777
eur75,EAS,mix_eur75_ldeas,ptclump,mix_eur75_ldeas_0_0.01,0.397422322335762,0.0329624517117681,8.40414658651349e-31,777
eur75,EAS,mix_eur75_ldeas,ptclump,mix_eur75_ldeas_0_0.1,0.389306677887287,0.0330871831837542,1.60152644409349e-29,777
eur75,EAS,mix_eur75_ldeas,ptclump,mix_eur75_ldeas_0_0.2,0.387954221333546,0.0331076742326625,2.5965732342748e-29,777
eur75,EAS,mix_eur75_ldeas,ptclump,mix_eur75_ldeas_0_0.3,0.384729104538655,0.0331561995588795,8.14556434840167e-29,777
eur75,EAS,mix_eur75_ldeas,ptclump,mix_eur75_ldeas_0_0.4,0.387054265775792,0.0331212629365091,3.57692001288434e-29,777
eur75,EAS,mix_eur75_ldeas,ptclump,mix_eur75_ldeas_0_0.5,0.385568564628412,0.0331436148080205,6.05640258897266e-29,777
eur75,EAS,mix_eur75_ldeas,ptclump,mix_eur75_ldeas_0_1,0.386265107637127,0.0331331481347428,4.73300079934673e-29,777
eur75,EAS,mix_eur75_ldeas,dbslmm,mix_eur75_ldeas_DBSLMM_0.8,0.383971484602777,0.0331675297690851,1.06355380661135e-28,777
eur75,EAS,mix_eur75_ldeas,dbslmm,mix_eur75_ldeas_DBSLMM_1,0.382829422522753,0.0331845598230008,1.58783327834068e-28,777
eur75,EAS,mix_eur75_ldeas,dbslmm,mix_eur75_ldeas_DBSLMM_1.2,0.38140246906555,0.0332057545846558,2.61397137386076e-28,777
eur75,EAS,mix_eur75_ldeas,quickprs,mix_eur75_ldeas_quickprs,0.267308362363776,0.0346139304310329,3.52390033170343e-14,777
eur75,CSA,mix_eur75_ldcsa,ptclump,mix_eur75_ldcsa_0_5e-08,0.376061145343218,0.0332842695571414,1.65279652863309e-27,777
eur75,CSA,mix_eur75_ldcsa,ptclump,mix_eur75_ldcsa_0_1e-06,0.381653534763177,0.0332020321842635,2.39489799210665e-28,777
eur75,CSA,mix_eur75_ldcsa,ptclump,mix_eur75_ldcsa_0_1e-04,0.400015423395981,0.0329219538683552,3.22060424876425e-31,777
eur75,CSA,mix_eur75_ldcsa,ptclump,mix_eur75_ldcsa_0_0.01,0.400127404013135,0.0329201979486407,3.08933878321542e-31,777
eur75,CSA,mix_eur75_ldcsa,ptclump,mix_eur75_ldcsa_0_0.1,0.381397724001471,0.0332058249092709,2.61829729859739e-28,777
eur75,CSA,mix_eur75_ldcsa,ptclump,mix_eur75_ldcsa_0_0.2,0.37131640535006,0.0333529343317682,8.26560595181665e-27,777
eur75,CSA,mix_eur75_ldcsa,ptclump,mix_eur75_ldcsa_0_0.3,0.367456228985442,0.0334080523378151,3.0025506153005e-26,777
eur75,CSA,mix_eur75_ldcsa,ptclump,mix_eur75_ldcsa_0_0.4,0.366680533934192,0.0334190478046961,3.88284225001321e-26,777
eur75,CSA,mix_eur75_ldcsa,ptclump,mix_eur75_ldcsa_0_0.5,0.366665562523364,0.0334192597601351,3.90213099247458e-26,777
eur75,CSA,mix_eur75_ldcsa,ptclump,mix_eur75_ldcsa_0_1,0.363023887729507,0.033470519660909,1.29246531049417e-25,777
eur75,CSA,mix_eur75_ldcsa,dbslmm,mix_eur75_ldcsa_DBSLMM_0.8,0.392762695233684,0.0330344388280995,4.61094492181417e-30,777
eur75,CSA,mix_eur75_ldcsa,dbslmm,mix_eur75_ldcsa_DBSLMM_1,0.390819117120217,0.0330641686518293,9.304257070315e-30,777
eur75,CSA,mix_eur75_ldcsa,dbslmm,mix_eur75_ldcsa_DBSLMM_1.2,0.389223509471427,0.0330884456916609,1.64993924886464e-29,777
eur75,CSA,mix_eur75_ldcsa,quickprs,mix_eur75_ldcsa_quickprs,0.314613212468525,0.0340969874090732,2.59263710633549e-19,777
eur75,AMR,mix_eur75_ldamr,ptclump,mix_eur75_ldamr_0_5e-08,0.378381260432497,0.0332503237287857,7.44991922469536e-28,777
eur75,AMR,mix_eur75_ldamr,ptclump,mix_eur75_ldamr_0_1e-06,0.388239897211803,0.0331033529578046,2.34505207174818e-29,777
eur75,AMR,mix_eur75_ldamr,ptclump,mix_eur75_ldamr_0_1e-04,0.395077860627142,0.0329987973200643,1.98582730091417e-30,777
eur75,AMR,mix_eur75_ldamr,ptclump,mix_eur75_ldamr_0_0.01,0.399041321171978,0.0329372036730958,4.62221641390068e-31,777
eur75,AMR,mix_eur75_ldamr,ptclump,mix_eur75_ldamr_0_0.1,0.394374370058913,0.0330096536464545,2.56694352285361e-30,777
eur75,AMR,mix_eur75_ldamr,ptclump,mix_eur75_ldamr_0_0.2,0.387599143534953,0.0331130400964191,2.946710942648e-29,777
eur75,AMR,mix_eur75_ldamr,ptclump,mix_eur75_ldamr_0_0.3,0.387637157471815,0.0331124659139058,2.90709555778371e-29,777
eur75,AMR,mix_eur75_ldamr,ptclump,mix_eur75_ldamr_0_0.4,0.389914394563033,0.0330779483100643,1.28799225009421e-29,777
eur75,AMR,mix_eur75_ldamr,ptclump,mix_eur75_ldamr_0_0.5,0.389394476797728,0.0330858500393305,1.55194436281729e-29,777
eur75,AMR,mix_eur75_ldamr,ptclump,mix_eur75_ldamr_0_1,0.388823979788071,0.0330945061758237,1.90348175175399e-29,777
eur75,AMR,mix_eur75_ldamr,dbslmm,mix_eur75_ldamr_DBSLMM_0.8,0.410284442326451,0.0327584842767414,6.63283066265183e-33,777
eur75,AMR,mix_eur75_ldamr,dbslmm,mix_eur75_ldamr_DBSLMM_1,0.409776805144482,0.032766681936334,8.0620449594612e-33,777
eur75,AMR,mix_eur75_ldamr,dbslmm,mix_eur75_ldamr_DBSLMM_1.2,0.40938018695031,0.0327730783011346,9.38763806156103e-33,777
eur75,AMR,mix_eur75_ldamr,quickprs,mix_eur75_ldamr_quickprs,0.330133888193068,0.0339071144093642,3.2644337614393e-21,777
eur75,AFR,mix_eur75_ldafr,ptclump,mix_eur75_ldafr_0_5e-08,0.347780090169563,0.0336787289791902,1.64795216651902e-23,777
eur75,AFR,mix_eur75_ldafr,ptclump,mix_eur75_ldafr_0_1e-06,0.358481422428827,0.0335336339539757,5.63457081567374e-25,777
eur75,AFR,mix_eur75_ldafr,ptclump,mix_eur75_ldafr_0_1e-04,0.361931767473925,0.0334857773504725,1.84543412957292e-25,777
eur75,AFR,mix_eur75_ldafr,ptclump,mix_eur75_ldafr_0_0.01,0.378299478824396,0.0332515244243549,7.66298015872826e-28,777
eur75,AFR,mix_eur75_ldafr,ptclump,mix_eur75_ldafr_0_0.1,0.377915593319853,0.0332571564808908,8.74651202053749e-28,777
eur75,AFR,mix_eur75_ldafr,ptclump,mix_eur75_ldafr_0_0.2,0.372927905457169,0.03332972667796,4.79897033007825e-27,777
eur75,AFR,mix_eur75_ldafr,ptclump,mix_eur75_ldafr_0_0.3,0.369508150662038,0.0333788367681181,1.51581876562335e-26,777
eur75,AFR,mix_eur75_ldafr,ptclump,mix_eur75_ldafr_0_0.4,0.371230028062493,0.033354174981982,8.50929542477073e-27,777
eur75,AFR,mix_eur75_ldafr,ptclump,mix_eur75_ldafr_0_0.5,0.369653536679905,0.0333767595949354,1.44388809418684e-26,777
eur75,AFR,mix_eur75_ldafr,ptclump,mix_eur75_ldafr_0_1,0.367940865541166,0.0334011689860104,2.5560721880053e-26,777
eur75,AFR,mix_eur75_ldafr,dbslmm,mix_eur75_ldafr_DBSLMM_0.8,0.402943195362829,0.0328758521304657,1.07936151589119e-31,777
eur75,AFR,mix_eur75_ldafr,dbslmm,mix_eur75_ldafr_DBSLMM_1,0.403706419691895,0.0328637681993025,8.10254425016226e-32,777
eur75,AFR,mix_eur75_ldafr,dbslmm,mix_eur75_ldafr_DBSLMM_1.2,0.404035561004142,0.0328585485600965,7.15831951315258e-32,777
eur75,AFR,mix_eur75_ldafr,quickprs,mix_eur75_ldafr_quickprs,0.357031573769825,0.0335535865172354,8.96998940746251e-25,777
eur50,EUR,mix_eur50_ldeur,ptclump,mix_eur50_ldeur_0_5e-08,0.257425447068035,0.034710454671269,3.16296234506703e-13,777
eur50,EUR,mix_eur50_ldeur,ptclump,mix_eur50_ldeur_0_1e-06,0.248759605640243,0.0347918911316752,2.00983510943823e-12,777
eur50,EUR,mix_eur50_ldeur,ptclump,mix_eur50_ldeur_0_1e-04,0.272154354941354,0.0345651699964827,1.16146673215409e-14,777
eur50,EUR,mix_eur50_ldeur,ptclump,mix_eur50_ldeur_0_0.01,0.275440501327484,0.0345315663019003,5.40238467621085e-15,777
eur50,EUR,mix_eur50_ldeur,ptclump,mix_eur50_ldeur_0_0.1,0.262615043541333,0.0346602559212074,1.01067965188087e-13,777
eur50,EUR,mix_eur50_ldeur,ptclump,mix_eur50_ldeur_0_0.2,0.258649734722321,0.0346987089976088,2.42210386371635e-13,777
eur50,EUR,mix_eur50_ldeur,ptclump,mix_eur50_ldeur_0_0.3,0.260374274457836,0.0346820626167988,1.65920230449528e-13,777
eur50,EUR,mix_eur50_ldeur,ptclump,mix_eur50_ldeur_0_0.4,0.260291769058901,0.0346828617147262,1.68961229149779e-13,777
eur50,EUR,mix_eur50_ldeur,ptclump,mix_eur50_ldeur_0_0.5,0.260350002774448,0.0346822977260055,1.66809224278442e-13,777
eur50,EUR,mix_eur50_ldeur,ptclump,mix_eur50_ldeur_0_1,0.260165653282566,0.0346840826716932,1.73715541008343e-13,777
eur50,EUR,mix_eur50_ldeur,dbslmm,mix_eur50_ldeur_DBSLMM_0.8,0.224855131475465,0.0350012012669271,2.31213955228543e-10,777
eur50,EUR,mix_eur50_ldeur,dbslmm,mix_eur50_ldeur_DBSLMM_1,0.222732489940646,0.035018709062716,3.43763487922972e-10,777
eur50,EUR,mix_eur50_ldeur,dbslmm,mix_eur50_ldeur_DBSLMM_1.2,0.219720541161713,0.0350432522388125,5.99384979343678e-10,777
eur50,EUR,mix_eur50_ldeur,quickprs,mix_eur50_ldeur_quickprs,0.268587584462878,0.0346011506329728,2.6346817880707e-14,777
eur50,EAS,mix_eur50_ldeas,ptclump,mix_eur50_ldeas_0_5e-08,0.270547874919598,0.034581439127062,1.6822009991663e-14,777
eur50,EAS,mix_eur50_ldeas,ptclump,mix_eur50_ldeas_0_1e-06,0.274839049752265,0.0345377492725647,6.21963228658309e-15,777
eur50,EAS,mix_eur50_ldeas,ptclump,mix_eur50_ldeas_0_1e-04,0.292249023353974,0.0343528279034783,9.13999635126449e-17,777
eur50,EAS,mix_eur50_ldeas,ptclump,mix_eur50_ldeas_0_0.01,0.304935100751275,0.0342102528364705,3.49285287010912e-18,777
eur50,EAS,mix_eur50_ldeas,ptclump,mix_eur50_ldeas_0_0.1,0.300464734843956,0.0342612532606046,1.12413767867986e-17,777
eur50,EAS,mix_eur50_ldeas,ptclump,mix_eur50_ldeas_0_0.2,0.29375972335558,0.0343361978644386,6.24876867631471e-17,777
eur50,EAS,mix_eur50_ldeas,ptclump,mix_eur50_ldeas_0_0.3,0.294810272492095,0.0343245779192269,4.79031785236507e-17,777
eur50,EAS,mix_eur50_ldeas,ptclump,mix_eur50_ldeas_0_0.4,0.295603836430685,0.0343157703215011,3.91609360966551e-17,777
eur50,EAS,mix_eur50_ldeas,ptclump,mix_eur50_ldeas_0_0.5,0.296038715997326,0.0343109326812739,3.50574273111858e-17,777
eur50,EAS,mix_eur50_ldeas,ptclump,mix_eur50_ldeas_0_1,0.297044409887926,0.0342997153859034,2.71201406833425e-17,777
eur50,EAS,mix_eur50_ldeas,dbslmm,mix_eur50_ldeas_DBSLMM_0.8,0.289665334921808,0.0343810524289486,1.74226494773648e-16,777
eur50,EAS,mix_eur50_ldeas,dbslmm,mix_eur50_ldeas_DBSLMM_1,0.286805864513969,0.0344119708368749,3.53054651024503e-16,777
eur50,EAS,mix_eur50_ldeas,dbslmm,mix_eur50_ldeas_DBSLMM_1.2,0.288281889414867,0.0343960528912444,2.45442923435573e-16,777
eur50,EAS,mix_eur50_ldeas,quickprs,mix_eur50_ldeas_quickprs,0.150655743045652,0.0355110677356459,2.47775932769017e-05,777
eur50,CSA,mix_eur50_ldcsa,ptclump,mix_eur50_ldcsa_0_5e-08,0.26875403805636,0.0345994828793801,2.53655768305116e-14,777
eur50,CSA,mix_eur50_ldcsa,ptclump,mix_eur50_ldcsa_0_1e-06,0.266912756205258,0.0346178693475086,3.85428951158947e-14,777
eur50,CSA,mix_eur50_ldcsa,ptclump,mix_eur50_ldcsa_0_1e-04,0.268645426395725,0.0346005712217748,2.6001688240307e-14,777
eur50,CSA,mix_eur50_ldcsa,ptclump,mix_eur50_ldcsa_0_0.01,0.275924865236346,0.0345265763695027,4.82176730737059e-15,777
eur50,CSA,mix_eur50_ldcsa,ptclump,mix_eur50_ldcsa_0_0.1,0.259608117660877,0.0346894727034675,1.96353686120725e-13,777
eur50,CSA,mix_eur50_ldcsa,ptclump,mix_eur50_ldcsa_0_0.2,0.252714169189233,0.0347550980004465,8.71848290559048e-13,777
eur50,CSA,mix_eur50_ldcsa,ptclump,mix_eur50_ldcsa_0_0.3,0.252530248500494,0.0347568229290174,9.06670937170873e-13,777
eur50,CSA,mix_eur50_ldcsa,ptclump,mix_eur50_ldcsa_0_0.4,0.254018780388054,0.0347428239833163,6.59782662858494e-13,777
eur50,CSA,mix_eur50_ldcsa,ptclump,mix_eur50_ldcsa_0_0.5,0.253367945987309,0.0347489555924959,7.58350787487377e-13,777
eur50,CSA,mix_eur50_ldcsa,ptclump,mix_eur50_ldcsa_0_1,0.252928745990271,0.0347530838631956,8.32875130907859e-13,777
eur50,CSA,mix_eur50_ldcsa,dbslmm,mix_eur50_ldcsa_DBSLMM_0.8,0.268756896374521,0.0345994542312193,2.53490443754955e-14,777
eur50,CSA,mix_eur50_ldcsa,dbslmm,mix_eur50_ldcsa_DBSLMM_1,0.267029364419057,0.0346167089719542,3.75386663398141e-14,777
eur50,CSA,mix_eur50_ldcsa,dbslmm,mix_eur50_ldcsa_DBSLMM_1.2,0.26558822561456,0.0346310115436348,5.19739005271267e-14,777
eur50,CSA,mix_eur50_ldcsa,quickprs,mix_eur50_ldcsa_quickprs,0.268188137286705,0.0346051482841217,2.8856093553287e-14,777
eur50,AMR,mix_eur50_ldamr,ptclump,mix_eur50_ldamr_0_5e-08,0.276044408798556,0.0345253433679135,4.68817765194834e-15,777
eur50,AMR,mix_eur50_ldamr,ptclump,mix_eur50_ldamr_0_1e-06,0.285866880777947,0.0344220508184429,4.44427211219907e-16,777
eur50,AMR,mix_eur50_ldamr,ptclump,mix_eur50_ldamr_0_1e-04,0.297582280077868,0.0342936989713884,2.36311226299299e-17,777
eur50,AMR,mix_eur50_ldamr,ptclump,mix_eur50_ldamr_0_0.01,0.301719243834953,0.0342470247900063,8.11429182205531e-18,777
eur50,AMR,mix_eur50_ldamr,ptclump,mix_eur50_ldamr_0_0.1,0.292380065556832,0.0343513890833372,8.84421775244803e-17,777
eur50,AMR,mix_eur50_ldamr,ptclump,mix_eur50_ldamr_0_0.2,0.283147052197609,0.0344510451516502,8.61421833287863e-16,777
eur50,AMR,mix_eur50_ldamr,ptclump,mix_eur50_ldamr_0_0.3,0.284609791339061,0.0344354893204752,6.03995727526591e-16,777
eur50,AMR,mix_eur50_ldamr,ptclump,mix_eur50_ldamr_0_0.4,0.284748903705983,0.0344340053573872,5.83879360572841e-16,777
eur50,AMR,mix_eur50_ldamr,ptclump,mix_eur50_ldamr_0_0.5,0.283779822995337,0.0344443265061964,7.38974559987322e-16,777
eur50,AMR,mix_eur50_ldamr,ptclump,mix_eur50_ldamr_0_1,0.282315725296145,0.0344598472512765,1.053022951315e-15,777
eur50,AMR,mix_eur50_ldamr,dbslmm,mix_eur50_ldamr_DBSLMM_0.8,0.292433902604331,0.0343507977577007,8.72544945774263e-17,777
eur50,AMR,mix_eur50_ldamr,dbslmm,mix_eur50_ldamr_DBSLMM_1,0.293062317917612,0.034343886676112,7.45003614787757e-17,777
eur50,AMR,mix_eur50_ldamr,dbslmm,mix_eur50_ldamr_DBSLMM_1.2,0.293347478916865,0.0343407452267217,6.93361151616816e-17,777
eur50,AFR,mix_eur50_ldafr,ptclump,mix_eur50_ldafr_0_5e-08,0.340875383883311,0.033769693850999,1.35935081967392e-22,777
eur50,AFR,mix_eur50_ldafr,ptclump,mix_eur50_ldafr_0_1e-06,0.341661110671368,0.0337594466675111,1.07202489897441e-22,777
eur50,AFR,mix_eur50_ldafr,ptclump,mix_eur50_ldafr_0_1e-04,0.352920619479114,0.0336096575281086,3.30906746000599e-24,777
eur50,AFR,mix_eur50_ldafr,ptclump,mix_eur50_ldafr_0_0.01,0.341596173634378,0.0337602945667923,1.09329924504245e-22,777
eur50,AFR,mix_eur50_ldafr,ptclump,mix_eur50_ldafr_0_0.1,0.317871965365139,0.0340579660263423,1.05673724372221e-19,777
eur50,AFR,mix_eur50_ldafr,ptclump,mix_eur50_ldafr_0_0.2,0.312038340848412,0.0341275042581648,5.22787828558211e-19,777
eur50,AFR,mix_eur50_ldafr,ptclump,mix_eur50_ldafr_0_0.3,0.31279012814996,0.0341186229675597,4.26289301263162e-19,777
eur50,AFR,mix_eur50_ldafr,ptclump,mix_eur50_ldafr_0_0.4,0.312667236155892,0.0341200763799515,4.407662905632e-19,777
eur50,AFR,mix_eur50_ldafr,ptclump,mix_eur50_ldafr_0_0.5,0.311304686873763,0.0341361485049052,6.37623286088237e-19,777
eur50,AFR,mix_eur50_ldafr,ptclump,mix_eur50_ldafr_0_1,0.309879198029616,0.0341528798696631,9.36345101276879e-19,777
eur50,AFR,mix_eur50_ldafr,dbslmm,mix_eur50_ldafr_DBSLMM_0.8,0.366337359009512,0.0334239037389929,4.34962326912261e-26,777
eur50,AFR,mix_eur50_ldafr,dbslmm,mix_eur50_ldafr_DBSLMM_1,0.368216311491405,0.0333972521170513,2.33228746692396e-26,777
eur50,AFR,mix_eur50_ldafr,dbslmm,mix_eur50_ldafr_DBSLMM_1.2,0.370122329190592,0.0333700553700379,1.23418276501322e-26,777
eur50,AFR,mix_eur50_ldafr,quickprs,mix_eur50_ldafr_quickprs,0.360302704905259,0.0335084382408267,3.13124295668047e-25,777
eur25,EUR,mix_eur25_ldeur,ptclump,mix_eur25_ldeur_0_5e-08,0.198074984170599,0.0352093517754334,2.58197913211643e-08,777
eur25,EUR,mix_eur25_ldeur,ptclump,mix_eur25_ldeur_0_1e-06,0.212517409738611,0.0351005256932969,2.19338392171973e-09,777
eur25,EUR,mix_eur25_ldeur,ptclump,mix_eur25_ldeur_0_1e-04,0.200971924020665,0.0351881630712601,1.59731967278842e-08,777
eur25,EUR,mix_eur25_ldeur,ptclump,mix_eur25_ldeur_0_0.01,0.192349036390344,0.0352502912035504,6.53238616624762e-08,777
eur25,EUR,mix_eur25_ldeur,ptclump,mix_eur25_ldeur_0_0.1,0.186269758864925,0.0352923929833813,1.69791044244653e-07,777
eur25,EUR,mix_eur25_ldeur,ptclump,mix_eur25_ldeur_0_0.2,0.184235863765233,0.0353061658967104,2.32114071088353e-07,777
eur25,EUR,mix_eur25_ldeur,ptclump,mix_eur25_ldeur_0_0.3,0.186110005548568,0.0352934804513152,1.74034182038432e-07,777
eur25,EUR,mix_eur25_ldeur,ptclump,mix_eur25_ldeur_0_0.4,0.183608363047065,0.0353103835412644,2.55441727544591e-07,777
eur25,EUR,mix_eur25_ldeur,ptclump,mix_eur25_ldeur_0_0.5,0.182896915938232,0.0353151474060359,2.8462543726417e-07,777
eur25,EUR,mix_eur25_ldeur,ptclump,mix_eur25_ldeur_0_1,0.182913277923885,0.0353150380608262,2.8391953223496e-07,777
eur25,EUR,mix_eur25_ldeur,dbslmm,mix_eur25_ldeur_DBSLMM_0.8,0.167845396433797,0.035411460198842,2.54457528011808e-06,777
eur25,EUR,mix_eur25_ldeur,dbslmm,mix_eur25_ldeur_DBSLMM_1,0.165770327216443,0.0354240705228221,3.39188213643197e-06,777
eur25,EUR,mix_eur25_ldeur,dbslmm,mix_eur25_ldeur_DBSLMM_1.2,0.16195083361612,0.0354468603185114,5.70466266289151e-06,777
eur25,EUR,mix_eur25_ldeur,quickprs,mix_eur25_ldeur_quickprs,0.115531531640154,0.0356805262726427,0.00125519034993429,777
eur25,EAS,mix_eur25_ldeas,ptclump,mix_eur25_ldeas_0_5e-08,0.20291504166532,0.0351737711272323,1.15280380704999e-08,777
eur25,EAS,mix_eur25_ldeas,ptclump,mix_eur25_ldeas_0_1e-06,0.225406236722058,0.0349966270899538,2.08454047938595e-10,777
eur25,EAS,mix_eur25_ldeas,ptclump,mix_eur25_ldeas_0_1e-04,0.20312059615909,0.0351722402162141,1.11349976650846e-08,777
eur25,EAS,mix_eur25_ldeas,ptclump,mix_eur25_ldeas_0_0.01,0.208453387565716,0.0351319574252859,4.47025972481258e-09,777
eur25,EAS,mix_eur25_ldeas,ptclump,mix_eur25_ldeas_0_0.1,0.208209643305296,0.0351338224036314,4.66316795662574e-09,777
eur25,EAS,mix_eur25_ldeas,ptclump,mix_eur25_ldeas_0_0.2,0.211720967327274,0.0351067355359661,2.52466325464687e-09,777
eur25,EAS,mix_eur25_ldeas,ptclump,mix_eur25_ldeas_0_0.3,0.213359580906758,0.0350939327397531,1.88911253179162e-09,777
eur25,EAS,mix_eur25_ldeas,ptclump,mix_eur25_ldeas_0_0.4,0.212827419038714,0.0350981019559476,2.07621130642588e-09,777
eur25,EAS,mix_eur25_ldeas,ptclump,mix_eur25_ldeas_0_0.5,0.213056083363502,0.0350963118242764,1.99370777160985e-09,777
eur25,EAS,mix_eur25_ldeas,ptclump,mix_eur25_ldeas_0_1,0.213052836139324,0.0350963372597344,1.99485676316228e-09,777
eur25,EAS,mix_eur25_ldeas,dbslmm,mix_eur25_ldeas_DBSLMM_0.8,0.226633700270407,0.0349863967279034,1.65330943111184e-10,777
eur25,EAS,mix_eur25_ldeas,dbslmm,mix_eur25_ldeas_DBSLMM_1,0.225194746900821,0.0349983838515028,2.16917500192961e-10,777
eur25,EAS,mix_eur25_ldeas,dbslmm,mix_eur25_ldeas_DBSLMM_1.2,0.223652312231507,0.035011143723355,2.89621990725773e-10,777
eur25,EAS,mix_eur25_ldeas,quickprs,mix_eur25_ldeas_quickprs,0.132163388118307,0.035605958885867,0.000220490498897151,777
eur25,CSA,mix_eur25_ldcsa,ptclump,mix_eur25_ldcsa_0_5e-08,0.183817041957312,0.0353089825925918,2.47443787877534e-07,777
eur25,CSA,mix_eur25_ldcsa,ptclump,mix_eur25_ldcsa_0_1e-06,0.184640557551522,0.0353034379118551,2.18173969902959e-07,777
eur25,CSA,mix_eur25_ldcsa,ptclump,mix_eur25_ldcsa_0_1e-04,0.181983778690032,0.0353212337543205,3.26818304063595e-07,777
eur25,CSA,mix_eur25_ldcsa,ptclump,mix_eur25_ldcsa_0_0.01,0.180681761494267,0.0353298576289477,3.97543366861107e-07,777
eur25,CSA,mix_eur25_ldcsa,ptclump,mix_eur25_ldcsa_0_0.1,0.16972816683725,0.0353998787929776,1.95451160282052e-06,777
eur25,CSA,mix_eur25_ldcsa,ptclump,mix_eur25_ldcsa_0_0.2,0.169445933833229,0.0354016233545661,2.03373242903163e-06,777
eur25,CSA,mix_eur25_ldcsa,ptclump,mix_eur25_ldcsa_0_0.3,0.16906246962056,0.0354039888652221,2.14631417581345e-06,777
eur25,CSA,mix_eur25_ldcsa,ptclump,mix_eur25_ldcsa_0_0.4,0.168097073819877,0.0354099197651148,2.45681295162043e-06,777
eur25,CSA,mix_eur25_ldcsa,ptclump,mix_eur25_ldcsa_0_0.5,0.167105858094891,0.0354159729262116,2.8201795892042e-06,777
eur25,CSA,mix_eur25_ldcsa,ptclump,mix_eur25_ldcsa_0_1,0.166041797832897,0.0354224299520282,3.2673602504902e-06,777
eur25,CSA,mix_eur25_ldcsa,dbslmm,mix_eur25_ldcsa_DBSLMM_0.8,0.178067392566883,0.0353469805929442,5.86639771773969e-07,777
eur25,CSA,mix_eur25_ldcsa,dbslmm,mix_eur25_ldcsa_DBSLMM_1,0.17496166390719,0.0353669869057394,9.24546872657581e-07,777
eur25,CSA,mix_eur25_ldcsa,dbslmm,mix_eur25_ldcsa_DBSLMM_1.2,0.172948954781337,0.0353797583653019,1.23627614409983e-06,777
eur25,CSA,mix_eur25_ldcsa,quickprs,mix_eur25_ldcsa_quickprs,0.173950527273441,0.0353734220267921,1.07029345459605e-06,777
eur25,AMR,mix_eur25_ldamr,ptclump,mix_eur25_ldamr_0_5e-08,0.199403716652367,0.0351996729784154,2.07337792080809e-08,777
eur25,AMR,mix_eur25_ldamr,ptclump,mix_eur25_ldamr_0_1e-06,0.206274059110662,0.0351485513405513,6.51021256877011e-09,777
eur25,AMR,mix_eur25_ldamr,ptclump,mix_eur25_ldamr_0_1e-04,0.211446089093531,0.0351088730886864,2.6499132306931e-09,777
eur25,AMR,mix_eur25_ldamr,ptclump,mix_eur25_ldamr_0_0.01,0.207117219484604,0.0351421529329823,5.63172716593983e-09,777
eur25,AMR,mix_eur25_ldamr,ptclump,mix_eur25_ldamr_0_0.1,0.199663481747075,0.0351977729144557,1.98598580196622e-08,777
eur25,AMR,mix_eur25_ldamr,ptclump,mix_eur25_ldamr_0_0.2,0.197946119533787,0.035210286872273,2.63729063118001e-08,777
eur25,AMR,mix_eur25_ldamr,ptclump,mix_eur25_ldamr_0_0.3,0.198985233717922,0.0352027285739051,2.22205841190195e-08,777
eur25,AMR,mix_eur25_ldamr,ptclump,mix_eur25_ldamr_0_0.4,0.19770579002533,0.0352120291137883,2.74352675119695e-08,777
eur25,AMR,mix_eur25_ldamr,ptclump,mix_eur25_ldamr_0_0.5,0.19631006947773,0.0352221037019259,3.44741688312854e-08,777
eur25,AMR,mix_eur25_ldamr,ptclump,mix_eur25_ldamr_0_1,0.195520389250254,0.0352277708887496,3.92006204174222e-08,777
eur25,AMR,mix_eur25_ldamr,dbslmm,mix_eur25_ldamr_DBSLMM_0.8,0.212663572060984,0.0350993834173996,2.13736009868036e-09,777
eur25,AMR,mix_eur25_ldamr,dbslmm,mix_eur25_ldamr_DBSLMM_1,0.211872382880329,0.0351055568319431,2.45814780936262e-09,777
eur25,AMR,mix_eur25_ldamr,dbslmm,mix_eur25_ldamr_DBSLMM_1.2,0.209851186101387,0.03512121828462,3.50493587146229e-09,777
eur25,AFR,mix_eur25_ldafr,ptclump,mix_eur25_ldafr_0_5e-08,0.240167068679115,0.0348697073287084,1.17431234812805e-11,777
eur25,AFR,mix_eur25_ldafr,ptclump,mix_eur25_ldafr_0_1e-06,0.238597064277099,0.0348836118453711,1.60953983689e-11,777
eur25,AFR,mix_eur25_ldafr,ptclump,mix_eur25_ldafr_0_1e-04,0.235861773709957,0.0349076056728264,2.77286674072722e-11,777
eur25,AFR,mix_eur25_ldafr,ptclump,mix_eur25_ldafr_0_0.01,0.215065609736209,0.0350804933115127,1.39332346816837e-09,777
eur25,AFR,mix_eur25_ldafr,ptclump,mix_eur25_ldafr_0_0.1,0.224028518348597,0.035008040052878,2.699584296816e-10,777
eur25,AFR,mix_eur25_ldafr,ptclump,mix_eur25_ldafr_0_0.2,0.222973138701418,0.0350167329479113,3.28714456465272e-10,777
eur25,AFR,mix_eur25_ldafr,ptclump,mix_eur25_ldafr_0_0.3,0.221169539930175,0.0350314887771647,4.59180422226046e-10,777
eur25,AFR,mix_eur25_ldafr,ptclump,mix_eur25_ldafr_0_0.4,0.2195941924378,0.0350442741289172,6.13420836535843e-10,777
eur25,AFR,mix_eur25_ldafr,ptclump,mix_eur25_ldafr_0_0.5,0.218006987349457,0.0350570586232219,8.19450113832566e-10,777
eur25,AFR,mix_eur25_ldafr,ptclump,mix_eur25_ldafr_0_1,0.217804667580741,0.0350586812548488,8.50128518466165e-10,777
eur25,AFR,mix_eur25_ldafr,dbslmm,mix_eur25_ldafr_DBSLMM_0.8,0.284033193905412,0.0344416316866459,6.94895617460701e-16,777
eur25,AFR,mix_eur25_ldafr,dbslmm,mix_eur25_ldafr_DBSLMM_1,0.286621815154326,0.0344139494424748,3.69372400994438e-16,777
eur25,AFR,mix_eur25_ldafr,dbslmm,mix_eur25_ldafr_DBSLMM_1.2,0.287378864068386,0.034405801995458,3.06661004580189e-16,777
eur25,AFR,mix_eur25_ldafr,quickprs,mix_eur25_ldafr_quickprs,0.243555960823778,0.034839363979736,5.9010151847516e-12,777
eur00,EUR,mix_eur00_ldeur,ptclump,mix_eur00_ldeur_0_5e-08,0.131555363808782,0.0356088641782993,0.00023584708308454,777
eur00,EUR,mix_eur00_ldeur,ptclump,mix_eur00_ldeur_0_1e-06,0.126954344771456,0.0356304073536264,0.000388931051642131,777
eur00,EUR,mix_eur00_ldeur,ptclump,mix_eur00_ldeur_0_1e-04,0.127399898516879,0.0356283552508553,0.000370805063759403,777
eur00,EUR,mix_eur00_ldeur,ptclump,mix_eur00_ldeur_0_0.01,0.124507272217523,0.0356415476866979,0.000504111845008985,777
eur00,EUR,mix_eur00_ldeur,ptclump,mix_eur00_ldeur_0_0.1,0.121352376508982,0.0356555854687163,0.000699557063203124,777
eur00,EUR,mix_eur00_ldeur,ptclump,mix_eur00_ldeur_0_0.2,0.117741759284753,0.0356712024109904,0.00100837906354363,777
eur00,EUR,mix_eur00_ldeur,ptclump,mix_eur00_ldeur_0_0.3,0.116004438260675,0.0356785463739735,0.00119811916079428,777
eur00,EUR,mix_eur00_ldeur,ptclump,mix_eur00_ldeur_0_0.4,0.115890790429775,0.0356790229269798,0.00121161166974743,777
eur00,EUR,mix_eur00_ldeur,ptclump,mix_eur00_ldeur_0_0.5,0.115713230531748,0.0356797665311309,0.00123297259526979,777
eur00,EUR,mix_eur00_ldeur,ptclump,mix_eur00_ldeur_0_1,0.114986248224345,0.0356827990135898,0.00132410038807361,777
eur00,EUR,mix_eur00_ldeur,dbslmm,mix_eur00_ldeur_DBSLMM_0.8,0.129956807076228,0.0356164374573632,0.000281134143034467,777
eur00,EUR,mix_eur00_ldeur,dbslmm,mix_eur00_ldeur_DBSLMM_1,0.127630847441746,0.0356272886853974,0.000361722793860711,777
eur00,EUR,mix_eur00_ldeur,dbslmm,mix_eur00_ldeur_DBSLMM_1.2,0.123866203510144,0.0356444297530933,0.000539149525394186,777
eur00,EUR,mix_eur00_ldeur,quickprs,mix_eur00_ldeur_quickprs,0.0337432166190413,0.0359006046374135,0.347558301131499,777
eur00,EAS,mix_eur00_ldeas,ptclump,mix_eur00_ldeas_0_5e-08,0.133894068544645,0.0355976146067186,0.000181751119075942,777
eur00,EAS,mix_eur00_ldeas,ptclump,mix_eur00_ldeas_0_1e-06,0.136786730324171,0.0355834211198132,0.000130907713974746,777
eur00,EAS,mix_eur00_ldeas,ptclump,mix_eur00_ldeas_0_1e-04,0.12720149472863,0.03562926994877,0.000378776925031077,777
eur00,EAS,mix_eur00_ldeas,ptclump,mix_eur00_ldeas_0_0.01,0.147265670371653,0.0355294121199195,3.77446998739063e-05,777
eur00,EAS,mix_eur00_ldeas,ptclump,mix_eur00_ldeas_0_0.1,0.152702686034402,0.0354997844550999,1.91320890868298e-05,777
eur00,EAS,mix_eur00_ldeas,ptclump,mix_eur00_ldeas_0_0.2,0.153475832960655,0.0354954821059196,1.7336809703735e-05,777
eur00,EAS,mix_eur00_ldeas,ptclump,mix_eur00_ldeas_0_0.3,0.153507028083678,0.0354953080466649,1.72678472112857e-05,777
eur00,EAS,mix_eur00_ldeas,ptclump,mix_eur00_ldeas_0_0.4,0.153844498565719,0.0354934227484667,1.65382941510221e-05,777
eur00,EAS,mix_eur00_ldeas,ptclump,mix_eur00_ldeas_0_0.5,0.154085216954743,0.0354920753702171,1.60359215310622e-05,777
eur00,EAS,mix_eur00_ldeas,ptclump,mix_eur00_ldeas_0_1,0.153345779671113,0.0354962073731839,1.76271485316191e-05,777
eur00,EAS,mix_eur00_ldeas,dbslmm,mix_eur00_ldeas_DBSLMM_0.8,0.149181827557454,0.0355190958604526,2.97866498250001e-05,777
eur00,EAS,mix_eur00_ldeas,dbslmm,mix_eur00_ldeas_DBSLMM_1,0.147396138577178,0.0355287140272355,3.71444794095349e-05,777
eur00,EAS,mix_eur00_ldeas,dbslmm,mix_eur00_ldeas_DBSLMM_1.2,0.14601927905778,0.0355360493046863,4.39609890235757e-05,777
eur00,EAS,mix_eur00_ldeas,quickprs,mix_eur00_ldeas_quickprs,0.0696664138921573,0.0358337845772611,0.0522383550141576,777
eur00,CSA,mix_eur00_ldcsa,ptclump,mix_eur00_ldcsa_0_5e-08,0.138169921512768,0.0355765249311896,0.000111639465572879,777
eur00,CSA,mix_eur00_ldcsa,ptclump,mix_eur00_ldcsa_0_1e-06,0.134607647389712,0.0355941419838535,0.000167719859401469,777
eur00,CSA,mix_eur00_ldcsa,ptclump,mix_eur00_ldcsa_0_1e-04,0.129575924738145,0.0356182280214962,0.000293064085404089,777
eur00,CSA,mix_eur00_ldcsa,ptclump,mix_eur00_ldcsa_0_0.01,0.130971437950568,0.0356116414898485,0.000251533050641576,777
eur00,CSA,mix_eur00_ldcsa,ptclump,mix_eur00_ldcsa_0_0.1,0.131777207211746,0.0356078057346705,0.000230131578498176,777
eur00,CSA,mix_eur00_ldcsa,ptclump,mix_eur00_ldcsa_0_0.2,0.130258957873396,0.0356150132151386,0.000271994929475139,777
eur00,CSA,mix_eur00_ldcsa,ptclump,mix_eur00_ldcsa_0_0.3,0.131453862591223,0.0356093478486514,0.000238506215455165,777
eur00,CSA,mix_eur00_ldcsa,ptclump,mix_eur00_ldcsa_0_0.4,0.130605568312523,0.035613375260604,0.00026185346052816,777
eur00,CSA,mix_eur00_ldcsa,ptclump,mix_eur00_ldcsa_0_0.5,0.130034228839867,0.0356160728365271,0.000278765370101862,777
eur00,CSA,mix_eur00_ldcsa,ptclump,mix_eur00_ldcsa_0_1,0.128145077542328,0.0356249068200555,0.000342240794671698,777
eur00,CSA,mix_eur00_ldcsa,dbslmm,mix_eur00_ldcsa_DBSLMM_0.8,0.130437806419224,0.0356141685950707,0.000266716990087639,777
eur00,CSA,mix_eur00_ldcsa,dbslmm,mix_eur00_ldcsa_DBSLMM_1,0.12856024836689,0.0356229766835023,0.000327231277740391,777
eur00,CSA,mix_eur00_ldcsa,dbslmm,mix_eur00_ldcsa_DBSLMM_1.2,0.126277847963036,0.0356335091499619,0.000418038267399244,777
eur00,CSA,mix_eur00_ldcsa,quickprs,mix_eur00_ldcsa_quickprs,0.061411333812495,0.0358532609409857,0.0871397166098716,777
eur00,AMR,mix_eur00_ldamr,ptclump,mix_eur00_ldamr_0_5e-08,0.149752715409932,0.0355159959278206,2.77420796441546e-05,777
eur00,AMR,mix_eur00_ldamr,ptclump,mix_eur00_ldamr_0_1e-06,0.151135212916269,0.0355084387501511,2.33284112678213e-05,777
eur00,AMR,mix_eur00_ldamr,ptclump,mix_eur00_ldamr_0_1e-04,0.151196683689505,0.0355081010809627,2.31485482959189e-05,777
eur00,AMR,mix_eur00_ldamr,ptclump,mix_eur00_ldamr_0_0.01,0.151426746333033,0.0355068360613884,2.24870068726462e-05,777
eur00,AMR,mix_eur00_ldamr,ptclump,mix_eur00_ldamr_0_0.1,0.150520161946475,0.0355118095912969,2.52026370899541e-05,777
eur00,AMR,mix_eur00_ldamr,ptclump,mix_eur00_ldamr_0_0.2,0.149282818592351,0.0355185483587619,2.94148513495374e-05,777
eur00,AMR,mix_eur00_ldamr,ptclump,mix_eur00_ldamr_0_0.3,0.148943740083021,0.0355203851019897,3.06808902904134e-05,777
eur00,AMR,mix_eur00_ldamr,ptclump,mix_eur00_ldamr_0_0.4,0.148004928490125,0.035525448237033,3.44613394070818e-05,777
eur00,AMR,mix_eur00_ldamr,ptclump,mix_eur00_ldamr_0_0.5,0.146994308062818,0.0355308620669708,3.9022665666681e-05,777
eur00,AMR,mix_eur00_ldamr,ptclump,mix_eur00_ldamr_0_1,0.147079078654214,0.035530409413078,3.86191055708171e-05,777
eur00,AMR,mix_eur00_ldamr,dbslmm,mix_eur00_ldamr_DBSLMM_0.8,0.161197918056561,0.0354512883648541,6.31150714286808e-06,777
eur00,AMR,mix_eur00_ldamr,dbslmm,mix_eur00_ldamr_DBSLMM_1,0.158875225520315,0.0354648151437698,8.596442344227e-06,777
eur00,AMR,mix_eur00_ldamr,dbslmm,mix_eur00_ldamr_DBSLMM_1.2,0.157407597955383,0.0354732584078789,1.04263611434451e-05,777
eur00,AMR,mix_eur00_ldamr,quickprs,mix_eur00_ldamr_quickprs,0.120360885474374,0.0356599216116922,0.000774212476374171,777
eur00,AFR,mix_eur00_ldafr,ptclump,mix_eur00_ldafr_0_5e-08,0.130724637362554,0.0356128115618148,0.000258452057901824,777
eur00,AFR,mix_eur00_ldafr,ptclump,mix_eur00_ldafr_0_1e-06,0.146736778653118,0.0355322355740668,4.02733077465532e-05,777
eur00,AFR,mix_eur00_ldafr,ptclump,mix_eur00_ldafr_0_1e-04,0.135500947481222,0.035589768251141,0.000151586727743327,777
eur00,AFR,mix_eur00_ldafr,ptclump,mix_eur00_ldafr_0_0.01,0.1353741444436,0.0355903908926528,0.000153784474103075,777
eur00,AFR,mix_eur00_ldafr,ptclump,mix_eur00_ldafr_0_0.1,0.14324517261861,0.0355506149036511,6.14497860400864e-05,777
eur00,AFR,mix_eur00_ldafr,ptclump,mix_eur00_ldafr_0_0.2,0.140577668238421,0.0355643518363389,8.43140155671545e-05,777
eur00,AFR,mix_eur00_ldafr,ptclump,mix_eur00_ldafr_0_0.3,0.140146377231745,0.0355665481279869,8.86918346523286e-05,777
eur00,AFR,mix_eur00_ldafr,ptclump,mix_eur00_ldafr_0_0.4,0.139651064437437,0.0355690619499857,9.39837217738595e-05,777
eur00,AFR,mix_eur00_ldafr,ptclump,mix_eur00_ldafr_0_0.5,0.139919118419981,0.0355677026437691,9.10839853518111e-05,777
eur00,AFR,mix_eur00_ldafr,ptclump,mix_eur00_ldafr_0_1,0.13955212640696,0.0355695629946819,9.50758241829162e-05,777
eur00,AFR,mix_eur00_ldafr,dbslmm,mix_eur00_ldafr_DBSLMM_0.8,0.193954843059454,0.0352389359228201,5.04936147027656e-08,777
eur00,AFR,mix_eur00_ldafr,dbslmm,mix_eur00_ldafr_DBSLMM_1,0.195127350343282,0.0352305827032471,4.17810769507823e-08,777
eur00,AFR,mix_eur00_ldafr,dbslmm,mix_eur00_ldafr_DBSLMM_1.2,0.194782619807655,0.0352330440760607,4.41790680348518e-08,777
eur00,AFR,mix_eur00_ldafr,quickprs,mix_eur00_ldafr_quickprs,0.150605342502924,0.0355113435908198,2.49347968984308e-05,777
