chr,block_id,afr_treatment,w_eur,af_bin,m_bin,af_bin_lo,af_bin_hi,r2_l0,r2_l1,diff
22,1,original,0.75,1,85,0.000627294981640131,0.0852529676320248,0.604764036545364,0.617778694264576,0.0130146577192122
22,1,original,0.75,2,85,0.0852529676320248,0.180294662197568,0.662681401423532,0.664733595742895,0.00205219431936299
22,1,original,0.75,3,85,0.180294662197568,0.48813166637524,0.578460129815209,0.54139643635272,-0.0370636934624889
22,1,original,0.5,1,85,0.000627294981640131,0.0852529676320248,0.274038677431507,0.296435977597859,0.0223973001663519
22,1,original,0.5,2,85,0.0852529676320248,0.180294662197568,0.557167702445713,0.55675634194603,-0.000411360499683267
22,1,original,0.5,3,85,0.180294662197568,0.48813166637524,0.523785183998256,0.462185965314151,-0.0615992186841051
22,1,original,0.25,1,85,0.000627294981640131,0.0852529676320248,0.242219811785143,0.250909818012294,0.0086900062271513
22,1,original,0.25,2,85,0.0852529676320248,0.180294662197568,0.526890645102521,0.523542548010208,-0.00334809709231254
22,1,original,0.25,3,85,0.180294662197568,0.48813166637524,0.579063818089493,0.521130919891871,-0.0579328981976215
22,1,corrected,0.75,1,85,0.000526300489596066,0.0715272398432688,0.608767972751493,0.620853510471371,0.0120855377198777
22,1,corrected,0.75,2,85,0.0715272398432688,0.151267221583759,0.666888678690214,0.670179120140697,0.00329044145048307
22,1,corrected,0.75,3,85,0.151267221583759,0.409542468088827,0.575680428263495,0.539334448246121,-0.0363459800173744
22,1,corrected,0.5,1,85,0.000526300489596066,0.0715272398432688,0.28080100373151,0.302180980310291,0.021379976578781
22,1,corrected,0.5,2,85,0.0715272398432688,0.151267221583759,0.562366634740203,0.563550537425336,0.0011839026851328
22,1,corrected,0.5,3,85,0.151267221583759,0.409542468088827,0.509662474345735,0.444484385834282,-0.0651780885114531
22,1,corrected,0.25,1,85,0.000526300489596066,0.0715272398432688,0.240335696127182,0.248507812130454,0.00817211600327281
22,1,corrected,0.25,2,85,0.0715272398432688,0.151267221583759,0.520654366528187,0.518411362973632,-0.0022430035545552
22,1,corrected,0.25,3,85,0.151267221583759,0.409542468088827,0.558454103210402,0.495287545719073,-0.0631665574913291
22,2,original,0.75,1,104,0.00040277388624263,0.093218875677566,0.712686254109053,0.699384200942909,-0.0133020531661434
22,2,original,0.75,2,103,0.093218875677566,0.191894450621429,0.589862067761607,0.590575112718355,0.0007130449567474
22,2,original,0.75,3,103,0.191894450621429,0.601345296380486,0.797053674910887,0.816117243825509,0.0190635689146224
22,2,original,0.5,1,104,0.00040277388624263,0.093218875677566,0.516150994068318,0.501992227736488,-0.01415876633183
22,2,original,0.5,2,103,0.093218875677566,0.191894450621429,0.502369123545285,0.514126097906305,0.0117569743610201
22,2,original,0.5,3,103,0.191894450621429,0.601345296380486,0.579621974246742,0.605055664701682,0.0254336904549402
22,2,original,0.25,1,104,0.00040277388624263,0.093218875677566,0.449938932049551,0.441217686337155,-0.0087212457123963
22,2,original,0.25,2,103,0.093218875677566,0.191894450621429,0.471727838545948,0.490946286881532,0.0192184483355841
22,2,original,0.25,3,103,0.191894450621429,0.601345296380486,0.443875023844864,0.466897033238767,0.0230220093939036
22,2,corrected,0.75,1,104,0.000337927290557566,0.0782106366934779,0.715379131848668,0.702736443088161,-0.0126426887605064
22,2,corrected,0.75,2,103,0.0782106366934779,0.160999444071379,0.583182785555222,0.582240917517287,-0.000941868037934612
22,2,corrected,0.75,3,103,0.160999444071379,0.504528703663228,0.797084562242563,0.811346604891165,0.0142620426486022
22,2,corrected,0.5,1,104,0.000337927290557566,0.0782106366934779,0.524280903821543,0.509497186901311,-0.0147837169202316
22,2,corrected,0.5,2,103,0.0782106366934779,0.160999444071379,0.493909540552258,0.50050064434635,0.00659110379409245
22,2,corrected,0.5,3,103,0.160999444071379,0.504528703663228,0.576515619000997,0.595307086203931,0.0187914672029343
22,2,corrected,0.25,1,104,0.000337927290557566,0.0782106366934779,0.470553210315554,0.460143079685645,-0.010410130629909
22,2,corrected,0.25,2,103,0.0782106366934779,0.160999444071379,0.457722183794652,0.471709671466148,0.0139874876714967
22,2,corrected,0.25,3,103,0.160999444071379,0.504528703663228,0.437955513518036,0.454683593849756,0.0167280803317202
22,3,original,0.75,1,239,0.000107296137339064,0.0862006032523168,0.892479609804836,0.897234563413929,0.00475495360909295
22,3,original,0.75,2,238,0.0862006032523168,0.227640321734569,0.855776362948881,0.863224198981901,0.00744783603302013
22,3,original,0.75,3,238,0.227640321734569,0.705152003362286,0.858095948466346,0.860667645662165,0.0025716971958194
22,3,original,0.5,1,239,0.000107296137339064,0.0862006032523168,0.838465258365073,0.84872063613246,0.0102553777673867
22,3,original,0.5,2,238,0.0862006032523168,0.227640321734569,0.7433403431109,0.751666121948691,0.00832577883779084
22,3,original,0.5,3,238,0.227640321734569,0.705152003362286,0.854947946875781,0.874597357982553,0.0196494111067724
22,3,original,0.25,1,239,0.000107296137339064,0.0862006032523168,0.804422493563654,0.812927762423387,0.00850526885973202
22,3,original,0.25,2,238,0.0862006032523168,0.227640321734569,0.655968220936418,0.6596303556084,0.00366213467198229
22,3,original,0.25,3,238,0.227640321734569,0.705152003362286,0.83618149752582,0.862388373637379,0.0262068761115589
22,3,corrected,0.75,1,239,9.00214592274712e-05,0.0723223061286938,0.890872835070842,0.895694680614154,0.00482184554331189
22,3,corrected,0.75,2,238,0.0723223061286938,0.190990229935303,0.854538396685075,0.862399363817871,0.00786096713279594
22,3,corrected,0.75,3,238,0.190990229935303,0.591622530820958,0.856263311257062,0.859774853094956,0.00351154183789493
22,3,corrected,0.5,1,239,9.00214592274712e-05,0.0723223061286938,0.836274398760102,0.846552972655667,0.0102785738955656
22,3,corrected,0.5,2,238,0.0723223061286938,0.190990229935303,0.743364946594557,0.753601540555691,0.010236593961134
22,3,corrected,0.5,3,238,0.190990229935303,0.591622530820958,0.860176233930082,0.879032583486414,0.018856349556332
22,3,corrected,0.25,1,239,9.00214592274712e-05,0.0723223061286938,0.808090630907013,0.818507319552795,0.010416688645781
22,3,corrected,0.25,2,238,0.0723223061286938,0.190990229935303,0.665558076161628,0.672334850514763,0.00677677435313506
22,3,corrected,0.25,3,238,0.190990229935303,0.591622530820958,0.849016247613928,0.87273194513154,0.0237156975176127
22,4,original,0.75,1,270,0.00106989858366852,0.0843831963630005,0.830164484038684,0.827408688302074,-0.00275579573660967
22,4,original,0.75,2,269,0.0843831963630005,0.176173354898875,0.970234406650468,0.970121808750245,-0.000112597900223888
22,4,original,0.75,3,270,0.176173354898875,0.59566386930443,0.872726263294083,0.866230585781179,-0.00649567751290414
22,4,original,0.5,1,270,0.00106989858366852,0.0843831963630005,0.72192395030884,0.718603911787314,-0.00332003852152674
22,4,original,0.5,2,269,0.0843831963630005,0.176173354898875,0.931272261130019,0.932172928238728,0.000900667108708397
22,4,original,0.5,3,270,0.176173354898875,0.59566386930443,0.720213447725563,0.710973981112646,-0.0092394666129163
22,4,original,0.25,1,270,0.00106989858366852,0.0843831963630005,0.605702647491,0.605440247637963,-0.000262399853037332
22,4,original,0.25,2,269,0.0843831963630005,0.176173354898875,0.890063023419042,0.894880149246962,0.00481712582792016
22,4,original,0.25,3,270,0.176173354898875,0.59566386930443,0.64140240308863,0.637401723622903,-0.00400067946572702
22,4,corrected,0.75,1,270,0.000897644911697915,0.0707975017485575,0.827561079744287,0.824707729802048,-0.0028533499422384
22,4,corrected,0.75,2,269,0.0707975017485575,0.147809444760156,0.969778383993112,0.969603730983133,-0.000174653009978321
22,4,corrected,0.75,3,270,0.147809444760156,0.499761986346417,0.873877206141439,0.867998113534014,-0.00587909260742536
22,4,corrected,0.5,1,270,0.000897644911697915,0.0707975017485575,0.724004547600052,0.719901866387157,-0.00410268121289492
22,4,corrected,0.5,2,269,0.0707975017485575,0.147809444760156,0.930060258718615,0.930524915403408,0.000464656684793008
22,4,corrected,0.5,3,270,0.147809444760156,0.499761986346417,0.722374519080098,0.712660792362016,-0.00971372671808268
22,4,corrected,0.25,1,270,0.000897644911697915,0.0707975017485575,0.629984848282136,0.628522865838735,-0.00146198244340034
22,4,corrected,0.25,2,269,0.0707975017485575,0.147809444760156,0.890346408790519,0.893566229491023,0.00321982070050464
22,4,corrected,0.25,3,270,0.147809444760156,0.499761986346417,0.646857865418907,0.640845231160142,-0.00601263425876497
22,5,original,0.75,1,139,0.000446553656486409,0.0930436863734006,0.729997541855155,0.727191426957591,-0.00280611489756399
22,5,original,0.75,2,139,0.0930436863734006,0.232127863218786,0.797947640460481,0.781827838129263,-0.0161198023312183
22,5,original,0.75,3,139,0.232127863218786,0.635226954328944,0.812728758308109,0.801561044187932,-0.0111677141201777
22,5,original,0.5,1,139,0.000446553656486409,0.0930436863734006,0.656804689752184,0.650080831664649,-0.00672385808753517
22,5,original,0.5,2,139,0.0930436863734006,0.232127863218786,0.77771278637674,0.759528469262898,-0.0181843171138421
22,5,original,0.5,3,139,0.232127863218786,0.635226954328944,0.811397606201514,0.802671493996264,-0.00872611220525032
22,5,original,0.25,1,139,0.000446553656486409,0.0930436863734006,0.598060908447937,0.591657819372803,-0.0064030890751331
22,5,original,0.25,2,139,0.0930436863734006,0.232127863218786,0.790573191638866,0.777754915771025,-0.0128182758678406
22,5,original,0.25,3,139,0.232127863218786,0.635226954328944,0.809349539011859,0.802112495191847,-0.00723704382001233
22,5,corrected,0.75,1,139,0.000374658517792087,0.0780636528672831,0.723985996037303,0.72238118607183,-0.00160480996547263
22,5,corrected,0.75,2,139,0.0780636528672831,0.194755277240562,0.795811391558043,0.778015066764511,-0.0177963247935328
22,5,corrected,0.75,3,139,0.194755277240562,0.532955414681984,0.809449542986605,0.800439308717241,-0.00901023426936487
22,5,corrected,0.5,1,139,0.000374658517792087,0.0780636528672831,0.655470641518275,0.649654426347863,-0.00581621517041209
22,5,corrected,0.5,2,139,0.0780636528672831,0.194755277240562,0.771125629485799,0.75074220273968,-0.0203834267461195
22,5,corrected,0.5,3,139,0.194755277240562,0.532955414681984,0.808810580386832,0.802471020942117,-0.0063395594447152
22,5,corrected,0.25,1,139,0.000374658517792087,0.0780636528672831,0.602704533951425,0.596696617494313,-0.00600791645711163
22,5,corrected,0.25,2,139,0.0780636528672831,0.194755277240562,0.780840647294591,0.764843336264124,-0.0159973110304673
22,5,corrected,0.25,3,139,0.194755277240562,0.532955414681984,0.809688722636289,0.804264948847404,-0.00542377378888559
22,6,original,0.75,1,160,0.00115186221367372,0.0750713994288046,0.828349903590914,0.827330594113085,-0.00101930947782958
22,6,original,0.75,2,160,0.0750713994288046,0.21515744302617,0.936904352474301,0.936468066726097,-0.000436285748203868
22,6,original,0.75,3,160,0.21515744302617,0.738850760622487,0.906946342323193,0.906401520319853,-0.000544822003339496
22,6,original,0.5,1,160,0.00115186221367372,0.0750713994288046,0.670888779299489,0.670419521195015,-0.000469258104473513
22,6,original,0.5,2,160,0.0750713994288046,0.21515744302617,0.89961142926804,0.898601362696995,-0.00101006657104519
22,6,original,0.5,3,160,0.21515744302617,0.738850760622487,0.811233167674516,0.812337222497961,0.00110405482344522
22,6,original,0.25,1,160,0.00115186221367372,0.0750713994288046,0.572674661847605,0.574239943681918,0.00156528183431315
22,6,original,0.25,2,160,0.0750713994288046,0.21515744302617,0.845295859027709,0.844728050057009,-0.000567808970700745
22,6,original,0.25,3,160,0.21515744302617,0.738850760622487,0.713926826719449,0.719186616744631,0.00525979002518207
22,6,corrected,0.75,1,160,0.00096641239727225,0.062984904120767,0.82721632772329,0.82611335027071,-0.00110297745258003
22,6,corrected,0.75,2,160,0.062984904120767,0.180517094698957,0.93598918979318,0.935316545509086,-0.00067264428409386
22,6,corrected,0.75,3,160,0.180517094698957,0.619895788162266,0.906264034759203,0.905507440512133,-0.000756594247069975
22,6,corrected,0.5,1,160,0.00096641239727225,0.062984904120767,0.670346351074912,0.669426029631448,-0.000920321443464323
22,6,corrected,0.5,2,160,0.062984904120767,0.180517094698957,0.901986305175675,0.900333405778733,-0.00165289939694269
22,6,corrected,0.5,3,160,0.180517094698957,0.619895788162266,0.815196692397597,0.814905811170743,-0.000290881226853723
22,6,corrected,0.25,1,160,0.00096641239727225,0.062984904120767,0.570724119649556,0.571753268644687,0.00102914899513107
22,6,corrected,0.25,2,160,0.062984904120767,0.180517094698957,0.858706256382919,0.857101037435217,-0.0016052189477026
22,6,corrected,0.25,3,160,0.180517094698957,0.619895788162266,0.727550037618476,0.7293226592776,0.00177262165912395
22,7,original,0.75,1,316,0.000109284840006996,0.0892598502069126,0.755964492154147,0.752171930709032,-0.00379256144511508
22,7,original,0.75,2,316,0.0892598502069126,0.213115620607936,0.752131879216424,0.747486462429129,-0.00464541678729447
22,7,original,0.75,3,316,0.213115620607936,0.749075450253541,0.801655475987329,0.796807640126158,-0.00484783586117099
22,7,original,0.5,1,316,0.000109284840006996,0.0892598502069126,0.630100507436459,0.619473323388043,-0.0106271840484155
22,7,original,0.5,2,316,0.0892598502069126,0.213115620607936,0.594894847408065,0.588009265722551,-0.00688558168551312
22,7,original,0.5,3,316,0.213115620607936,0.749075450253541,0.776734357774378,0.760158125476773,-0.0165762322976043
22,7,original,0.25,1,316,0.000109284840006996,0.0892598502069126,0.585443523774289,0.571541567348768,-0.0139019564255203
22,7,original,0.25,2,316,0.0892598502069126,0.213115620607936,0.472582585298423,0.464965718299003,-0.0076168669994196
22,7,original,0.25,3,316,0.213115620607936,0.749075450253541,0.758247151121309,0.742865588242419,-0.01538156287889
22,7,corrected,0.75,1,316,9.16899807658772e-05,0.0748890143235996,0.755640077980489,0.752036942325793,-0.00360313565469605
22,7,corrected,0.75,2,316,0.0748890143235996,0.178804005690058,0.75079022455071,0.746595689411928,-0.0041945351387821
22,7,corrected,0.75,3,316,0.178804005690058,0.628474302762721,0.802471652335752,0.799361866541318,-0.00310978579443466
22,7,corrected,0.5,1,316,9.16899807658772e-05,0.0748890143235996,0.627573932334698,0.61815163067205,-0.0094223016626479
22,7,corrected,0.5,2,316,0.0748890143235996,0.178804005690058,0.602082238198001,0.594903294151206,-0.00717894404679498
22,7,corrected,0.5,3,316,0.178804005690058,0.628474302762721,0.777964975518999,0.765050999675403,-0.012913975843596
22,7,corrected,0.25,1,316,9.16899807658772e-05,0.0748890143235996,0.585110487529871,0.572913633400321,-0.0121968541295491
22,7,corrected,0.25,2,316,0.0748890143235996,0.178804005690058,0.498583577985839,0.488865071564911,-0.00971850642092859
22,7,corrected,0.25,3,316,0.178804005690058,0.628474302762721,0.766133629648445,0.752628470083048,-0.013505159565397
22,8,original,0.75,1,288,0.000467739115229904,0.0778422451940278,0.641886601909017,0.647271143949014,0.00538454203999628
22,8,original,0.75,2,287,0.0778422451940278,0.173614996794311,0.659430445767461,0.655824536301778,-0.00360590946568373
22,8,original,0.75,3,288,0.173614996794311,0.677993311767792,0.58429214731677,0.579477556459691,-0.00481459085707925
22,8,original,0.5,1,288,0.000467739115229904,0.0778422451940278,0.572179724782879,0.575061056665075,0.00288133188219686
22,8,original,0.5,2,287,0.0778422451940278,0.173614996794311,0.61771114811412,0.618685176254425,0.000974028140304894
22,8,original,0.5,3,288,0.173614996794311,0.677993311767792,0.522129342811211,0.516010249806458,-0.00611909300475255
22,8,original,0.25,1,288,0.000467739115229904,0.0778422451940278,0.572456580588072,0.57204052929118,-0.000416051296891928
22,8,original,0.25,2,287,0.0778422451940278,0.173614996794311,0.628604708580895,0.636980922934556,0.00837621435366087
22,8,original,0.25,3,288,0.173614996794311,0.677993311767792,0.490062049493273,0.488757077056306,-0.00130497243696753
22,8,corrected,0.75,1,288,0.000392433117677893,0.0653096437177893,0.641287759487829,0.646634029223568,0.00534626973573815
22,8,corrected,0.75,2,287,0.0653096437177893,0.145662982310427,0.659897318812748,0.656637619593715,-0.00325969921903302
22,8,corrected,0.75,3,288,0.145662982310427,0.568836388573177,0.581188607033301,0.578369437035734,-0.00281916999756748
22,8,corrected,0.5,1,288,0.000392433117677893,0.0653096437177893,0.571819702861091,0.574816306365174,0.00299660350408237
22,8,corrected,0.5,2,287,0.0653096437177893,0.145662982310427,0.616471841083437,0.616086017108717,-0.00038582397472009
22,8,corrected,0.5,3,288,0.145662982310427,0.568836388573177,0.521802145628812,0.518280132167535,-0.00352201346127612
22,8,corrected,0.25,1,288,0.000392433117677893,0.0653096437177893,0.574928874144089,0.575156034844753,0.000227160700663864
22,8,corrected,0.25,2,287,0.0653096437177893,0.145662982310427,0.625587285563803,0.632263806355727,0.00667652079192393
22,8,corrected,0.25,3,288,0.145662982310427,0.568836388573177,0.504625074929411,0.504158796772587,-0.00046627815682454
22,9,original,0.75,1,245,0.000532217170834064,0.0696898496240602,0.885451196115293,0.883161481925959,-0.00228971418933355
22,9,original,0.75,2,244,0.0696898496240602,0.185064040916244,0.855718125090692,0.853374448163109,-0.00234367692758364
22,9,original,0.75,3,244,0.185064040916244,0.607605132016087,0.936536986392706,0.935909621679042,-0.000627364713663647
22,9,original,0.5,1,245,0.000532217170834064,0.0696898496240602,0.829255477057023,0.829643560973787,0.000388083916764037
22,9,original,0.5,2,244,0.0696898496240602,0.185064040916244,0.764031826783435,0.761606448835379,-0.00242537794805586
22,9,original,0.5,3,244,0.185064040916244,0.607605132016087,0.858144520722233,0.86673830977846,0.00859378905622787
22,9,original,0.25,1,245,0.000532217170834064,0.0696898496240602,0.7600665630954,0.763975250192114,0.00390868709671355
22,9,original,0.25,2,244,0.0696898496240602,0.185064040916244,0.714387461579622,0.713342225321384,-0.00104523625823805
22,9,original,0.25,3,244,0.185064040916244,0.607605132016087,0.799335404816549,0.814090442102007,0.0147550372854587
22,9,corrected,0.75,1,245,0.00044653020632978,0.0584697838345865,0.88457139774447,0.882608237287987,-0.00196316045648337
22,9,corrected,0.75,2,244,0.0584697838345865,0.155268730328729,0.858684464590721,0.856565816465044,-0.00211864812567697
22,9,corrected,0.75,3,244,0.155268730328729,0.509780705761497,0.937802204702856,0.937900891761789,9.86870589332334e-05
22,9,corrected,0.5,1,245,0.00044653020632978,0.0584697838345865,0.827214192474909,0.827361377695421,0.00014718522051238
22,9,corrected,0.5,2,244,0.0584697838345865,0.155268730328729,0.769154433731026,0.766166301093244,-0.00298813263778197
22,9,corrected,0.5,3,244,0.155268730328729,0.509780705761497,0.867037724163733,0.873926057673904,0.00688833351017115
22,9,corrected,0.25,1,245,0.00044653020632978,0.0584697838345865,0.759248696808135,0.763002611061925,0.00375391425378957
22,9,corrected,0.25,2,244,0.0584697838345865,0.155268730328729,0.720535235010233,0.71745506480918,-0.003080170201053
22,9,corrected,0.25,3,244,0.155268730328729,0.509780705761497,0.814868012112632,0.825016001253866,0.0101479891412335
22,10,original,0.75,1,230,0.000243705193215621,0.0776038934545666,0.954843733130059,0.954290269551683,-0.000553463578375379
22,10,original,0.75,2,229,0.0776038934545666,0.18357816637155,0.96558155454971,0.966855279054723,0.00127372450501373
22,10,original,0.75,3,230,0.18357816637155,0.506272949816402,0.985178259217792,0.984519460549883,-0.000658798667908078
22,10,original,0.5,1,230,0.000243705193215621,0.0776038934545666,0.913215745059028,0.912643000583063,-0.000572744475964782
22,10,original,0.5,2,229,0.0776038934545666,0.18357816637155,0.949266843797443,0.95181902288525,0.00255217908780758
22,10,original,0.5,3,230,0.18357816637155,0.506272949816402,0.962484340210321,0.960817147878233,-0.00166719233208767
22,10,original,0.25,1,230,0.000243705193215621,0.0776038934545666,0.866133896923993,0.866352379539885,0.000218482615891635
22,10,original,0.25,2,229,0.0776038934545666,0.18357816637155,0.934009161532227,0.936938608285622,0.00292944675339502
22,10,original,0.25,3,230,0.18357816637155,0.506272949816402,0.932505286584136,0.933098150250042,0.000592863665906385
22,10,corrected,0.75,1,230,0.000204468657107909,0.0651096666083814,0.954604348568679,0.954055734254025,-0.000548614314654583
22,10,corrected,0.75,2,229,0.0651096666083814,0.15402208158573,0.964036218573969,0.964831771450038,0.000795552876068917
22,10,corrected,0.75,3,230,0.15402208158573,0.424763004895961,0.985365941187734,0.985268228813378,-9.77123743557406e-05
22,10,corrected,0.5,1,230,0.000204468657107909,0.0651096666083814,0.913486244604084,0.913059910586077,-0.00042633401800718
22,10,corrected,0.5,2,229,0.0651096666083814,0.15402208158573,0.948129101667025,0.949677695520002,0.00154859385297634
22,10,corrected,0.5,3,230,0.15402208158573,0.424763004895961,0.963492209857503,0.962539153703955,-0.000953056153548126
22,10,corrected,0.25,1,230,0.000204468657107909,0.0651096666083814,0.868358613317924,0.868885977688836,0.000527364370912165
22,10,corrected,0.25,2,229,0.0651096666083814,0.15402208158573,0.937505139690563,0.939214433843593,0.00170929415303001
22,10,corrected,0.25,3,230,0.15402208158573,0.424763004895961,0.936163012036765,0.936382011577816,0.00021899954105109
22,11,original,0.75,1,146,0.000530031474033917,0.0746175601163177,0.953306174588638,0.953349794548325,4.36199596872688e-05
22,11,original,0.75,2,145,0.0746175601163177,0.241822579705077,0.906918137918223,0.904556403209584,-0.00236173470863932
22,11,original,0.75,3,146,0.241822579705077,0.545699641545725,0.915701025535569,0.912508904311504,-0.00319212122406498
22,11,original,0.5,1,146,0.000530031474033917,0.0746175601163177,0.868842296077049,0.868754210292579,-8.80857844691718e-05
22,11,original,0.5,2,145,0.0746175601163177,0.241822579705077,0.802543904087887,0.801619387120514,-0.000924516967373057
22,11,original,0.5,3,146,0.241822579705077,0.545699641545725,0.805040678171273,0.830359748585044,0.0253190704137715
22,11,original,0.25,1,146,0.000530031474033917,0.0746175601163177,0.743877508269696,0.744226007474987,0.000348499205291564
22,11,original,0.25,2,145,0.0746175601163177,0.241822579705077,0.740231264326661,0.738759981956785,-0.00147128236987526
22,11,original,0.25,3,146,0.241822579705077,0.545699641545725,0.862044695460902,0.880001712514246,0.0179570170533437
22,11,corrected,0.75,1,146,0.000444696406714455,0.0626041329375905,0.952475586788804,0.95261262278832,0.000137035999515533
22,11,corrected,0.75,2,145,0.0626041329375905,0.202889144372559,0.906979551367699,0.904767958515628,-0.0022115928520704
22,11,corrected,0.75,3,146,0.202889144372559,0.457841999256863,0.91758222628169,0.913572936855955,-0.00400928942573553
22,11,corrected,0.5,1,146,0.000444696406714455,0.0626041329375905,0.867773949721027,0.867167823309181,-0.000606126411845875
22,11,corrected,0.5,2,145,0.0626041329375905,0.202889144372559,0.801409347986333,0.800808071172639,-0.000601276813693152
22,11,corrected,0.5,3,146,0.202889144372559,0.457841999256863,0.798688175891047,0.820802358471066,0.0221141825800186
22,11,corrected,0.25,1,146,0.000444696406714455,0.0626041329375905,0.745320016787434,0.744685694236241,-0.000634322551193223
22,11,corrected,0.25,2,145,0.0626041329375905,0.202889144372559,0.734526985422101,0.73410268044461,-0.000424304977491241
22,11,corrected,0.25,3,146,0.202889144372559,0.457841999256863,0.854267449590352,0.871922974162175,0.0176555245718228
22,12,original,0.75,1,387,0.000171826947280865,0.0753202045812205,0.825578914667549,0.824630767447613,-0.000948147219935969
22,12,original,0.75,2,386,0.0753202045812205,0.191667030949467,0.896562048449201,0.895848957100763,-0.000713091348438
22,12,original,0.75,3,386,0.191667030949467,0.738930538555692,0.904702586807944,0.906022246232081,0.00131965942413637
22,12,original,0.5,1,387,0.000171826947280865,0.0753202045812205,0.671613180719136,0.669168004331397,-0.00244517638773922
22,12,original,0.5,2,386,0.0753202045812205,0.191667030949467,0.775517711481121,0.775227581755102,-0.000290129726018828
22,12,original,0.5,3,386,0.191667030949467,0.738930538555692,0.841100520422909,0.850397634603993,0.00929711418108381
22,12,original,0.25,1,387,0.000171826947280865,0.0753202045812205,0.620964974594952,0.61987291323076,-0.00109206136419171
22,12,original,0.25,2,386,0.0753202045812205,0.191667030949467,0.711078788890156,0.71326148017285,0.00218269128269444
22,12,original,0.25,3,386,0.191667030949467,0.738930538555692,0.777931593826498,0.795912327080226,0.0179807332537272
22,12,corrected,0.75,1,387,0.000144162808768639,0.063193651643644,0.825601249677742,0.825056883415246,-0.000544366262495766
22,12,corrected,0.75,2,386,0.063193651643644,0.160808638966603,0.898279714916388,0.897803923568865,-0.000475791347523513
22,12,corrected,0.75,3,386,0.160808638966603,0.619962721848225,0.905538875601101,0.90740927105105,0.00187039544994871
22,12,corrected,0.5,1,387,0.000144162808768639,0.063193651643644,0.668217359451242,0.665841054200509,-0.00237630525073285
22,12,corrected,0.5,2,386,0.063193651643644,0.160808638966603,0.77963011527369,0.779004230382345,-0.000625884891344963
22,12,corrected,0.5,3,386,0.160808638966603,0.619962721848225,0.846151787169197,0.853511274392037,0.00735948722284086
22,12,corrected,0.25,1,387,0.000144162808768639,0.063193651643644,0.61537460043912,0.613412465647361,-0.00196213479175988
22,12,corrected,0.25,2,386,0.063193651643644,0.160808638966603,0.717075417077233,0.717630540345875,0.000555123268642932
22,12,corrected,0.25,3,386,0.160808638966603,0.619962721848225,0.793044690497693,0.80451904421068,0.0114743537129867
22,13,original,0.75,1,206,6.99422976044306e-05,0.0889513026752929,0.891081514635611,0.894152486248405,0.00307097161279424
22,13,original,0.75,2,206,0.0889513026752929,0.211455236929533,0.835486365149739,0.847008851333075,0.0115224861833356
22,13,original,0.75,3,206,0.211455236929533,0.61078204231509,0.887248106947585,0.895547585114017,0.00829947816643217
22,13,original,0.5,1,206,6.99422976044306e-05,0.0889513026752929,0.868028602290799,0.868107758720973,7.91564301740877e-05
22,13,original,0.5,2,206,0.0889513026752929,0.211455236929533,0.793745454068484,0.795156536880545,0.00141108281206115
22,13,original,0.5,3,206,0.211455236929533,0.61078204231509,0.852869421456235,0.862082765620761,0.00921334416452557
22,13,original,0.25,1,206,6.99422976044306e-05,0.0889513026752929,0.868075481678882,0.867577673277978,-0.000497808400904409
22,13,original,0.25,2,206,0.0889513026752929,0.211455236929533,0.768597407604683,0.767036389304792,-0.00156101829989064
22,13,original,0.25,3,206,0.211455236929533,0.61078204231509,0.831764401043987,0.843996479783291,0.0122320787393037
22,13,corrected,0.75,1,206,5.86815876901237e-05,0.0746301429445708,0.889481751440798,0.892332714002928,0.00285096256213002
22,13,corrected,0.75,2,206,0.0746301429445708,0.177410943783878,0.835402059386893,0.846599836458287,0.0111977770713946
22,13,corrected,0.75,3,206,0.177410943783878,0.512446133502361,0.888574502700204,0.895303005215568,0.00672850251536394
22,13,corrected,0.5,1,206,5.86815876901237e-05,0.0746301429445708,0.865810830303214,0.866011816090444,0.00020098578723049
22,13,corrected,0.5,2,206,0.0746301429445708,0.177410943783878,0.79414782866383,0.795900741668068,0.00175291300423852
22,13,corrected,0.5,3,206,0.177410943783878,0.512446133502361,0.855480784734557,0.861901816519634,0.00642103178507669
22,13,corrected,0.25,1,206,5.86815876901237e-05,0.0746301429445708,0.870597686107169,0.870269794427013,-0.000327891680156012
22,13,corrected,0.25,2,206,0.0746301429445708,0.177410943783878,0.775647602746966,0.773184580503035,-0.0024630222439308
22,13,corrected,0.25,3,206,0.177410943783878,0.512446133502361,0.836561850204119,0.843893941221993,0.00733209101787491
22,14,original,0.75,1,357,9.63154945362588e-05,0.110985312117503,0.783189208542071,0.793747229341765,0.0105580207996943
22,14,original,0.75,2,356,0.110985312117503,0.272750917992656,0.680387015062146,0.67536309523973,-0.00502391982241557
22,14,original,0.75,3,356,0.272750917992656,0.712548085329603,0.953593132959462,0.952578442011587,-0.00101469094787543
22,14,original,0.5,1,357,9.63154945362588e-05,0.110985312117503,0.712174035447141,0.725977811149684,0.0138037757025428
22,14,original,0.5,2,356,0.110985312117503,0.272750917992656,0.682103716273512,0.678716577399445,-0.00338713887406761
22,14,original,0.5,3,356,0.272750917992656,0.712548085329603,0.897289217622165,0.898547712758517,0.00125849513635279
22,14,original,0.25,1,357,9.63154945362588e-05,0.110985312117503,0.66873726889296,0.680701599269181,0.0119643303762209
22,14,original,0.25,2,356,0.110985312117503,0.272750917992656,0.696173668962151,0.699984470810951,0.00381080184879934
22,14,original,0.25,3,356,0.272750917992656,0.712548085329603,0.828659484996805,0.838744322277997,0.0100848372811915
22,14,corrected,0.75,1,357,8.08086999158908e-05,0.0931166768665851,0.783856645038632,0.793255566113958,0.00939892107532603
22,14,corrected,0.75,2,356,0.0931166768665851,0.228838020195838,0.674839177446569,0.670522872538342,-0.00431630490822699
22,14,corrected,0.75,3,356,0.228838020195838,0.597827843591537,0.954742723403541,0.953936966306785,-0.000805757096755455
22,14,corrected,0.5,1,357,8.08086999158908e-05,0.0931166768665851,0.714738692663018,0.72663542205742,0.0118967293944012
22,14,corrected,0.5,2,356,0.0931166768665851,0.228838020195838,0.667912463629062,0.665978564890747,-0.00193389873831462
22,14,corrected,0.5,3,356,0.228838020195838,0.597827843591537,0.901237898472943,0.901425069553458,0.000187171080515691
22,14,corrected,0.25,1,357,8.08086999158908e-05,0.0931166768665851,0.672501463326524,0.682660083696969,0.0101586203704449
22,14,corrected,0.25,2,356,0.0931166768665851,0.228838020195838,0.68580928589852,0.68920555236925,0.00339626647073088
22,14,corrected,0.25,3,356,0.228838020195838,0.597827843591537,0.83745546317057,0.842325488912868,0.00487002574229822
22,15,original,0.75,1,237,0.000512545899632788,0.0931970187095646,0.940628177930373,0.94375027784311,0.00312209991273704
22,15,original,0.75,2,236,0.0931970187095646,0.230281591482208,0.910537868637098,0.913141221111045,0.0026033524739465
22,15,original,0.75,3,236,0.230281591482208,0.718878956111208,0.927078544080382,0.918086998662679,-0.0089915454177032
22,15,original,0.5,1,237,0.000512545899632788,0.0931970187095646,0.859407401717021,0.863422298594496,0.00401489687747469
22,15,original,0.5,2,236,0.0931970187095646,0.230281591482208,0.775042296451045,0.781565401242501,0.0065231047914559
22,15,original,0.5,3,236,0.230281591482208,0.718878956111208,0.871258525282008,0.866949216266093,-0.00430930901591597
22,15,original,0.25,1,237,0.000512545899632788,0.0931970187095646,0.760385308563955,0.760473113681705,8.78051177497508e-05
22,15,original,0.25,2,236,0.0931970187095646,0.230281591482208,0.61552907841392,0.624631071862297,0.00910199344837615
22,15,original,0.25,3,236,0.230281591482208,0.718878956111208,0.813105533068173,0.818002688878593,0.00489715581042061
22,15,corrected,0.75,1,237,0.000430026009791917,0.0781922986973247,0.940763057181987,0.943828928988543,0.00306587180655638
22,15,corrected,0.75,2,236,0.0781922986973247,0.193206255253573,0.911682779061408,0.914169096756955,0.00248631769554675
22,15,corrected,0.75,3,236,0.193206255253573,0.603139444177304,0.930960636764557,0.923180922479314,-0.00777971428524293
22,15,corrected,0.5,1,237,0.000430026009791917,0.0781922986973247,0.856743425764571,0.861299282451544,0.00455585668697289
22,15,corrected,0.5,2,236,0.0781922986973247,0.193206255253573,0.776641889600946,0.782315559990147,0.0056736703892013
22,15,corrected,0.5,3,236,0.193206255253573,0.603139444177304,0.877596394086994,0.872444865066089,-0.00515152902090488
22,15,corrected,0.25,1,237,0.000430026009791917,0.0781922986973247,0.753463485748426,0.755849313189578,0.00238582744115257
22,15,corrected,0.25,2,236,0.0781922986973247,0.193206255253573,0.615629100816815,0.622457165062868,0.00682806424605309
22,15,corrected,0.25,3,236,0.193206255253573,0.603139444177304,0.819683075080493,0.821008400248618,0.00132532516812522
22,16,original,0.75,1,139,0.000868814478055605,0.100367561345224,0.924310227197027,0.928289909634222,0.00397968243719538
22,16,original,0.75,2,139,0.100367561345224,0.23225851034844,0.914669615462332,0.911797094478988,-0.00287252098334345
22,16,original,0.75,3,139,0.23225851034844,0.710384245497465,0.902947784935944,0.927275564828943,0.0243277798929991
22,16,original,0.5,1,139,0.000868814478055605,0.100367561345224,0.805341698396347,0.816889939148569,0.0115482407522221
22,16,original,0.5,2,139,0.100367561345224,0.23225851034844,0.820220551128999,0.807268988069909,-0.0129515630590901
22,16,original,0.5,3,139,0.23225851034844,0.710384245497465,0.788674861992857,0.830260187555584,0.0415853255627266
22,16,original,0.25,1,139,0.000868814478055605,0.100367561345224,0.644826896219614,0.657930650118973,0.0131037538993591
22,16,original,0.25,2,139,0.100367561345224,0.23225851034844,0.669099004581198,0.648771266848781,-0.0203277377324175
22,16,original,0.25,3,139,0.23225851034844,0.710384245497465,0.736544947089989,0.769217896519647,0.0326729494296585
22,16,corrected,0.75,1,139,0.000728935347088649,0.0842083839686426,0.921211931324197,0.925602128988834,0.00439019766463766
22,16,corrected,0.75,2,139,0.0842083839686426,0.194864890182342,0.913410969296929,0.910632618863056,-0.00277835043387309
22,16,corrected,0.75,3,139,0.194864890182342,0.596012381972373,0.903965930818081,0.927915553047482,0.023949622229401
22,16,corrected,0.5,1,139,0.000728935347088649,0.0842083839686426,0.796400249571954,0.809653322284585,0.0132530727126303
22,16,corrected,0.5,2,139,0.0842083839686426,0.194864890182342,0.819190581463013,0.806408682921025,-0.0127818985419877
22,16,corrected,0.5,3,139,0.194864890182342,0.596012381972373,0.787264390194379,0.829779784958501,0.0425153947641225
22,16,corrected,0.25,1,139,0.000728935347088649,0.0842083839686426,0.631942471987277,0.649002033991181,0.0170595620039041
22,16,corrected,0.25,2,139,0.0842083839686426,0.194864890182342,0.678435179415411,0.657082935953458,-0.0213522434619533
22,16,corrected,0.25,3,139,0.194864890182342,0.596012381972373,0.727164952556643,0.764556382200575,0.0373914296439325
22,17,original,0.75,1,205,0.00278457772337815,0.0895856973302286,0.938397090353584,0.942038600040111,0.00364150968652655
22,17,original,0.75,2,205,0.0895856973302286,0.209034213440578,0.98593266851265,0.989234870180271,0.00330220166762041
22,17,original,0.75,3,205,0.209034213440578,0.705797560762371,0.985255717946216,0.982291326426432,-0.00296439151978445
22,17,original,0.5,1,205,0.00278457772337815,0.0895856973302286,0.916833133617765,0.924080651639863,0.007247518022098
22,17,original,0.5,2,205,0.0895856973302286,0.209034213440578,0.970935032157953,0.973605014589624,0.00266998243167138
22,17,original,0.5,3,205,0.209034213440578,0.705797560762371,0.96356774826885,0.958388632813242,-0.00517911545560834
22,17,original,0.25,1,205,0.00278457772337815,0.0895856973302286,0.902147494167839,0.90904054096622,0.00689304679838043
22,17,original,0.25,2,205,0.0895856973302286,0.209034213440578,0.942857227283874,0.940454018392627,-0.00240320889124701
22,17,original,0.25,3,205,0.209034213440578,0.705797560762371,0.941871124714987,0.94178250201506,-8.86226999272655e-05
22,17,corrected,0.75,1,205,0.00233626070991422,0.0751624000600618,0.937745626031183,0.941282563449402,0.00353693741821959
22,17,corrected,0.75,2,205,0.0751624000600618,0.175379705076645,0.985478547770895,0.989133816429581,0.00365526865868537
22,17,corrected,0.75,3,205,0.175379705076645,0.592164153479629,0.985435904902715,0.984647269054696,-0.000788635848018804
22,17,corrected,0.5,1,205,0.00233626070991422,0.0751624000600618,0.913852292623415,0.922885321566003,0.00903302894258762
22,17,corrected,0.5,2,205,0.0751624000600618,0.175379705076645,0.971099905857288,0.975286450390159,0.00418654453287093
22,17,corrected,0.5,3,205,0.175379705076645,0.592164153479629,0.965359122577047,0.963548162405251,-0.00181096017179527
22,17,corrected,0.25,1,205,0.00233626070991422,0.0751624000600618,0.898070860334308,0.910190497045976,0.0121196367116685
22,17,corrected,0.25,2,205,0.0751624000600618,0.175379705076645,0.948798072735316,0.948997554244615,0.00019948150929916
22,17,corrected,0.25,3,205,0.175379705076645,0.592164153479629,0.947858957906899,0.950009196374255,0.00215023846735551
22,18,original,0.75,1,169,5.91887199452856e-05,0.107568436489314,0.800954343840752,0.819024743851384,0.0180704000106315
22,18,original,0.75,2,169,0.107568436489314,0.229467199976686,0.88318550661448,0.906541716116376,0.0233562095018953
22,18,original,0.75,3,169,0.229467199976686,0.664201564958909,0.932917484316885,0.927302867679373,-0.00561461663751195
22,18,original,0.5,1,169,5.91887199452856e-05,0.107568436489314,0.62356615256243,0.660367636712003,0.0368014841495731
22,18,original,0.5,2,169,0.107568436489314,0.229467199976686,0.771041640661403,0.829212307243405,0.0581706665820023
22,18,original,0.5,3,169,0.229467199976686,0.664201564958909,0.898505323230874,0.886509190212554,-0.01199613301832
22,18,original,0.25,1,169,5.91887199452856e-05,0.107568436489314,0.513393604152685,0.544669081547481,0.0312754773947969
22,18,original,0.25,2,169,0.107568436489314,0.229467199976686,0.697342217477511,0.771567380300098,0.0742251628225875
22,18,original,0.25,3,169,0.229467199976686,0.664201564958909,0.858612221381357,0.849972020296189,-0.0086402010851675
22,18,corrected,0.75,1,169,4.96593360340969e-05,0.0902499182145345,0.794361699066498,0.812574872152037,0.0182131730855389
22,18,corrected,0.75,2,169,0.0902499182145345,0.192522980780439,0.883618107104912,0.907198973259329,0.0235808661544168
22,18,corrected,0.75,3,169,0.192522980780439,0.557265113000525,0.934367736674054,0.930244334310808,-0.00412340236324649
22,18,corrected,0.5,1,169,4.96593360340969e-05,0.0902499182145345,0.609722785966057,0.648772979655198,0.0390501936891404
22,18,corrected,0.5,2,169,0.0902499182145345,0.192522980780439,0.776328853081882,0.835029931156815,0.0587010780749331
22,18,corrected,0.5,3,169,0.192522980780439,0.557265113000525,0.905186181601483,0.89557053763904,-0.00961564396244297
22,18,corrected,0.25,1,169,4.96593360340969e-05,0.0902499182145345,0.505037165296591,0.53933242111553,0.0342952558189393
22,18,corrected,0.25,2,169,0.0902499182145345,0.192522980780439,0.706470057414326,0.787623816918009,0.0811537595036829
22,18,corrected,0.25,3,169,0.192522980780439,0.557265113000525,0.879590709631004,0.869390827269175,-0.0101998823618291
22,19,original,0.75,1,277,3.49711488022153e-05,0.0777261002455787,0.645761032963326,0.630805937879474,-0.014955095083852
22,19,original,0.75,2,276,0.0777261002455787,0.177689499912572,0.679631717721004,0.710658640554723,0.0310269228337186
22,19,original,0.75,3,276,0.177689499912572,0.673969443958734,0.791209538628914,0.781337705055178,-0.00987183357373622
22,19,original,0.5,1,277,3.49711488022153e-05,0.0777261002455787,0.639476400566295,0.618598651098283,-0.0208777494680112
22,19,original,0.5,2,276,0.0777261002455787,0.177689499912572,0.586024997367775,0.631362712100616,0.0453377147328405
22,19,original,0.5,3,276,0.177689499912572,0.673969443958734,0.777625095825096,0.775747284177999,-0.00187781164709655
22,19,original,0.25,1,277,3.49711488022153e-05,0.0777261002455787,0.612037147883968,0.6023750455928,-0.0096621022911676
22,19,original,0.25,2,276,0.0777261002455787,0.177689499912572,0.544725365654355,0.582082722228109,0.0373573565737536
22,19,original,0.25,3,276,0.177689499912572,0.673969443958734,0.793844924544838,0.800355712871087,0.00651078832624874
22,19,corrected,0.75,1,277,2.93407938450618e-05,0.0652121981060406,0.644668744247812,0.631625016280556,-0.0130437279672565
22,19,corrected,0.75,2,276,0.0652121981060406,0.149081490426648,0.675675655286014,0.707667203784861,0.0319915484988473
22,19,corrected,0.75,3,276,0.149081490426648,0.565460363481378,0.788568963769698,0.780557396280111,-0.00801156748958687
22,19,corrected,0.5,1,277,2.93407938450618e-05,0.0652121981060406,0.638176881661891,0.620496125759101,-0.0176807559027901
22,19,corrected,0.5,2,276,0.0652121981060406,0.149081490426648,0.592051934100666,0.638619814685226,0.04656788058456
22,19,corrected,0.5,3,276,0.149081490426648,0.565460363481378,0.777701794529455,0.77516143237353,-0.00254036215592579
22,19,corrected,0.25,1,277,2.93407938450618e-05,0.0652121981060406,0.62045010797091,0.613128154348781,-0.00732195362212873
22,19,corrected,0.25,2,276,0.0652121981060406,0.149081490426648,0.564808350200949,0.605538665623726,0.0407303154227769
22,19,corrected,0.25,3,276,0.149081490426648,0.565460363481378,0.798885739963536,0.801238521576407,0.00235278161287178
22,20,original,0.75,1,257,0,0.0949401119076762,0.847494488633046,0.847960769993465,0.000466281360419041
22,20,original,0.75,2,256,0.0949401119076762,0.214188450778108,0.814538471639543,0.814854600288948,0.000316128649405223
22,20,original,0.75,3,256,0.214188450778108,0.730565876901556,0.919408647140832,0.921550671354732,0.00214202421389942
22,20,original,0.5,1,257,0,0.0949401119076762,0.760658683864125,0.759365895633341,-0.00129278823078405
22,20,original,0.5,2,256,0.0949401119076762,0.214188450778108,0.754224639340107,0.760209337583248,0.00598469824314141
22,20,original,0.5,3,256,0.214188450778108,0.730565876901556,0.864913936631727,0.870858255280363,0.00594431864863543
22,20,original,0.25,1,257,0,0.0949401119076762,0.674978877287685,0.674443150019053,-0.000535727268632158
22,20,original,0.25,2,256,0.0949401119076762,0.214188450778108,0.697898700572632,0.709613363322764,0.0117146627501318
22,20,original,0.25,3,256,0.214188450778108,0.730565876901556,0.826997754544084,0.8433322192654,0.0163344647213165
22,20,corrected,0.75,1,257,0,0.0796547538905403,0.847068729000136,0.847557208053313,0.000488479053177171
22,20,corrected,0.75,2,256,0.0796547538905403,0.179704110202833,0.816352890884176,0.816983861092272,0.000630970208095993
22,20,corrected,0.75,3,256,0.179704110202833,0.612944770720406,0.92209476651092,0.924960320736583,0.00286555422566226
22,20,corrected,0.5,1,257,0,0.0796547538905403,0.76081322980917,0.759411112043832,-0.00140211776533816
22,20,corrected,0.5,2,256,0.0796547538905403,0.179704110202833,0.760394394579288,0.766187148758198,0.00579275417891012
22,20,corrected,0.5,3,256,0.179704110202833,0.612944770720406,0.869136196050858,0.874610381712541,0.00547418566168378
22,20,corrected,0.25,1,257,0,0.0796547538905403,0.683232975368413,0.680072848288372,-0.00316012708004154
22,20,corrected,0.25,2,256,0.0796547538905403,0.179704110202833,0.717717194824488,0.727852655096244,0.0101354602717563
22,20,corrected,0.25,3,256,0.179704110202833,0.612944770720406,0.837443935885309,0.847653720093294,0.0102097842079844
22,21,original,0.75,1,191,0.00143928134289212,0.126786214625946,0.859336972082024,0.865373924697288,0.00603695261526394
22,21,original,0.75,2,190,0.126786214625946,0.266150113656234,0.865259538768387,0.854619939220923,-0.010639599547464
22,21,original,0.75,3,190,0.266150113656234,0.691059407239028,0.942591136510682,0.918635598918467,-0.0239555375922154
22,21,original,0.5,1,191,0.00143928134289212,0.126786214625946,0.726920455633171,0.744202150251842,0.0172816946186712
22,21,original,0.5,2,190,0.126786214625946,0.266150113656234,0.841676293519069,0.828824556877092,-0.0128517366419774
22,21,original,0.5,3,190,0.266150113656234,0.691059407239028,0.897845461933894,0.879731823946202,-0.0181136379876918
22,21,original,0.25,1,191,0.00143928134289212,0.126786214625946,0.627709630637104,0.64308445013829,0.0153748195011852
22,21,original,0.25,2,190,0.126786214625946,0.266150113656234,0.823637456326407,0.81609879840546,-0.00753865792094688
22,21,original,0.25,3,190,0.266150113656234,0.691059407239028,0.869557229555208,0.870780549459158,0.0012233199039503
22,21,corrected,0.75,1,191,0.00120755704668646,0.106373634071168,0.858676134899577,0.865102011579313,0.00642587667973649
22,21,corrected,0.75,2,190,0.106373634071168,0.22329994535758,0.864957608595048,0.857444418342002,-0.00751319025304642
22,21,corrected,0.75,3,190,0.22329994535758,0.579798842673544,0.945458765151076,0.924426863188045,-0.0210319019630315
22,21,corrected,0.5,1,191,0.00120755704668646,0.106373634071168,0.728628524571159,0.747195166271224,0.0185666417000647
22,21,corrected,0.5,2,190,0.106373634071168,0.22329994535758,0.843418272585526,0.833458585923858,-0.0099596866616678
22,21,corrected,0.5,3,190,0.22329994535758,0.579798842673544,0.90330210295957,0.884772752587213,-0.0185293503723563
22,21,corrected,0.25,1,191,0.00120755704668646,0.106373634071168,0.632332336329686,0.651058426595984,0.0187260902662981
22,21,corrected,0.25,2,190,0.106373634071168,0.22329994535758,0.83109231257893,0.823666789119102,-0.0074255234598275
22,21,corrected,0.25,3,190,0.22329994535758,0.579798842673544,0.881646290910627,0.875728701444629,-0.00591758946599763
22,22,original,0.75,1,292,0.000319111732820454,0.0820193652736492,0.46539141542551,0.462837526940349,-0.00255388848516097
22,22,original,0.75,2,291,0.0820193652736492,0.183892507431369,0.530504578101128,0.572979090495225,0.0424745123940968
22,22,original,0.75,3,292,0.183892507431369,0.663250786850848,0.689343087722753,0.746373821463639,0.0570307337408859
22,22,original,0.5,1,292,0.000319111732820454,0.0820193652736492,0.413882342999471,0.402892801267854,-0.0109895417316169
22,22,original,0.5,2,291,0.0820193652736492,0.183892507431369,0.48862799614006,0.54094131112354,0.0523133149834793
22,22,original,0.5,3,292,0.183892507431369,0.663250786850848,0.74081827881434,0.77436031513431,0.0335420363199698
22,22,original,0.25,1,292,0.000319111732820454,0.0820193652736492,0.416619982438353,0.397998150158461,-0.0186218322798917
22,22,original,0.25,2,291,0.0820193652736492,0.183892507431369,0.491572064935307,0.531006863787188,0.0394347988518811
22,22,original,0.25,3,292,0.183892507431369,0.663250786850848,0.755243447014969,0.774992892524672,0.019749445509703
22,22,corrected,0.75,1,292,0.000267734743836345,0.0688142474645917,0.461243092582983,0.460532120006929,-0.000710972576054181
22,22,corrected,0.75,2,291,0.0688142474645917,0.154285813734919,0.520280985218988,0.568343465271182,0.0480624800521933
22,22,corrected,0.75,3,292,0.154285813734919,0.556467410167861,0.686140588286319,0.750491622493859,0.0643510342075406
22,22,corrected,0.5,1,292,0.000267734743836345,0.0688142474645917,0.411542696072726,0.403580853020332,-0.00796184305239373
22,22,corrected,0.5,2,291,0.0688142474645917,0.154285813734919,0.47561229926954,0.536873335543525,0.0612610362739854
22,22,corrected,0.5,3,292,0.154285813734919,0.556467410167861,0.739082056545209,0.779270646714367,0.0401885901691579
22,22,corrected,0.25,1,292,0.000267734743836345,0.0688142474645917,0.424310871498688,0.411429350487093,-0.0128815210115951
22,22,corrected,0.25,2,291,0.0688142474645917,0.154285813734919,0.486793224645953,0.53784488232745,0.0510516576814973
22,22,corrected,0.25,3,292,0.154285813734919,0.556467410167861,0.755758540046959,0.779594618671525,0.0238360786245654
22,23,original,0.75,1,238,0.000337690155621614,0.0759179926560588,0.676213155719992,0.68722236168934,0.0110092059693475
22,23,original,0.75,2,237,0.0759179926560588,0.17905993180626,0.508697267683916,0.509904451765756,0.00120718408184006
22,23,original,0.75,3,237,0.17905993180626,0.638080302500437,0.606171023395974,0.602254549720678,-0.00391647367529591
22,23,original,0.5,1,238,0.000337690155621614,0.0759179926560588,0.577166623873582,0.588979689615146,0.0118130657415636
22,23,original,0.5,2,237,0.0759179926560588,0.17905993180626,0.471851387428143,0.461994374012936,-0.00985701341520689
22,23,original,0.5,3,237,0.17905993180626,0.638080302500437,0.560403959730572,0.553885783701925,-0.00651817602864646
22,23,original,0.25,1,238,0.000337690155621614,0.0759179926560588,0.521132764055103,0.535724506240961,0.0145917421858578
22,23,original,0.25,2,237,0.0759179926560588,0.17905993180626,0.458553135636874,0.443790550787025,-0.0147625848498486
22,23,original,0.25,3,237,0.17905993180626,0.638080302500437,0.575032089391903,0.567069890811284,-0.00796219858061875
22,23,corrected,0.75,1,238,0.000283322040566539,0.0636951958384333,0.672938075931003,0.685428190258097,0.0124901143270947
22,23,corrected,0.75,2,237,0.0636951958384333,0.150231282785452,0.498242471794983,0.504240865800254,0.00599839400527075
22,23,corrected,0.75,3,237,0.150231282785452,0.535349373797867,0.603022342498445,0.604833635041395,0.00181129254295032
22,23,corrected,0.5,1,238,0.000283322040566539,0.0636951958384333,0.574403835000421,0.587126985799834,0.0127231507994127
22,23,corrected,0.5,2,237,0.0636951958384333,0.150231282785452,0.476116050448551,0.470019944026651,-0.00609610642189973
22,23,corrected,0.5,3,237,0.150231282785452,0.535349373797867,0.556384014697728,0.557236106904567,0.000852092206839017
22,23,corrected,0.25,1,238,0.000283322040566539,0.0636951958384333,0.536677373824849,0.551097304626884,0.0144199308020347
22,23,corrected,0.25,2,237,0.0636951958384333,0.150231282785452,0.481085311541653,0.469174906879799,-0.0119104046618539
22,23,corrected,0.25,3,237,0.150231282785452,0.535349373797867,0.574167642036392,0.571219259883601,-0.00294838215279136
22,24,original,0.75,1,184,4.58996328029371e-05,0.102874919857784,0.750239275293171,0.760488946910044,0.0102496716168736
22,24,original,0.75,2,184,0.102874919857784,0.232691831322492,0.835465744902882,0.854009522042232,0.0185437771393495
22,24,original,0.75,3,184,0.232691831322492,0.68483563560063,0.955012207652257,0.969041139381362,0.0140289317291058
22,24,original,0.5,1,184,4.58996328029371e-05,0.102874919857784,0.484388920443774,0.498948593929344,0.0145596734855698
22,24,original,0.5,2,184,0.102874919857784,0.232691831322492,0.823185174054517,0.845656970544148,0.0224717964896314
22,24,original,0.5,3,184,0.232691831322492,0.68483563560063,0.945773286625688,0.961347185109633,0.0155738984839453
22,24,original,0.25,1,184,4.58996328029371e-05,0.102874919857784,0.323810067474519,0.336125524905484,0.0123154574309652
22,24,original,0.25,2,184,0.102874919857784,0.232691831322492,0.827488577144007,0.843273821136114,0.0157852439921069
22,24,original,0.25,3,184,0.232691831322492,0.68483563560063,0.938510444707658,0.95117141168627,0.0126609669786122
22,24,corrected,0.75,1,184,3.85097919216593e-05,0.0863120577606808,0.752165567110805,0.761358996133019,0.00919342902221365
22,24,corrected,0.75,2,184,0.0863120577606808,0.195228446479571,0.833190454741903,0.852794561546374,0.0196041068044709
22,24,corrected,0.75,3,184,0.195228446479571,0.574577098268928,0.954572813261447,0.966816192290537,0.0122433790290895
22,24,corrected,0.5,1,184,3.85097919216593e-05,0.0863120577606808,0.492007060654509,0.505288060998135,0.0132810003436267
22,24,corrected,0.5,2,184,0.0863120577606808,0.195228446479571,0.819843132420271,0.844309626677525,0.0244664942572534
22,24,corrected,0.5,3,184,0.195228446479571,0.574577098268928,0.945761905806084,0.960186750197746,0.0144248443916621
22,24,corrected,0.25,1,184,3.85097919216593e-05,0.0863120577606808,0.335699294583913,0.348546239272551,0.0128469446886381
22,24,corrected,0.25,2,184,0.0863120577606808,0.195228446479571,0.834305915641507,0.8527258256848,0.0184199100432928
22,24,corrected,0.25,3,184,0.195228446479571,0.574577098268928,0.940416269570743,0.951972156068322,0.0115558864975788
