chr,block_id,m,afr_treatment,w_eur,r2_l0,r2_l1,placebo_r2
22,1,255,corrected,0.25,0.750586811018521,0.761158802013959,0.752652665866065
22,1,255,corrected,0.5,0.790841255672894,0.799953424768917,0.790236680203226
22,1,255,corrected,0.75,0.830381784800948,0.835990995999082,0.827293438318243
22,1,255,original,0.25,0.744216252480888,0.754445451078406,0.744576559644209
22,1,255,original,0.5,0.786180185276386,0.794472295087519,0.782720828032879
22,1,255,original,0.75,0.829311020506624,0.83314163078636,0.826008528264758
22,2,310,corrected,0.25,0.613630515632965,0.611762645815996,0.611517028709795
22,2,310,corrected,0.5,0.658295095359857,0.651360257050426,0.65245128397977
22,2,310,corrected,0.75,0.765841443439504,0.756421831539955,0.761266268144988
22,2,310,original,0.25,0.596992657314764,0.59964066230395,0.592487189110888
22,2,310,original,0.5,0.65641310141894,0.65130019218705,0.641609150184226
22,2,310,original,0.75,0.767696239178662,0.757647762201402,0.751637435311595
22,3,715,corrected,0.25,0.758380965788731,0.767422358539296,0.746025333048581
22,3,715,corrected,0.5,0.826819371263552,0.829555789883842,0.811604682767503
22,3,715,corrected,0.75,0.906112681747429,0.904139224231778,0.896751582559909
22,3,715,original,0.25,0.734870513734435,0.748087329050602,0.724034884782639
22,3,715,original,0.5,0.817409691829856,0.820032637568862,0.800688900260126
22,3,715,original,0.75,0.904141186795446,0.900599779131347,0.892743437917978
22,4,809,corrected,0.25,0.854212568925947,0.857627152579121,0.850238824525605
22,4,809,corrected,0.5,0.889842597925655,0.889693447867573,0.881109680946337
22,4,809,corrected,0.75,0.935297404406714,0.933758903093365,0.929493322660029
22,4,809,original,0.25,0.847620274225904,0.852940439785798,0.848689304472147
22,4,809,original,0.5,0.890441572669496,0.889691198080371,0.883243045353186
22,4,809,original,0.75,0.935721539931589,0.933522832672192,0.930227239030898
22,5,417,corrected,0.25,0.751461469495857,0.750745270818664,0.747132135767741
22,5,417,corrected,0.5,0.779730467956147,0.775542178140743,0.767630700001539
22,5,417,corrected,0.75,0.826524251866287,0.821427034791159,0.812418265631307
22,5,417,original,0.25,0.733350058987857,0.733242746785764,0.735639188981065
22,5,417,original,0.5,0.770904422444143,0.764899695381034,0.765587866546387
22,5,417,original,0.75,0.82312208652314,0.816153082044284,0.810571157443236
22,6,480,corrected,0.25,0.846658729071305,0.849134461851023,0.837199689560798
22,6,480,corrected,0.5,0.892842696531098,0.892549551294606,0.876995584735681
22,6,480,corrected,0.75,0.940320736751584,0.93836429386963,0.930389410234233
22,6,480,original,0.25,0.843337504860536,0.847061547370691,0.831563644816789
22,6,480,original,0.5,0.894229042965311,0.89311688153972,0.874491215942926
22,6,480,original,0.75,0.94202586779419,0.938346269782091,0.929117144839801
22,7,948,corrected,0.25,0.649625352104257,0.670460715555507,0.653883111631308
22,7,948,corrected,0.5,0.692574780893544,0.710181107314852,0.693606814178816
22,7,948,corrected,0.75,0.777935965210533,0.778977860549352,0.778050056775864
22,7,948,original,0.25,0.63494014164776,0.662071264532868,0.639758677311892
22,7,948,original,0.5,0.686907818642832,0.707955730638942,0.685676512715743
22,7,948,original,0.75,0.775535629719362,0.776063652149016,0.774679278632174
22,8,863,corrected,0.25,0.705667526345856,0.719053988486337,0.707580859937158
22,8,863,corrected,0.5,0.724924787360128,0.731490365276229,0.720021092070863
22,8,863,corrected,0.75,0.764483278578812,0.760965741157396,0.75621097357894
22,8,863,original,0.25,0.681672996126129,0.703087670789662,0.681750551574108
22,8,863,original,0.5,0.71410139971679,0.723559246517312,0.703877525368654
22,8,863,original,0.75,0.762519656731135,0.757823898352093,0.748312220340621
22,9,733,corrected,0.25,0.835752920674026,0.844429573227045,0.832611523194915
22,9,733,corrected,0.5,0.895939289528686,0.899027397235017,0.88534856179313
22,9,733,corrected,0.75,0.946484437560419,0.945092976409273,0.937764095708192
22,9,733,original,0.25,0.804344938090662,0.82019059425555,0.811445437828238
22,9,733,original,0.5,0.884704167022971,0.889949091229061,0.874382727214979
22,9,733,original,0.75,0.944798397424124,0.942620416947218,0.932372897195926
22,10,689,corrected,0.25,0.933965255280248,0.936890798433803,0.933197148625022
22,10,689,corrected,0.5,0.959541684635942,0.961857683637131,0.955604759363868
22,10,689,corrected,0.75,0.977307428794528,0.978883821489658,0.974353108485667
22,10,689,original,0.25,0.926236033780076,0.931089087074876,0.925255663375578
22,10,689,original,0.5,0.957057538171438,0.95970355226839,0.950623433214833
22,10,689,original,0.75,0.976630533493446,0.978145786119812,0.972060598582364
22,11,437,corrected,0.25,0.906597926552969,0.907389342391553,0.901829238343888
22,11,437,corrected,0.5,0.92515634510731,0.924903231081616,0.903973739567437
22,11,437,corrected,0.75,0.95086030740971,0.949150287012777,0.929834004274042
22,11,437,original,0.25,0.896866302743173,0.898352099654463,0.891656734314088
22,11,437,original,0.5,0.922073842115822,0.921570432975978,0.894106513074017
22,11,437,original,0.75,0.949906888261761,0.947418823297802,0.922171677234036
22,12,1159,corrected,0.25,0.734907081055802,0.744067385357964,0.732037849806946
22,12,1159,corrected,0.5,0.8106574166062,0.811883647317554,0.799219676541763
22,12,1159,corrected,0.75,0.919180319218457,0.912688350642594,0.90848311546814
22,12,1159,original,0.25,0.716963012055735,0.729592440180309,0.720171482668399
22,12,1159,original,0.5,0.802250944381487,0.802411625521712,0.789912452049315
22,12,1159,original,0.75,0.917882315513027,0.907324504730615,0.902107803549115
22,13,618,corrected,0.25,0.915881237597014,0.917806582693209,0.917458622625116
22,13,618,corrected,0.5,0.924351344894541,0.922253273953612,0.922121521901033
22,13,618,corrected,0.75,0.943450700990436,0.939946239203158,0.940568683565801
22,13,618,original,0.25,0.909904020192064,0.913540047110619,0.91314066077967
22,13,618,original,0.5,0.92321843585672,0.919829597463571,0.918750178452098
22,13,618,original,0.75,0.944298578661792,0.938758194356206,0.938512828684304
22,14,1069,corrected,0.25,0.671203998266008,0.701473564605697,0.683709388999737
22,14,1069,corrected,0.5,0.791068731118618,0.809558606905904,0.787964889611743
22,14,1069,corrected,0.75,0.915237713334645,0.916283503036524,0.904092676325411
22,14,1069,original,0.25,0.655386924082951,0.690120483254982,0.676378102026713
22,14,1069,original,0.5,0.778255429356922,0.799599630866464,0.775207052803072
22,14,1069,original,0.75,0.912340592933148,0.91264350494964,0.897542360795348
22,15,709,corrected,0.25,0.850073006707873,0.852288403898759,0.854669709494925
22,15,709,corrected,0.5,0.903519606000671,0.901456711650233,0.904379454277347
22,15,709,corrected,0.75,0.952741508026182,0.951769130672697,0.953087902036833
22,15,709,original,0.25,0.84284020178058,0.84758209825796,0.843760861582229
22,15,709,original,0.5,0.901483930166253,0.897427766685109,0.896865782946459
22,15,709,original,0.75,0.951985952354586,0.949546004283925,0.949476775778718
22,16,417,corrected,0.25,0.859814945945495,0.870070754712096,0.857573712358701
22,16,417,corrected,0.5,0.911790727961625,0.918828914818508,0.906494793283634
22,16,417,corrected,0.75,0.967924070545032,0.970682103642291,0.965284237702578
22,16,417,original,0.25,0.848622374483786,0.858595419078114,0.844499170637732
22,16,417,original,0.5,0.908935620863365,0.915173317871152,0.897618795292521
22,16,417,original,0.75,0.967738389970799,0.970089285818482,0.961396073981184
22,17,615,corrected,0.25,0.935211531614633,0.930084996208854,0.930459945739208
22,17,615,corrected,0.5,0.955354574934833,0.947783179530397,0.942446942257939
22,17,615,corrected,0.75,0.980046375918379,0.976624962415954,0.971562440418071
22,17,615,original,0.25,0.921758950924177,0.917496583960975,0.918332413355949
22,17,615,original,0.5,0.950752161319356,0.941533735745365,0.934221654738034
22,17,615,original,0.75,0.97946482285842,0.975045147471974,0.967062093276888
22,18,507,corrected,0.25,0.868313921271632,0.878931792539649,0.870773484443401
22,18,507,corrected,0.5,0.902713264032043,0.909572426281137,0.897753971876957
22,18,507,corrected,0.75,0.953249733636717,0.955733251778937,0.947150099023549
22,18,507,original,0.25,0.8515141510311,0.86700152507688,0.85099818994385
22,18,507,original,0.5,0.89783908890852,0.904890904082103,0.883064705592477
22,18,507,original,0.75,0.952649656697525,0.954073695616599,0.938271519428405
22,19,829,corrected,0.25,0.701487250965966,0.721513734594579,0.711518810069419
22,19,829,corrected,0.5,0.743193425093136,0.759429446507592,0.747422457844477
22,19,829,corrected,0.75,0.807902628973731,0.815018553021217,0.806499144954923
22,19,829,original,0.25,0.672755473629542,0.691657991362732,0.682715681929853
22,19,829,original,0.5,0.727697997682242,0.741818566506469,0.729666653938981
22,19,829,original,0.75,0.804851636695842,0.810446013654369,0.801741841845458
22,20,769,corrected,0.25,0.855836454465663,0.86264202520061,0.848733356282178
22,20,769,corrected,0.5,0.903378310707868,0.905676030285697,0.890255097980523
22,20,769,corrected,0.75,0.946811375628162,0.946729419716281,0.93834202588994
22,20,769,original,0.25,0.834398039697327,0.847700682894794,0.833940413224339
22,20,769,original,0.5,0.895169799341806,0.898566230573127,0.88582847982433
22,20,769,original,0.75,0.945295214646439,0.944401656760926,0.937372021348477
22,21,571,corrected,0.25,0.848734100714687,0.843549257571609,0.838769383752926
22,21,571,corrected,0.5,0.878310548199957,0.871518897172469,0.857510436792218
22,21,571,corrected,0.75,0.918346626868824,0.916589892188178,0.898329719809068
22,21,571,original,0.25,0.824498193984784,0.818151528023071,0.805291973415774
22,21,571,original,0.5,0.8668309884197,0.85458122872393,0.833078393711135
22,21,571,original,0.75,0.916286934859485,0.908998036306582,0.885017126492436
22,22,875,corrected,0.25,0.5980153541487,0.608395039957314,0.611247336525127
22,22,875,corrected,0.5,0.636306588394449,0.644382208917163,0.639183576375178
22,22,875,corrected,0.75,0.68346188506359,0.693243118804517,0.67000120524834
22,22,875,original,0.25,0.56063146317033,0.58026326181673,0.585766900727115
22,22,875,original,0.5,0.618985762356071,0.629867350446919,0.631504090602013
22,22,875,original,0.75,0.680680094983473,0.690182128412409,0.667285972407224
22,23,712,corrected,0.25,0.665462845628936,0.67153172460271,0.670900917499532
22,23,712,corrected,0.5,0.671354404337071,0.681985439931938,0.673478917001
22,23,712,corrected,0.75,0.717477622939332,0.727018580695627,0.717975529518169
22,23,712,original,0.25,0.650614436608161,0.653657763580348,0.656794627438359
22,23,712,original,0.5,0.664007391927729,0.672061246848375,0.663726979226869
22,23,712,original,0.75,0.714370124552924,0.723231809448948,0.712348893684106
22,24,552,corrected,0.25,0.850770040640783,0.860480269010922,0.852392232710563
22,24,552,corrected,0.5,0.885856027730257,0.889912496554569,0.877447504388386
22,24,552,corrected,0.75,0.927843565717243,0.926848446041964,0.914603779704773
22,24,552,original,0.25,0.838277790710394,0.855292341508582,0.836269679034582
22,24,552,original,0.5,0.881388257194835,0.888195598986486,0.867630689124391
22,24,552,original,0.75,0.927379221434861,0.925718504642457,0.912408046155808
