chr,block_id,m,w_eur,perm,delta,r2
22,1,255,0.75,1,0.001,0.698567772320239
22,1,255,0.75,1,0.01,0.724219076906033
22,1,255,0.75,1,0.1,0.735215528491182
22,1,255,0.5,1,0.001,0.641305580167494
22,1,255,0.5,1,0.01,0.677028401188985
22,1,255,0.5,1,0.1,0.653960875239517
22,1,255,0.25,1,0.001,0.59441656201527
22,1,255,0.25,1,0.01,0.60898946402605
22,1,255,0.25,1,0.1,0.581425155560261
22,1,255,0.75,2,0.001,0.723793395152355
22,1,255,0.75,2,0.01,0.733910609930558
22,1,255,0.75,2,0.1,0.744383168645032
22,1,255,0.5,2,0.001,0.67722341642586
22,1,255,0.5,2,0.01,0.67710444676171
22,1,255,0.5,2,0.1,0.658886184277933
22,1,255,0.25,2,0.001,0.609007079282212
22,1,255,0.25,2,0.01,0.614197383849152
22,1,255,0.25,2,0.1,0.584386500626846
22,1,255,0.75,3,0.001,0.646770545439957
22,1,255,0.75,3,0.01,0.678483429370476
22,1,255,0.75,3,0.1,0.720244036815287
22,1,255,0.5,3,0.001,0.606344382807934
22,1,255,0.5,3,0.01,0.626978528110263
22,1,255,0.5,3,0.1,0.646318524397327
22,1,255,0.25,3,0.001,0.612110476035096
22,1,255,0.25,3,0.01,0.601824336318811
22,1,255,0.25,3,0.1,0.582159690035145
22,1,255,0.75,4,0.001,0.707235613191237
22,1,255,0.75,4,0.01,0.714658227599147
22,1,255,0.75,4,0.1,0.726178397660739
22,1,255,0.5,4,0.001,0.678248921516926
22,1,255,0.5,4,0.01,0.673531048279901
22,1,255,0.5,4,0.1,0.657175416748756
22,1,255,0.25,4,0.001,0.626645846194751
22,1,255,0.25,4,0.01,0.615901495511981
22,1,255,0.25,4,0.1,0.593340001034628
22,1,255,0.75,5,0.001,0.680668091275889
22,1,255,0.75,5,0.01,0.699346351893277
22,1,255,0.75,5,0.1,0.714707086214692
22,1,255,0.5,5,0.001,0.637916124967512
22,1,255,0.5,5,0.01,0.649650690821226
22,1,255,0.5,5,0.1,0.634217958943746
22,1,255,0.25,5,0.001,0.619525051883073
22,1,255,0.25,5,0.01,0.606968314112011
22,1,255,0.25,5,0.1,0.576289177711467
22,1,255,0.75,6,0.001,0.730918780860574
22,1,255,0.75,6,0.01,0.736060090768153
22,1,255,0.75,6,0.1,0.746070251613324
22,1,255,0.5,6,0.001,0.675833015666543
22,1,255,0.5,6,0.01,0.686257762201851
22,1,255,0.5,6,0.1,0.662808740221564
22,1,255,0.25,6,0.001,0.610703769055966
22,1,255,0.25,6,0.01,0.627808732006528
22,1,255,0.25,6,0.1,0.59062968617334
22,1,255,0.75,7,0.001,0.709698770035461
22,1,255,0.75,7,0.01,0.723627477228287
22,1,255,0.75,7,0.1,0.731560907021499
22,1,255,0.5,7,0.001,0.658276902273503
22,1,255,0.5,7,0.01,0.680256390546817
22,1,255,0.5,7,0.1,0.653715313076674
22,1,255,0.25,7,0.001,0.611727559706901
22,1,255,0.25,7,0.01,0.625027964791837
22,1,255,0.25,7,0.1,0.589201406351082
22,1,255,0.75,8,0.001,0.680873484450642
22,1,255,0.75,8,0.01,0.717895625115809
22,1,255,0.75,8,0.1,0.722673368293181
22,1,255,0.5,8,0.001,0.632068593225671
22,1,255,0.5,8,0.01,0.661006412115325
22,1,255,0.5,8,0.1,0.64168147491475
22,1,255,0.25,8,0.001,0.605572061745973
22,1,255,0.25,8,0.01,0.605466572376843
22,1,255,0.25,8,0.1,0.57687690497927
22,2,310,0.75,1,0.001,0.746119030830089
22,2,310,0.75,1,0.01,0.762570768239392
22,2,310,0.75,1,0.1,0.800786659923278
22,2,310,0.5,1,0.001,0.521583671790646
22,2,310,0.5,1,0.01,0.583689849622706
22,2,310,0.5,1,0.1,0.631270043432508
22,2,310,0.25,1,0.001,0.457476488916498
22,2,310,0.25,1,0.01,0.531393325490295
22,2,310,0.25,1,0.1,0.562050449179551
22,2,310,0.75,2,0.001,0.731456835710155
22,2,310,0.75,2,0.01,0.750892745487509
22,2,310,0.75,2,0.1,0.793132318997477
22,2,310,0.5,2,0.001,0.527725512219905
22,2,310,0.5,2,0.01,0.572468902492895
22,2,310,0.5,2,0.1,0.640922206138124
22,2,310,0.25,2,0.001,0.429050564005976
22,2,310,0.25,2,0.01,0.495860164264616
22,2,310,0.25,2,0.1,0.564405234579852
22,2,310,0.75,3,0.001,0.674638243122119
22,2,310,0.75,3,0.01,0.741511110717846
22,2,310,0.75,3,0.1,0.773314689309588
22,2,310,0.5,3,0.001,0.529383498479454
22,2,310,0.5,3,0.01,0.56186915059176
22,2,310,0.5,3,0.1,0.601473809143395
22,2,310,0.25,3,0.001,0.441663923260565
22,2,310,0.25,3,0.01,0.486547208579093
22,2,310,0.25,3,0.1,0.525869120937446
22,2,310,0.75,4,0.001,0.688049782311762
22,2,310,0.75,4,0.01,0.75413655153649
22,2,310,0.75,4,0.1,0.796483784357985
22,2,310,0.5,4,0.001,0.551500251862441
22,2,310,0.5,4,0.01,0.577865015559351
22,2,310,0.5,4,0.1,0.629933646156185
22,2,310,0.25,4,0.001,0.501929739285014
22,2,310,0.25,4,0.01,0.51050235474144
22,2,310,0.25,4,0.1,0.547206273789135
22,2,310,0.75,5,0.001,0.608048317089787
22,2,310,0.75,5,0.01,0.717762198398634
22,2,310,0.75,5,0.1,0.778625186323313
22,2,310,0.5,5,0.001,0.400838452075007
22,2,310,0.5,5,0.01,0.48977318512595
22,2,310,0.5,5,0.1,0.589831538017753
22,2,310,0.25,5,0.001,0.309116104553748
22,2,310,0.25,5,0.01,0.407495501722817
22,2,310,0.25,5,0.1,0.499660895418414
22,2,310,0.75,6,0.001,0.783463452017024
22,2,310,0.75,6,0.01,0.795765345784153
22,2,310,0.75,6,0.1,0.809885160549469
22,2,310,0.5,6,0.001,0.650031875347684
22,2,310,0.5,6,0.01,0.661718928148932
22,2,310,0.5,6,0.1,0.668533293104653
22,2,310,0.25,6,0.001,0.559802037839645
22,2,310,0.25,6,0.01,0.57376346110909
22,2,310,0.25,6,0.1,0.584343336144074
22,2,310,0.75,7,0.001,0.677187469395547
22,2,310,0.75,7,0.01,0.702798073893321
22,2,310,0.75,7,0.1,0.753556505571119
22,2,310,0.5,7,0.001,0.489298912720065
22,2,310,0.5,7,0.01,0.517303613519348
22,2,310,0.5,7,0.1,0.57696674512995
22,2,310,0.25,7,0.001,0.416734136394267
22,2,310,0.25,7,0.01,0.453643788019233
22,2,310,0.25,7,0.1,0.510948925989124
22,2,310,0.75,8,0.001,0.747161242087932
22,2,310,0.75,8,0.01,0.758252621321043
22,2,310,0.75,8,0.1,0.781514723484686
22,2,310,0.5,8,0.001,0.590578997131174
22,2,310,0.5,8,0.01,0.601380290506835
22,2,310,0.5,8,0.1,0.633508101035429
22,2,310,0.25,8,0.001,0.484403740554771
22,2,310,0.25,8,0.01,0.513189246706676
22,2,310,0.25,8,0.1,0.558657701426592
22,3,715,0.75,1,0.001,0.816126097353991
22,3,715,0.75,1,0.01,0.920636360008011
22,3,715,0.75,1,0.1,0.908892799783131
22,3,715,0.5,1,0.001,0.717913685068707
22,3,715,0.5,1,0.01,0.851192929489245
22,3,715,0.5,1,0.1,0.84490218161389
22,3,715,0.25,1,0.001,0.620701702339742
22,3,715,0.25,1,0.01,0.766034076851504
22,3,715,0.25,1,0.1,0.809030260036772
22,3,715,0.75,2,0.001,0.781581370877374
22,3,715,0.75,2,0.01,0.876366006968565
22,3,715,0.75,2,0.1,0.884245199825755
22,3,715,0.5,2,0.001,0.669114179728413
22,3,715,0.5,2,0.01,0.798139847819191
22,3,715,0.5,2,0.1,0.81259327406511
22,3,715,0.25,2,0.001,0.600763892158814
22,3,715,0.25,2,0.01,0.729413044819004
22,3,715,0.25,2,0.1,0.781163493765897
22,3,715,0.75,3,0.001,0.803962400154494
22,3,715,0.75,3,0.01,0.922669041059545
22,3,715,0.75,3,0.1,0.920607903519629
22,3,715,0.5,3,0.001,0.696214689871478
22,3,715,0.5,3,0.01,0.827149785592885
22,3,715,0.5,3,0.1,0.848331548199721
22,3,715,0.25,3,0.001,0.606754423757176
22,3,715,0.25,3,0.01,0.733023951550656
22,3,715,0.25,3,0.1,0.803785974973506
22,3,715,0.75,4,0.001,0.80890279112902
22,3,715,0.75,4,0.01,0.910567110220831
22,3,715,0.75,4,0.1,0.901348256464136
22,3,715,0.5,4,0.001,0.679401848716885
22,3,715,0.5,4,0.01,0.828375731158077
22,3,715,0.5,4,0.1,0.833868655258827
22,3,715,0.25,4,0.001,0.624088192513535
22,3,715,0.25,4,0.01,0.752087855820257
22,3,715,0.25,4,0.1,0.796819192764569
22,3,715,0.75,5,0.001,0.782603746545826
22,3,715,0.75,5,0.01,0.898843442008501
22,3,715,0.75,5,0.1,0.907415063900995
22,3,715,0.5,5,0.001,0.706220011748274
22,3,715,0.5,5,0.01,0.8259185021793
22,3,715,0.5,5,0.1,0.835042571338051
22,3,715,0.25,5,0.001,0.626618628344162
22,3,715,0.25,5,0.01,0.762512810781544
22,3,715,0.25,5,0.1,0.798289944720403
22,3,715,0.75,6,0.001,0.729914539669242
22,3,715,0.75,6,0.01,0.896003245757604
22,3,715,0.75,6,0.1,0.901756656785756
22,3,715,0.5,6,0.001,0.610004301066766
22,3,715,0.5,6,0.01,0.831232108446671
22,3,715,0.5,6,0.1,0.846290864968242
22,3,715,0.25,6,0.001,0.578957240179622
22,3,715,0.25,6,0.01,0.748080027392926
22,3,715,0.25,6,0.1,0.812401381942884
22,3,715,0.75,7,0.001,0.7482707837864
22,3,715,0.75,7,0.01,0.889575605361096
22,3,715,0.75,7,0.1,0.896278153893094
22,3,715,0.5,7,0.001,0.63644495067232
22,3,715,0.5,7,0.01,0.800628205418671
22,3,715,0.5,7,0.1,0.830189383360688
22,3,715,0.25,7,0.001,0.605161123092453
22,3,715,0.25,7,0.01,0.720521976943113
22,3,715,0.25,7,0.1,0.798166456310708
22,3,715,0.75,8,0.001,0.746246454635468
22,3,715,0.75,8,0.01,0.872089161224152
22,3,715,0.75,8,0.1,0.903101052491149
22,3,715,0.5,8,0.001,0.683175277160952
22,3,715,0.5,8,0.01,0.80731276003732
22,3,715,0.5,8,0.1,0.83335671819679
22,3,715,0.25,8,0.001,0.641302703586115
22,3,715,0.25,8,0.01,0.745703257315755
22,3,715,0.25,8,0.1,0.792427562143297
22,4,809,0.75,1,0.001,0.913183982126303
22,4,809,0.75,1,0.01,0.955382376130141
22,4,809,0.75,1,0.1,0.955127908196824
22,4,809,0.5,1,0.001,0.842372343001422
22,4,809,0.5,1,0.01,0.907379535326058
22,4,809,0.5,1,0.1,0.921364670181347
22,4,809,0.25,1,0.001,0.8163267898795
22,4,809,0.25,1,0.01,0.863012718776412
22,4,809,0.25,1,0.1,0.891195909191662
22,4,809,0.75,2,0.001,0.913037841900878
22,4,809,0.75,2,0.01,0.948572813445369
22,4,809,0.75,2,0.1,0.948711160277785
22,4,809,0.5,2,0.001,0.820259295091068
22,4,809,0.5,2,0.01,0.898550135675693
22,4,809,0.5,2,0.1,0.909725966284097
22,4,809,0.25,2,0.001,0.811231421761537
22,4,809,0.25,2,0.01,0.865367346889816
22,4,809,0.25,2,0.1,0.886415244667297
22,4,809,0.75,3,0.001,0.909721182733696
22,4,809,0.75,3,0.01,0.947576112784952
22,4,809,0.75,3,0.1,0.94780562563251
22,4,809,0.5,3,0.001,0.826072587855589
22,4,809,0.5,3,0.01,0.890946501818138
22,4,809,0.5,3,0.1,0.906774557893132
22,4,809,0.25,3,0.001,0.789381325328826
22,4,809,0.25,3,0.01,0.844320585682127
22,4,809,0.25,3,0.1,0.877906051540597
22,4,809,0.75,4,0.001,0.91765446957515
22,4,809,0.75,4,0.01,0.954761592320591
22,4,809,0.75,4,0.1,0.956002973857087
22,4,809,0.5,4,0.001,0.817348155656588
22,4,809,0.5,4,0.01,0.902851854220225
22,4,809,0.5,4,0.1,0.92039598716428
22,4,809,0.25,4,0.001,0.793534361405838
22,4,809,0.25,4,0.01,0.861613341134178
22,4,809,0.25,4,0.1,0.88990718995038
22,4,809,0.75,5,0.001,0.912569238974378
22,4,809,0.75,5,0.01,0.953359912939275
22,4,809,0.75,5,0.1,0.953709055540717
22,4,809,0.5,5,0.001,0.81366631533404
22,4,809,0.5,5,0.01,0.899121667266444
22,4,809,0.5,5,0.1,0.916191686934581
22,4,809,0.25,5,0.001,0.779631377470631
22,4,809,0.25,5,0.01,0.853703521030194
22,4,809,0.25,5,0.1,0.885056923453574
22,4,809,0.75,6,0.001,0.916509596181305
22,4,809,0.75,6,0.01,0.951306355065062
22,4,809,0.75,6,0.1,0.951829979357478
22,4,809,0.5,6,0.001,0.84422633634776
22,4,809,0.5,6,0.01,0.900292441083017
22,4,809,0.5,6,0.1,0.916234648746841
22,4,809,0.25,6,0.001,0.798231870267481
22,4,809,0.25,6,0.01,0.853038973920346
22,4,809,0.25,6,0.1,0.886837718511344
22,4,809,0.75,7,0.001,0.908860521325541
22,4,809,0.75,7,0.01,0.952257032273613
22,4,809,0.75,7,0.1,0.95366987496739
22,4,809,0.5,7,0.001,0.842362450474847
22,4,809,0.5,7,0.01,0.903310916756694
22,4,809,0.5,7,0.1,0.917264990506468
22,4,809,0.25,7,0.001,0.814374814085231
22,4,809,0.25,7,0.01,0.859148242720405
22,4,809,0.25,7,0.1,0.886054156338252
22,4,809,0.75,8,0.001,0.932404467672726
22,4,809,0.75,8,0.01,0.959692478846327
22,4,809,0.75,8,0.1,0.957254987464519
22,4,809,0.5,8,0.001,0.8567227401635
22,4,809,0.5,8,0.01,0.913038312291782
22,4,809,0.5,8,0.1,0.923529084604146
22,4,809,0.25,8,0.001,0.822089470293204
22,4,809,0.25,8,0.01,0.864512000499387
22,4,809,0.25,8,0.1,0.89141014441342
22,5,417,0.75,1,0.001,0.421383258819856
22,5,417,0.75,1,0.01,0.526129153207456
22,5,417,0.75,1,0.1,0.586960108683549
22,5,417,0.5,1,0.001,0.476240732862078
22,5,417,0.5,1,0.01,0.566205878933223
22,5,417,0.5,1,0.1,0.59817675510482
22,5,417,0.25,1,0.001,0.486465402555546
22,5,417,0.25,1,0.01,0.585778630389362
22,5,417,0.25,1,0.1,0.615099761902816
22,5,417,0.75,2,0.001,0.407596762715513
22,5,417,0.75,2,0.01,0.522523990288157
22,5,417,0.75,2,0.1,0.592464833812299
22,5,417,0.5,2,0.001,0.432957560509462
22,5,417,0.5,2,0.01,0.548355216929
22,5,417,0.5,2,0.1,0.600928418090069
22,5,417,0.25,2,0.001,0.450995190702564
22,5,417,0.25,2,0.01,0.55997940512376
22,5,417,0.25,2,0.1,0.616452143219931
22,5,417,0.75,3,0.001,0.413179600788397
22,5,417,0.75,3,0.01,0.483652220407215
22,5,417,0.75,3,0.1,0.561987273136221
22,5,417,0.5,3,0.001,0.46277758646888
22,5,417,0.5,3,0.01,0.521622237703008
22,5,417,0.5,3,0.1,0.577772499748054
22,5,417,0.25,3,0.001,0.4974084550113
22,5,417,0.25,3,0.01,0.559679173966864
22,5,417,0.25,3,0.1,0.605754626770255
22,5,417,0.75,4,0.001,0.364584038317565
22,5,417,0.75,4,0.01,0.447473450099838
22,5,417,0.75,4,0.1,0.537470538628437
22,5,417,0.5,4,0.001,0.40202173882242
22,5,417,0.5,4,0.01,0.485332358671691
22,5,417,0.5,4,0.1,0.562932543160676
22,5,417,0.25,4,0.001,0.434076291669658
22,5,417,0.25,4,0.01,0.523260215584283
22,5,417,0.25,4,0.1,0.597110908347323
22,5,417,0.75,5,0.001,0.364257534557283
22,5,417,0.75,5,0.01,0.478895832379973
22,5,417,0.75,5,0.1,0.569583798207834
22,5,417,0.5,5,0.001,0.450154557800809
22,5,417,0.5,5,0.01,0.530836350478734
22,5,417,0.5,5,0.1,0.594668730329898
22,5,417,0.25,5,0.001,0.49792481818556
22,5,417,0.25,5,0.01,0.568112739990335
22,5,417,0.25,5,0.1,0.618677551119803
22,5,417,0.75,6,0.001,0.451842578282695
22,5,417,0.75,6,0.01,0.553691530838567
22,5,417,0.75,6,0.1,0.617833668393584
22,5,417,0.5,6,0.001,0.47246963161924
22,5,417,0.5,6,0.01,0.579869904066419
22,5,417,0.5,6,0.1,0.626311163387655
22,5,417,0.25,6,0.001,0.490102313289285
22,5,417,0.25,6,0.01,0.583291974195391
22,5,417,0.25,6,0.1,0.628095103480536
22,5,417,0.75,7,0.001,0.395223193254391
22,5,417,0.75,7,0.01,0.490427159824541
22,5,417,0.75,7,0.1,0.583794436867093
22,5,417,0.5,7,0.001,0.408044585795707
22,5,417,0.5,7,0.01,0.500979172242464
22,5,417,0.5,7,0.1,0.582112908993817
22,5,417,0.25,7,0.001,0.426250821955913
22,5,417,0.25,7,0.01,0.527350205918113
22,5,417,0.25,7,0.1,0.600787034251054
22,5,417,0.75,8,0.001,0.443298847707623
22,5,417,0.75,8,0.01,0.526038341700099
22,5,417,0.75,8,0.1,0.599015037584051
22,5,417,0.5,8,0.001,0.507424749249288
22,5,417,0.5,8,0.01,0.575890440904931
22,5,417,0.5,8,0.1,0.608638615529904
22,5,417,0.25,8,0.001,0.527657099296492
22,5,417,0.25,8,0.01,0.598217821920109
22,5,417,0.25,8,0.1,0.620703426627272
22,6,480,0.75,1,0.001,0.83971699887259
22,6,480,0.75,1,0.01,0.867190001745596
22,6,480,0.75,1,0.1,0.872056740763793
22,6,480,0.5,1,0.001,0.687202266731416
22,6,480,0.5,1,0.01,0.756735621817262
22,6,480,0.5,1,0.1,0.775200248127705
22,6,480,0.25,1,0.001,0.598962833635946
22,6,480,0.25,1,0.01,0.725158194677072
22,6,480,0.25,1,0.1,0.751162115439703
22,6,480,0.75,2,0.001,0.778035883534055
22,6,480,0.75,2,0.01,0.855428656466066
22,6,480,0.75,2,0.1,0.874946305324761
22,6,480,0.5,2,0.001,0.656856904951352
22,6,480,0.5,2,0.01,0.744245849658907
22,6,480,0.5,2,0.1,0.780714613771857
22,6,480,0.25,2,0.001,0.614195513750449
22,6,480,0.25,2,0.01,0.714514106431758
22,6,480,0.25,2,0.1,0.761406965831658
22,6,480,0.75,3,0.001,0.835323646660516
22,6,480,0.75,3,0.01,0.87210810679962
22,6,480,0.75,3,0.1,0.876554072734465
22,6,480,0.5,3,0.001,0.726368769581328
22,6,480,0.5,3,0.01,0.789473636642924
22,6,480,0.5,3,0.1,0.787497036009653
22,6,480,0.25,3,0.001,0.66086748355595
22,6,480,0.25,3,0.01,0.763933266408506
22,6,480,0.25,3,0.1,0.767220895910988
22,6,480,0.75,4,0.001,0.910026543760981
22,6,480,0.75,4,0.01,0.928566580520565
22,6,480,0.75,4,0.1,0.902621299450176
22,6,480,0.5,4,0.001,0.801375945141194
22,6,480,0.5,4,0.01,0.859157869996715
22,6,480,0.5,4,0.1,0.835723102044013
22,6,480,0.25,4,0.001,0.709237029285694
22,6,480,0.25,4,0.01,0.800399665181926
22,6,480,0.25,4,0.1,0.805528746850063
22,6,480,0.75,5,0.001,0.855919713685051
22,6,480,0.75,5,0.01,0.869025233238401
22,6,480,0.75,5,0.1,0.874701109612177
22,6,480,0.5,5,0.001,0.738884149309243
22,6,480,0.5,5,0.01,0.767809009777454
22,6,480,0.5,5,0.1,0.775002225587227
22,6,480,0.25,5,0.001,0.673576843876971
22,6,480,0.25,5,0.01,0.737980498706353
22,6,480,0.25,5,0.1,0.747146709746414
22,6,480,0.75,6,0.001,0.805793678790428
22,6,480,0.75,6,0.01,0.854095491932653
22,6,480,0.75,6,0.1,0.860827466113217
22,6,480,0.5,6,0.001,0.677808175152106
22,6,480,0.5,6,0.01,0.754973692095651
22,6,480,0.5,6,0.1,0.766353631902019
22,6,480,0.25,6,0.001,0.644957947139238
22,6,480,0.25,6,0.01,0.738770520994135
22,6,480,0.25,6,0.1,0.755027298643176
22,6,480,0.75,7,0.001,0.859311540452449
22,6,480,0.75,7,0.01,0.877876781795732
22,6,480,0.75,7,0.1,0.875975738068414
22,6,480,0.5,7,0.001,0.737066614645047
22,6,480,0.5,7,0.01,0.794008025746059
22,6,480,0.5,7,0.1,0.790471080289145
22,6,480,0.25,7,0.001,0.667303652107192
22,6,480,0.25,7,0.01,0.7706200087873
22,6,480,0.25,7,0.1,0.770533061316347
22,6,480,0.75,8,0.001,0.821123855322101
22,6,480,0.75,8,0.01,0.852292005783812
22,6,480,0.75,8,0.1,0.881765159667378
22,6,480,0.5,8,0.001,0.686966215873636
22,6,480,0.5,8,0.01,0.741959277552015
22,6,480,0.5,8,0.1,0.779833106041219
22,6,480,0.25,8,0.001,0.614477012087792
22,6,480,0.25,8,0.01,0.715176125843208
22,6,480,0.25,8,0.1,0.744754809734803
22,7,948,0.75,1,0.001,0.55470293893786
22,7,948,0.75,1,0.01,0.745569332288882
22,7,948,0.75,1,0.1,0.780637403998942
22,7,948,0.5,1,0.001,0.471352804828117
22,7,948,0.5,1,0.01,0.617783672086521
22,7,948,0.5,1,0.1,0.659836450169365
22,7,948,0.25,1,0.001,0.437738614060268
22,7,948,0.25,1,0.01,0.582564922592812
22,7,948,0.25,1,0.1,0.638104128551132
22,7,948,0.75,2,0.001,0.582966672767947
22,7,948,0.75,2,0.01,0.753115899383005
22,7,948,0.75,2,0.1,0.798246927065371
22,7,948,0.5,2,0.001,0.457480985827122
22,7,948,0.5,2,0.01,0.627873360821511
22,7,948,0.5,2,0.1,0.686327816212307
22,7,948,0.25,2,0.001,0.40882553289051
22,7,948,0.25,2,0.01,0.580304629634011
22,7,948,0.25,2,0.1,0.648927435746354
22,7,948,0.75,3,0.001,0.641906834118155
22,7,948,0.75,3,0.01,0.805010745612972
22,7,948,0.75,3,0.1,0.814000770196182
22,7,948,0.5,3,0.001,0.520686550438909
22,7,948,0.5,3,0.01,0.694632555713543
22,7,948,0.5,3,0.1,0.715404959736481
22,7,948,0.25,3,0.001,0.432275858973706
22,7,948,0.25,3,0.01,0.626269141546602
22,7,948,0.25,3,0.1,0.680494303827709
22,7,948,0.75,4,0.001,0.655546478150725
22,7,948,0.75,4,0.01,0.767712066823529
22,7,948,0.75,4,0.1,0.788098538302479
22,7,948,0.5,4,0.001,0.55921620489451
22,7,948,0.5,4,0.01,0.65860481105694
22,7,948,0.5,4,0.1,0.678945608351692
22,7,948,0.25,4,0.001,0.488049947667418
22,7,948,0.25,4,0.01,0.605833145869692
22,7,948,0.25,4,0.1,0.647247470443425
22,7,948,0.75,5,0.001,0.629156297798463
22,7,948,0.75,5,0.01,0.751432202581067
22,7,948,0.75,5,0.1,0.775592322454489
22,7,948,0.5,5,0.001,0.533401713139573
22,7,948,0.5,5,0.01,0.636762901606444
22,7,948,0.5,5,0.1,0.668823573215448
22,7,948,0.25,5,0.001,0.481831794965783
22,7,948,0.25,5,0.01,0.599772306257123
22,7,948,0.25,5,0.1,0.651987377266845
22,7,948,0.75,6,0.001,0.550756746168197
22,7,948,0.75,6,0.01,0.733662981897626
22,7,948,0.75,6,0.1,0.780242352009933
22,7,948,0.5,6,0.001,0.486282883277395
22,7,948,0.5,6,0.01,0.636763369811578
22,7,948,0.5,6,0.1,0.669888547215707
22,7,948,0.25,6,0.001,0.456450739980947
22,7,948,0.25,6,0.01,0.604105445767299
22,7,948,0.25,6,0.1,0.647287849943252
22,7,948,0.75,7,0.001,0.581338093975062
22,7,948,0.75,7,0.01,0.774838184503349
22,7,948,0.75,7,0.1,0.809567921174172
22,7,948,0.5,7,0.001,0.505208274981998
22,7,948,0.5,7,0.01,0.669724041887867
22,7,948,0.5,7,0.1,0.70503412357518
22,7,948,0.25,7,0.001,0.483927790186663
22,7,948,0.25,7,0.01,0.628935010278398
22,7,948,0.25,7,0.1,0.675417467207899
22,7,948,0.75,8,0.001,0.600468623916044
22,7,948,0.75,8,0.01,0.787663273057703
22,7,948,0.75,8,0.1,0.817114884460842
22,7,948,0.5,8,0.001,0.509872904533532
22,7,948,0.5,8,0.01,0.680233630819054
22,7,948,0.5,8,0.1,0.71214291681103
22,7,948,0.25,8,0.001,0.466698601192685
22,7,948,0.25,8,0.01,0.63380055794438
22,7,948,0.25,8,0.1,0.679711355309914
22,8,863,0.75,1,0.001,0.661080952484796
22,8,863,0.75,1,0.01,0.820928293082002
22,8,863,0.75,1,0.1,0.845589604538496
22,8,863,0.5,1,0.001,0.574798431087104
22,8,863,0.5,1,0.01,0.790139754264917
22,8,863,0.5,1,0.1,0.830843149464977
22,8,863,0.25,1,0.001,0.548460895335773
22,8,863,0.25,1,0.01,0.785126679654648
22,8,863,0.25,1,0.1,0.821778083271843
22,8,863,0.75,2,0.001,0.669561353601022
22,8,863,0.75,2,0.01,0.813520188607644
22,8,863,0.75,2,0.1,0.83454174894221
22,8,863,0.5,2,0.001,0.596459786741302
22,8,863,0.5,2,0.01,0.790897171518332
22,8,863,0.5,2,0.1,0.821914516260502
22,8,863,0.25,2,0.001,0.567311503623276
22,8,863,0.25,2,0.01,0.793453077133731
22,8,863,0.25,2,0.1,0.814072888208259
22,8,863,0.75,3,0.001,0.664832987534415
22,8,863,0.75,3,0.01,0.805980457588361
22,8,863,0.75,3,0.1,0.833270489403621
22,8,863,0.5,3,0.001,0.58254542236856
22,8,863,0.5,3,0.01,0.788825974736336
22,8,863,0.5,3,0.1,0.821587753395262
22,8,863,0.25,3,0.001,0.548336607526976
22,8,863,0.25,3,0.01,0.783601122855841
22,8,863,0.25,3,0.1,0.812909586171958
22,8,863,0.75,4,0.001,0.601286764746552
22,8,863,0.75,4,0.01,0.794051883499878
22,8,863,0.75,4,0.1,0.831025738956953
22,8,863,0.5,4,0.001,0.517140904522173
22,8,863,0.5,4,0.01,0.784828818852817
22,8,863,0.5,4,0.1,0.826760270759371
22,8,863,0.25,4,0.001,0.514420963475493
22,8,863,0.25,4,0.01,0.789629223033043
22,8,863,0.25,4,0.1,0.819266658693148
22,8,863,0.75,5,0.001,0.592340864974032
22,8,863,0.75,5,0.01,0.794320886688756
22,8,863,0.75,5,0.1,0.843749881925354
22,8,863,0.5,5,0.001,0.50152258519074
22,8,863,0.5,5,0.01,0.759509290143173
22,8,863,0.5,5,0.1,0.82112808036492
22,8,863,0.25,5,0.001,0.498544742680288
22,8,863,0.25,5,0.01,0.758739099772299
22,8,863,0.25,5,0.1,0.806785968908001
22,8,863,0.75,6,0.001,0.658392917318785
22,8,863,0.75,6,0.01,0.806308052716062
22,8,863,0.75,6,0.1,0.83625473467588
22,8,863,0.5,6,0.001,0.554339934033338
22,8,863,0.5,6,0.01,0.772928638356224
22,8,863,0.5,6,0.1,0.819871200931001
22,8,863,0.25,6,0.001,0.532056817835176
22,8,863,0.25,6,0.01,0.774556101959761
22,8,863,0.25,6,0.1,0.811395237729798
22,8,863,0.75,7,0.001,0.665210925477105
22,8,863,0.75,7,0.01,0.815751186507533
22,8,863,0.75,7,0.1,0.832174598546786
22,8,863,0.5,7,0.001,0.565667333487233
22,8,863,0.5,7,0.01,0.797445975301483
22,8,863,0.5,7,0.1,0.82537773926419
22,8,863,0.25,7,0.001,0.531571275769205
22,8,863,0.25,7,0.01,0.791204843211721
22,8,863,0.25,7,0.1,0.819479060092478
22,8,863,0.75,8,0.001,0.640911823862254
22,8,863,0.75,8,0.01,0.803669515664369
22,8,863,0.75,8,0.1,0.835799212962946
22,8,863,0.5,8,0.001,0.563007734707413
22,8,863,0.5,8,0.01,0.760918465491188
22,8,863,0.5,8,0.1,0.809176741325044
22,8,863,0.25,8,0.001,0.536992121703849
22,8,863,0.25,8,0.01,0.760886605712657
22,8,863,0.25,8,0.1,0.800014962906935
22,9,733,0.75,1,0.001,0.872809577883653
22,9,733,0.75,1,0.01,0.912726794754442
22,9,733,0.75,1,0.1,0.916094483629719
22,9,733,0.5,1,0.001,0.774048555862522
22,9,733,0.5,1,0.01,0.865225489516942
22,9,733,0.5,1,0.1,0.880909416872738
22,9,733,0.25,1,0.001,0.646788330183989
22,9,733,0.25,1,0.01,0.801620524462074
22,9,733,0.25,1,0.1,0.852291980366271
22,9,733,0.75,2,0.001,0.824688396616507
22,9,733,0.75,2,0.01,0.928524436646973
22,9,733,0.75,2,0.1,0.937332236899299
22,9,733,0.5,2,0.001,0.747581675371715
22,9,733,0.5,2,0.01,0.896564401966801
22,9,733,0.5,2,0.1,0.915829941428233
22,9,733,0.25,2,0.001,0.620935224756927
22,9,733,0.25,2,0.01,0.820213000017882
22,9,733,0.25,2,0.1,0.878745610624122
22,9,733,0.75,3,0.001,0.876580937272471
22,9,733,0.75,3,0.01,0.929011156018641
22,9,733,0.75,3,0.1,0.934675975232402
22,9,733,0.5,3,0.001,0.749139330246309
22,9,733,0.5,3,0.01,0.874915214527738
22,9,733,0.5,3,0.1,0.905687413730844
22,9,733,0.25,3,0.001,0.589415845483481
22,9,733,0.25,3,0.01,0.790071749593917
22,9,733,0.25,3,0.1,0.863851362325731
22,9,733,0.75,4,0.001,0.828646688709954
22,9,733,0.75,4,0.01,0.910239563915531
22,9,733,0.75,4,0.1,0.928136934960362
22,9,733,0.5,4,0.001,0.707576627876239
22,9,733,0.5,4,0.01,0.860056777751159
22,9,733,0.5,4,0.1,0.895339450724567
22,9,733,0.25,4,0.001,0.596875055017632
22,9,733,0.25,4,0.01,0.799232203624996
22,9,733,0.25,4,0.1,0.861357465732157
22,9,733,0.75,5,0.001,0.878575788219774
22,9,733,0.75,5,0.01,0.916756070596205
22,9,733,0.75,5,0.1,0.916297512556329
22,9,733,0.5,5,0.001,0.747298937971893
22,9,733,0.5,5,0.01,0.858197188144353
22,9,733,0.5,5,0.1,0.877561476007268
22,9,733,0.25,5,0.001,0.625034834083231
22,9,733,0.25,5,0.01,0.796142664328343
22,9,733,0.25,5,0.1,0.850726297144081
22,9,733,0.75,6,0.001,0.850448203892417
22,9,733,0.75,6,0.01,0.914771297154585
22,9,733,0.75,6,0.1,0.926232592889711
22,9,733,0.5,6,0.001,0.757329467631353
22,9,733,0.5,6,0.01,0.867261395410595
22,9,733,0.5,6,0.1,0.896971643164094
22,9,733,0.25,6,0.001,0.623378324271412
22,9,733,0.25,6,0.01,0.795198173505652
22,9,733,0.25,6,0.1,0.862362329881223
22,9,733,0.75,7,0.001,0.902967100298916
22,9,733,0.75,7,0.01,0.921368590497874
22,9,733,0.75,7,0.1,0.917520650499706
22,9,733,0.5,7,0.001,0.778726529740396
22,9,733,0.5,7,0.01,0.86281761218885
22,9,733,0.5,7,0.1,0.885129431807428
22,9,733,0.25,7,0.001,0.626349430935806
22,9,733,0.25,7,0.01,0.790095135475165
22,9,733,0.25,7,0.1,0.854483233924955
22,9,733,0.75,8,0.001,0.766896497833993
22,9,733,0.75,8,0.01,0.911546622362644
22,9,733,0.75,8,0.1,0.937208930039194
22,9,733,0.5,8,0.001,0.66639065870285
22,9,733,0.5,8,0.01,0.86506124569195
22,9,733,0.5,8,0.1,0.910749773750845
22,9,733,0.25,8,0.001,0.580417912856007
22,9,733,0.25,8,0.01,0.798773866995283
22,9,733,0.25,8,0.1,0.870080540452989
22,10,689,0.75,1,0.001,0.962567998051659
22,10,689,0.75,1,0.01,0.976822137342548
22,10,689,0.75,1,0.1,0.978117057502294
22,10,689,0.5,1,0.001,0.917062668935743
22,10,689,0.5,1,0.01,0.940547392154484
22,10,689,0.5,1,0.1,0.950549800460977
22,10,689,0.25,1,0.001,0.86701774194322
22,10,689,0.25,1,0.01,0.907842667687761
22,10,689,0.25,1,0.1,0.923916723095246
22,10,689,0.75,2,0.001,0.955005658818728
22,10,689,0.75,2,0.01,0.977518450927282
22,10,689,0.75,2,0.1,0.979808562491094
22,10,689,0.5,2,0.001,0.900580489434964
22,10,689,0.5,2,0.01,0.944129372160298
22,10,689,0.5,2,0.1,0.954224817721876
22,10,689,0.25,2,0.001,0.850930040662726
22,10,689,0.25,2,0.01,0.91356516865795
22,10,689,0.25,2,0.1,0.92845147409427
22,10,689,0.75,3,0.001,0.968661822703701
22,10,689,0.75,3,0.01,0.97898131555162
22,10,689,0.75,3,0.1,0.980391161792084
22,10,689,0.5,3,0.001,0.924084168542874
22,10,689,0.5,3,0.01,0.943911454740472
22,10,689,0.5,3,0.1,0.952741804564906
22,10,689,0.25,3,0.001,0.864828751554311
22,10,689,0.25,3,0.01,0.91073508349689
22,10,689,0.25,3,0.1,0.923792853762127
22,10,689,0.75,4,0.001,0.955284796625036
22,10,689,0.75,4,0.01,0.977872619953275
22,10,689,0.75,4,0.1,0.979934748455064
22,10,689,0.5,4,0.001,0.918454587962382
22,10,689,0.5,4,0.01,0.952216107728286
22,10,689,0.5,4,0.1,0.956912436379936
22,10,689,0.25,4,0.001,0.87759336353546
22,10,689,0.25,4,0.01,0.924975705040233
22,10,689,0.25,4,0.1,0.928954159300258
22,10,689,0.75,5,0.001,0.959060272834483
22,10,689,0.75,5,0.01,0.978427346994376
22,10,689,0.75,5,0.1,0.980074631922202
22,10,689,0.5,5,0.001,0.91589054342963
22,10,689,0.5,5,0.01,0.944480662310457
22,10,689,0.5,5,0.1,0.955001907510956
22,10,689,0.25,5,0.001,0.871544584804174
22,10,689,0.25,5,0.01,0.913990699351376
22,10,689,0.25,5,0.1,0.930616068065164
22,10,689,0.75,6,0.001,0.956038612009912
22,10,689,0.75,6,0.01,0.976993336394007
22,10,689,0.75,6,0.1,0.978744495221543
22,10,689,0.5,6,0.001,0.903041939873441
22,10,689,0.5,6,0.01,0.944124571113948
22,10,689,0.5,6,0.1,0.953317437176992
22,10,689,0.25,6,0.001,0.851201563989832
22,10,689,0.25,6,0.01,0.907690622794926
22,10,689,0.25,6,0.1,0.925202386377628
22,10,689,0.75,7,0.001,0.956841113324242
22,10,689,0.75,7,0.01,0.982082720076731
22,10,689,0.75,7,0.1,0.982701811649824
22,10,689,0.5,7,0.001,0.919535070620555
22,10,689,0.5,7,0.01,0.959771817844581
22,10,689,0.5,7,0.1,0.961494714661542
22,10,689,0.25,7,0.001,0.890526302119268
22,10,689,0.25,7,0.01,0.933088163805638
22,10,689,0.25,7,0.1,0.935328453458742
22,10,689,0.75,8,0.001,0.95981492531212
22,10,689,0.75,8,0.01,0.976922933834395
22,10,689,0.75,8,0.1,0.978599900892819
22,10,689,0.5,8,0.001,0.916901039271795
22,10,689,0.5,8,0.01,0.937101560472099
22,10,689,0.5,8,0.1,0.945540082294076
22,10,689,0.25,8,0.001,0.865400599868479
22,10,689,0.25,8,0.01,0.901175921908556
22,10,689,0.25,8,0.1,0.9150261009457
22,11,437,0.75,1,0.001,0.877424502571803
22,11,437,0.75,1,0.01,0.89817794245121
22,11,437,0.75,1,0.1,0.881141660105572
22,11,437,0.5,1,0.001,0.899283608539547
22,11,437,0.5,1,0.01,0.918865731506961
22,11,437,0.5,1,0.1,0.895262997771616
22,11,437,0.25,1,0.001,0.911030379662654
22,11,437,0.25,1,0.01,0.932242591871131
22,11,437,0.25,1,0.1,0.909514449299819
22,11,437,0.75,2,0.001,0.867041540251099
22,11,437,0.75,2,0.01,0.864778970819603
22,11,437,0.75,2,0.1,0.861790231246752
22,11,437,0.5,2,0.001,0.880929530324693
22,11,437,0.5,2,0.01,0.882556475801562
22,11,437,0.5,2,0.1,0.872799175265963
22,11,437,0.25,2,0.001,0.909903560383261
22,11,437,0.25,2,0.01,0.910650559354709
22,11,437,0.25,2,0.1,0.893793551993031
22,11,437,0.75,3,0.001,0.903022581628215
22,11,437,0.75,3,0.01,0.898583798367137
22,11,437,0.75,3,0.1,0.876540413487359
22,11,437,0.5,3,0.001,0.895513293531046
22,11,437,0.5,3,0.01,0.905387695863242
22,11,437,0.5,3,0.1,0.880913241264821
22,11,437,0.25,3,0.001,0.907368251985903
22,11,437,0.25,3,0.01,0.912132079269627
22,11,437,0.25,3,0.1,0.894905233428315
22,11,437,0.75,4,0.001,0.875522219136639
22,11,437,0.75,4,0.01,0.895807521832003
22,11,437,0.75,4,0.1,0.879225770618577
22,11,437,0.5,4,0.001,0.898272458335878
22,11,437,0.5,4,0.01,0.898048047380401
22,11,437,0.5,4,0.1,0.877361537591353
22,11,437,0.25,4,0.001,0.938098690731836
22,11,437,0.25,4,0.01,0.918477613117927
22,11,437,0.25,4,0.1,0.891589647249773
22,11,437,0.75,5,0.001,0.884175613674542
22,11,437,0.75,5,0.01,0.877475473876092
22,11,437,0.75,5,0.1,0.872047412788159
22,11,437,0.5,5,0.001,0.888656127078996
22,11,437,0.5,5,0.01,0.89374559654859
22,11,437,0.5,5,0.1,0.870572791639789
22,11,437,0.25,5,0.001,0.915479480959451
22,11,437,0.25,5,0.01,0.92021842727016
22,11,437,0.25,5,0.1,0.893250060511208
22,11,437,0.75,6,0.001,0.857728461434753
22,11,437,0.75,6,0.01,0.88317368795512
22,11,437,0.75,6,0.1,0.881674777821901
22,11,437,0.5,6,0.001,0.915832441674409
22,11,437,0.5,6,0.01,0.907414131575012
22,11,437,0.5,6,0.1,0.888681254977693
22,11,437,0.25,6,0.001,0.9273944735839
22,11,437,0.25,6,0.01,0.924473941423125
22,11,437,0.25,6,0.1,0.902532769223291
22,11,437,0.75,7,0.001,0.925216455110246
22,11,437,0.75,7,0.01,0.917510979109343
22,11,437,0.75,7,0.1,0.899244392686956
22,11,437,0.5,7,0.001,0.932197534388556
22,11,437,0.5,7,0.01,0.919655722599554
22,11,437,0.5,7,0.1,0.891440365538733
22,11,437,0.25,7,0.001,0.932957054415614
22,11,437,0.25,7,0.01,0.925209580156829
22,11,437,0.25,7,0.1,0.894943909939433
22,11,437,0.75,8,0.001,0.892759952068894
22,11,437,0.75,8,0.01,0.901617816111301
22,11,437,0.75,8,0.1,0.896500653934309
22,11,437,0.5,8,0.001,0.906056885910184
22,11,437,0.5,8,0.01,0.906618271386362
22,11,437,0.5,8,0.1,0.891254241303114
22,11,437,0.25,8,0.001,0.8931492462396
22,11,437,0.25,8,0.01,0.903109578054331
22,11,437,0.25,8,0.1,0.893414397406325
22,12,1159,0.75,1,0.001,0.849596946458692
22,12,1159,0.75,1,0.01,0.907043266549721
22,12,1159,0.75,1,0.1,0.917066630521447
22,12,1159,0.5,1,0.001,0.708023703496256
22,12,1159,0.5,1,0.01,0.812994249414138
22,12,1159,0.5,1,0.1,0.850001947766034
22,12,1159,0.25,1,0.001,0.613831112791552
22,12,1159,0.25,1,0.01,0.749576073444782
22,12,1159,0.25,1,0.1,0.808445351699295
22,12,1159,0.75,2,0.001,0.863586526216543
22,12,1159,0.75,2,0.01,0.916801424456277
22,12,1159,0.75,2,0.1,0.925639194511616
22,12,1159,0.5,2,0.001,0.714621885121434
22,12,1159,0.5,2,0.01,0.831611507018985
22,12,1159,0.5,2,0.1,0.860374567842631
22,12,1159,0.25,2,0.001,0.63450894277478
22,12,1159,0.25,2,0.01,0.768810542392086
22,12,1159,0.25,2,0.1,0.813277018265222
22,12,1159,0.75,3,0.001,0.866659081408266
22,12,1159,0.75,3,0.01,0.90376790231852
22,12,1159,0.75,3,0.1,0.91982179072543
22,12,1159,0.5,3,0.001,0.715476113516048
22,12,1159,0.5,3,0.01,0.791289431887689
22,12,1159,0.5,3,0.1,0.85202416113658
22,12,1159,0.25,3,0.001,0.62285199028309
22,12,1159,0.25,3,0.01,0.736109235390198
22,12,1159,0.25,3,0.1,0.816108074583659
22,12,1159,0.75,4,0.001,0.838327333202886
22,12,1159,0.75,4,0.01,0.886580486182327
22,12,1159,0.75,4,0.1,0.905181066555796
22,12,1159,0.5,4,0.001,0.690928268584534
22,12,1159,0.5,4,0.01,0.80607818790515
22,12,1159,0.5,4,0.1,0.836918902916761
22,12,1159,0.25,4,0.001,0.618064873873048
22,12,1159,0.25,4,0.01,0.765291378716015
22,12,1159,0.25,4,0.1,0.807610141300134
22,12,1159,0.75,5,0.001,0.8387356706184
22,12,1159,0.75,5,0.01,0.907484988963995
22,12,1159,0.75,5,0.1,0.921497276072338
22,12,1159,0.5,5,0.001,0.671753682065581
22,12,1159,0.5,5,0.01,0.79802098743473
22,12,1159,0.5,5,0.1,0.853026334862727
22,12,1159,0.25,5,0.001,0.57857254862195
22,12,1159,0.25,5,0.01,0.729300183976426
22,12,1159,0.25,5,0.1,0.809759729345193
22,12,1159,0.75,6,0.001,0.851480206197631
22,12,1159,0.75,6,0.01,0.906388195652319
22,12,1159,0.75,6,0.1,0.9200202385105
22,12,1159,0.5,6,0.001,0.711695629790395
22,12,1159,0.5,6,0.01,0.811776544293788
22,12,1159,0.5,6,0.1,0.856083225300287
22,12,1159,0.25,6,0.001,0.628811379850416
22,12,1159,0.25,6,0.01,0.753672897201959
22,12,1159,0.25,6,0.1,0.817151262111383
22,12,1159,0.75,7,0.001,0.853972469352102
22,12,1159,0.75,7,0.01,0.901155524853769
22,12,1159,0.75,7,0.1,0.905666585433041
22,12,1159,0.5,7,0.001,0.701273462951622
22,12,1159,0.5,7,0.01,0.800182135908414
22,12,1159,0.5,7,0.1,0.838030009459057
22,12,1159,0.25,7,0.001,0.610704686031739
22,12,1159,0.25,7,0.01,0.742317457696577
22,12,1159,0.25,7,0.1,0.801754711330929
22,12,1159,0.75,8,0.001,0.863974091270232
22,12,1159,0.75,8,0.01,0.910609935716422
22,12,1159,0.75,8,0.1,0.920581625409393
22,12,1159,0.5,8,0.001,0.718468513656927
22,12,1159,0.5,8,0.01,0.820054294154113
22,12,1159,0.5,8,0.1,0.852723480750688
22,12,1159,0.25,8,0.001,0.63355992648446
22,12,1159,0.25,8,0.01,0.755742793122469
22,12,1159,0.25,8,0.1,0.810650399995129
22,13,618,0.75,1,0.001,0.881337269233461
22,13,618,0.75,1,0.01,0.908170265771418
22,13,618,0.75,1,0.1,0.911439386321727
22,13,618,0.5,1,0.001,0.813246305702175
22,13,618,0.5,1,0.01,0.857596072199299
22,13,618,0.5,1,0.1,0.859798720723762
22,13,618,0.25,1,0.001,0.803355451830371
22,13,618,0.25,1,0.01,0.851901056542074
22,13,618,0.25,1,0.1,0.84586148947209
22,13,618,0.75,2,0.001,0.850634512483255
22,13,618,0.75,2,0.01,0.879613509685569
22,13,618,0.75,2,0.1,0.893520045491233
22,13,618,0.5,2,0.001,0.771728133849816
22,13,618,0.5,2,0.01,0.817862122522262
22,13,618,0.5,2,0.1,0.8374666240916
22,13,618,0.25,2,0.001,0.75614189319572
22,13,618,0.25,2,0.01,0.808570889561661
22,13,618,0.25,2,0.1,0.826815257338903
22,13,618,0.75,3,0.001,0.881217105441053
22,13,618,0.75,3,0.01,0.901319550178964
22,13,618,0.75,3,0.1,0.909401176747563
22,13,618,0.5,3,0.001,0.812960693277879
22,13,618,0.5,3,0.01,0.843054031608645
22,13,618,0.5,3,0.1,0.855896995592982
22,13,618,0.25,3,0.001,0.774247829133636
22,13,618,0.25,3,0.01,0.823798899916462
22,13,618,0.25,3,0.1,0.83739785465521
22,13,618,0.75,4,0.001,0.909282724416734
22,13,618,0.75,4,0.01,0.915948166422174
22,13,618,0.75,4,0.1,0.912288362099474
22,13,618,0.5,4,0.001,0.833852305362326
22,13,618,0.5,4,0.01,0.850577778593279
22,13,618,0.5,4,0.1,0.85385562699752
22,13,618,0.25,4,0.001,0.783327596338753
22,13,618,0.25,4,0.01,0.823579121902456
22,13,618,0.25,4,0.1,0.833367606759547
22,13,618,0.75,5,0.001,0.859460071396729
22,13,618,0.75,5,0.01,0.892651130850393
22,13,618,0.75,5,0.1,0.903076136955212
22,13,618,0.5,5,0.001,0.806165769066298
22,13,618,0.5,5,0.01,0.847117799526481
22,13,618,0.5,5,0.1,0.852581155931663
22,13,618,0.25,5,0.001,0.792594398974071
22,13,618,0.25,5,0.01,0.841853968795124
22,13,618,0.25,5,0.1,0.840169029404714
22,13,618,0.75,6,0.001,0.820418546182857
22,13,618,0.75,6,0.01,0.879045493900262
22,13,618,0.75,6,0.1,0.903568102308213
22,13,618,0.5,6,0.001,0.769001616251331
22,13,618,0.5,6,0.01,0.825971953580624
22,13,618,0.5,6,0.1,0.851290760055553
22,13,618,0.25,6,0.001,0.78957053210178
22,13,618,0.25,6,0.01,0.832026771953025
22,13,618,0.25,6,0.1,0.8425599690554
22,13,618,0.75,7,0.001,0.857289609411425
22,13,618,0.75,7,0.01,0.895494994059741
22,13,618,0.75,7,0.1,0.908166443431675
22,13,618,0.5,7,0.001,0.788532796987125
22,13,618,0.5,7,0.01,0.840514497329108
22,13,618,0.5,7,0.1,0.856747617507543
22,13,618,0.25,7,0.001,0.772229174171138
22,13,618,0.25,7,0.01,0.83170044066767
22,13,618,0.25,7,0.1,0.843658124121637
22,13,618,0.75,8,0.001,0.898616321554385
22,13,618,0.75,8,0.01,0.897781650558406
22,13,618,0.75,8,0.1,0.903001067522294
22,13,618,0.5,8,0.001,0.850819604959018
22,13,618,0.5,8,0.01,0.841593934351494
22,13,618,0.5,8,0.1,0.848276167706903
22,13,618,0.25,8,0.001,0.804672131978229
22,13,618,0.25,8,0.01,0.826668575847071
22,13,618,0.25,8,0.1,0.835026564702449
22,14,1069,0.75,1,0.001,0.780622947725773
22,14,1069,0.75,1,0.01,0.908982886824758
22,14,1069,0.75,1,0.1,0.942170643849508
22,14,1069,0.5,1,0.001,0.637347912047223
22,14,1069,0.5,1,0.01,0.806950561868056
22,14,1069,0.5,1,0.1,0.871180992801354
22,14,1069,0.25,1,0.001,0.449187826890668
22,14,1069,0.25,1,0.01,0.703619806886679
22,14,1069,0.25,1,0.1,0.79849582568604
22,14,1069,0.75,2,0.001,0.824646506042485
22,14,1069,0.75,2,0.01,0.916182037356387
22,14,1069,0.75,2,0.1,0.945475230684088
22,14,1069,0.5,2,0.001,0.622435526281884
22,14,1069,0.5,2,0.01,0.817923598428529
22,14,1069,0.5,2,0.1,0.88205207438054
22,14,1069,0.25,2,0.001,0.427831458232601
22,14,1069,0.25,2,0.01,0.722068869851311
22,14,1069,0.25,2,0.1,0.821726819439994
22,14,1069,0.75,3,0.001,0.752639230540647
22,14,1069,0.75,3,0.01,0.910661671423034
22,14,1069,0.75,3,0.1,0.944772873800161
22,14,1069,0.5,3,0.001,0.611892432784172
22,14,1069,0.5,3,0.01,0.808414999588728
22,14,1069,0.5,3,0.1,0.869795168642595
22,14,1069,0.25,3,0.001,0.444734535038674
22,14,1069,0.25,3,0.01,0.701656251491319
22,14,1069,0.25,3,0.1,0.797345368031619
22,14,1069,0.75,4,0.001,0.798293264134693
22,14,1069,0.75,4,0.01,0.917916549693981
22,14,1069,0.75,4,0.1,0.948366370031611
22,14,1069,0.5,4,0.001,0.64177407719089
22,14,1069,0.5,4,0.01,0.824847700451547
22,14,1069,0.5,4,0.1,0.878174255356657
22,14,1069,0.25,4,0.001,0.475977759418423
22,14,1069,0.25,4,0.01,0.727491728140568
22,14,1069,0.25,4,0.1,0.807484050771869
22,14,1069,0.75,5,0.001,0.75958030096617
22,14,1069,0.75,5,0.01,0.916294904050017
22,14,1069,0.75,5,0.1,0.94665807617925
22,14,1069,0.5,5,0.001,0.585203275558574
22,14,1069,0.5,5,0.01,0.817085188608577
22,14,1069,0.5,5,0.1,0.882108558579003
22,14,1069,0.25,5,0.001,0.445387738042569
22,14,1069,0.25,5,0.01,0.729760935496643
22,14,1069,0.25,5,0.1,0.821046271507232
22,14,1069,0.75,6,0.001,0.815828898028238
22,14,1069,0.75,6,0.01,0.913827179469785
22,14,1069,0.75,6,0.1,0.938912710293573
22,14,1069,0.5,6,0.001,0.674456899600687
22,14,1069,0.5,6,0.01,0.825666704539716
22,14,1069,0.5,6,0.1,0.866972298904983
22,14,1069,0.25,6,0.001,0.517258897231781
22,14,1069,0.25,6,0.01,0.742849847109372
22,14,1069,0.25,6,0.1,0.80789093556201
22,14,1069,0.75,7,0.001,0.815096718501754
22,14,1069,0.75,7,0.01,0.924834107066785
22,14,1069,0.75,7,0.1,0.943357650489884
22,14,1069,0.5,7,0.001,0.708281159392879
22,14,1069,0.5,7,0.01,0.853820269690601
22,14,1069,0.5,7,0.1,0.878420643688201
22,14,1069,0.25,7,0.001,0.515816390211834
22,14,1069,0.25,7,0.01,0.771165615213486
22,14,1069,0.25,7,0.1,0.820607307626941
22,14,1069,0.75,8,0.001,0.753134191455307
22,14,1069,0.75,8,0.01,0.905968379242275
22,14,1069,0.75,8,0.1,0.939797883450194
22,14,1069,0.5,8,0.001,0.573224500921527
22,14,1069,0.5,8,0.01,0.790993580849388
22,14,1069,0.5,8,0.1,0.864894631479081
22,14,1069,0.25,8,0.001,0.42423416517785
22,14,1069,0.25,8,0.01,0.691593872317281
22,14,1069,0.25,8,0.1,0.795772063759016
22,15,709,0.75,1,0.001,0.877864394590717
22,15,709,0.75,1,0.01,0.9537238793917
22,15,709,0.75,1,0.1,0.951796586927904
22,15,709,0.5,1,0.001,0.798534180928066
22,15,709,0.5,1,0.01,0.871144144384312
22,15,709,0.5,1,0.1,0.869362427495124
22,15,709,0.25,1,0.001,0.720933292176538
22,15,709,0.25,1,0.01,0.7840348337512
22,15,709,0.25,1,0.1,0.789398907557076
22,15,709,0.75,2,0.001,0.872840820904101
22,15,709,0.75,2,0.01,0.959382949340372
22,15,709,0.75,2,0.1,0.957297954983182
22,15,709,0.5,2,0.001,0.773398484742303
22,15,709,0.5,2,0.01,0.8796854138059
22,15,709,0.5,2,0.1,0.882693860681145
22,15,709,0.25,2,0.001,0.693537917742262
22,15,709,0.25,2,0.01,0.789264401231779
22,15,709,0.25,2,0.1,0.803628267678366
22,15,709,0.75,3,0.001,0.875996530913206
22,15,709,0.75,3,0.01,0.965981965851017
22,15,709,0.75,3,0.1,0.960056307357623
22,15,709,0.5,3,0.001,0.81183893405626
22,15,709,0.5,3,0.01,0.900252165669247
22,15,709,0.5,3,0.1,0.890263295634877
22,15,709,0.25,3,0.001,0.717528555974664
22,15,709,0.25,3,0.01,0.800480966569571
22,15,709,0.25,3,0.1,0.808882020822288
22,15,709,0.75,4,0.001,0.861733901273169
22,15,709,0.75,4,0.01,0.955319488382231
22,15,709,0.75,4,0.1,0.954716308811788
22,15,709,0.5,4,0.001,0.73055688972143
22,15,709,0.5,4,0.01,0.870860296548572
22,15,709,0.5,4,0.1,0.881037332542555
22,15,709,0.25,4,0.001,0.628627520643026
22,15,709,0.25,4,0.01,0.770390476742132
22,15,709,0.25,4,0.1,0.803070796239958
22,15,709,0.75,5,0.001,0.889153311091816
22,15,709,0.75,5,0.01,0.959049422983747
22,15,709,0.75,5,0.1,0.951833001738396
22,15,709,0.5,5,0.001,0.810218322110518
22,15,709,0.5,5,0.01,0.885129990269003
22,15,709,0.5,5,0.1,0.86801867879706
22,15,709,0.25,5,0.001,0.711687598488151
22,15,709,0.25,5,0.01,0.796034777547154
22,15,709,0.25,5,0.1,0.78831947473257
22,15,709,0.75,6,0.001,0.851886816939002
22,15,709,0.75,6,0.01,0.957585620426743
22,15,709,0.75,6,0.1,0.957860148450033
22,15,709,0.5,6,0.001,0.774168919281769
22,15,709,0.5,6,0.01,0.880872569071015
22,15,709,0.5,6,0.1,0.884784364357971
22,15,709,0.25,6,0.001,0.722192699794242
22,15,709,0.25,6,0.01,0.791572669694945
22,15,709,0.25,6,0.1,0.804084429442593
22,15,709,0.75,7,0.001,0.851158031764341
22,15,709,0.75,7,0.01,0.960015100303837
22,15,709,0.75,7,0.1,0.953127670225416
22,15,709,0.5,7,0.001,0.765030017662525
22,15,709,0.5,7,0.01,0.887507937919935
22,15,709,0.5,7,0.1,0.879645406653478
22,15,709,0.25,7,0.001,0.691355561319354
22,15,709,0.25,7,0.01,0.802786999444889
22,15,709,0.25,7,0.1,0.807569886046894
22,15,709,0.75,8,0.001,0.893193892058983
22,15,709,0.75,8,0.01,0.960950608273426
22,15,709,0.75,8,0.1,0.959366149531734
22,15,709,0.5,8,0.001,0.82303733203048
22,15,709,0.5,8,0.01,0.892230167623224
22,15,709,0.5,8,0.1,0.89141866502566
22,15,709,0.25,8,0.001,0.74548090109842
22,15,709,0.25,8,0.01,0.806520740986164
22,15,709,0.25,8,0.1,0.815520923878751
22,16,417,0.75,1,0.001,0.960427311436965
22,16,417,0.75,1,0.01,0.968400608291315
22,16,417,0.75,1,0.1,0.969205054158351
22,16,417,0.5,1,0.001,0.87613370484389
22,16,417,0.5,1,0.01,0.905701602024446
22,16,417,0.5,1,0.1,0.9086434312358
22,16,417,0.25,1,0.001,0.769154181566385
22,16,417,0.25,1,0.01,0.817610869659744
22,16,417,0.25,1,0.1,0.822582885612337
22,16,417,0.75,2,0.001,0.967313285007083
22,16,417,0.75,2,0.01,0.972844337952288
22,16,417,0.75,2,0.1,0.970276113883805
22,16,417,0.5,2,0.001,0.885705867582577
22,16,417,0.5,2,0.01,0.908095601993303
22,16,417,0.5,2,0.1,0.906832371209026
22,16,417,0.25,2,0.001,0.782501793653316
22,16,417,0.25,2,0.01,0.820296551973545
22,16,417,0.25,2,0.1,0.827203514965675
22,16,417,0.75,3,0.001,0.960692575578175
22,16,417,0.75,3,0.01,0.968180499340359
22,16,417,0.75,3,0.1,0.970766911767929
22,16,417,0.5,3,0.001,0.887120772340655
22,16,417,0.5,3,0.01,0.902250817955284
22,16,417,0.5,3,0.1,0.906756209972169
22,16,417,0.25,3,0.001,0.792523240418551
22,16,417,0.25,3,0.01,0.823630831453499
22,16,417,0.25,3,0.1,0.830503236295273
22,16,417,0.75,4,0.001,0.962858240044583
22,16,417,0.75,4,0.01,0.97031625636958
22,16,417,0.75,4,0.1,0.971041252241108
22,16,417,0.5,4,0.001,0.890194016126591
22,16,417,0.5,4,0.01,0.89762218528143
22,16,417,0.5,4,0.1,0.906069681985284
22,16,417,0.25,4,0.001,0.791239187819988
22,16,417,0.25,4,0.01,0.810241201044601
22,16,417,0.25,4,0.1,0.82370833320065
22,16,417,0.75,5,0.001,0.968455291639552
22,16,417,0.75,5,0.01,0.976308856113642
22,16,417,0.75,5,0.1,0.973658757389613
22,16,417,0.5,5,0.001,0.888193607169344
22,16,417,0.5,5,0.01,0.915360984091593
22,16,417,0.5,5,0.1,0.916078530485517
22,16,417,0.25,5,0.001,0.786732648625776
22,16,417,0.25,5,0.01,0.827785927377961
22,16,417,0.25,5,0.1,0.834376667189201
22,16,417,0.75,6,0.001,0.941852062741833
22,16,417,0.75,6,0.01,0.96114171079154
22,16,417,0.75,6,0.1,0.967008337982655
22,16,417,0.5,6,0.001,0.842913386505087
22,16,417,0.5,6,0.01,0.880115090875763
22,16,417,0.5,6,0.1,0.896094703439904
22,16,417,0.25,6,0.001,0.777251907338786
22,16,417,0.25,6,0.01,0.804172626007467
22,16,417,0.25,6,0.1,0.816437036694539
22,16,417,0.75,7,0.001,0.959924063621751
22,16,417,0.75,7,0.01,0.971772811824138
22,16,417,0.75,7,0.1,0.972316629224376
22,16,417,0.5,7,0.001,0.891194458172684
22,16,417,0.5,7,0.01,0.910589603729255
22,16,417,0.5,7,0.1,0.91447858201494
22,16,417,0.25,7,0.001,0.800494042010531
22,16,417,0.25,7,0.01,0.832565064145028
22,16,417,0.25,7,0.1,0.845442331306143
22,16,417,0.75,8,0.001,0.967389597686358
22,16,417,0.75,8,0.01,0.975586800300283
22,16,417,0.75,8,0.1,0.973954085904057
22,16,417,0.5,8,0.001,0.882213371520665
22,16,417,0.5,8,0.01,0.910116415756118
22,16,417,0.5,8,0.1,0.916153522667247
22,16,417,0.25,8,0.001,0.782043805958108
22,16,417,0.25,8,0.01,0.822706613451351
22,16,417,0.25,8,0.1,0.845479630136282
22,17,615,0.75,1,0.001,0.940294061597957
22,17,615,0.75,1,0.01,0.952630066444048
22,17,615,0.75,1,0.1,0.962441032904268
22,17,615,0.5,1,0.001,0.842196331768601
22,17,615,0.5,1,0.01,0.903074044897501
22,17,615,0.5,1,0.1,0.9333007392353
22,17,615,0.25,1,0.001,0.753371299585982
22,17,615,0.25,1,0.01,0.880324531629151
22,17,615,0.25,1,0.1,0.920605919738517
22,17,615,0.75,2,0.001,0.939619677445388
22,17,615,0.75,2,0.01,0.970246786744236
22,17,615,0.75,2,0.1,0.979014853781635
22,17,615,0.5,2,0.001,0.865232769449348
22,17,615,0.5,2,0.01,0.932600138317353
22,17,615,0.5,2,0.1,0.952722165085851
22,17,615,0.25,2,0.001,0.813494869647951
22,17,615,0.25,2,0.01,0.906548665038052
22,17,615,0.25,2,0.1,0.930555180554638
22,17,615,0.75,3,0.001,0.93126775943101
22,17,615,0.75,3,0.01,0.96728050192493
22,17,615,0.75,3,0.1,0.978995190941752
22,17,615,0.5,3,0.001,0.82237239385051
22,17,615,0.5,3,0.01,0.927762399992154
22,17,615,0.5,3,0.1,0.954791538266366
22,17,615,0.25,3,0.001,0.750762658408576
22,17,615,0.25,3,0.01,0.901001489129102
22,17,615,0.25,3,0.1,0.931941335478425
22,17,615,0.75,4,0.001,0.936580516045231
22,17,615,0.75,4,0.01,0.963907306810147
22,17,615,0.75,4,0.1,0.976735868010214
22,17,615,0.5,4,0.001,0.835624383082941
22,17,615,0.5,4,0.01,0.923192052472436
22,17,615,0.5,4,0.1,0.94845061698682
22,17,615,0.25,4,0.001,0.767338956565331
22,17,615,0.25,4,0.01,0.897736122028823
22,17,615,0.25,4,0.1,0.926640598342757
22,17,615,0.75,5,0.001,0.947249703406587
22,17,615,0.75,5,0.01,0.963962168487682
22,17,615,0.75,5,0.1,0.978822858928251
22,17,615,0.5,5,0.001,0.890427692990023
22,17,615,0.5,5,0.01,0.928035946019556
22,17,615,0.5,5,0.1,0.952924189650433
22,17,615,0.25,5,0.001,0.851404929875644
22,17,615,0.25,5,0.01,0.913475114289657
22,17,615,0.25,5,0.1,0.932982329686103
22,17,615,0.75,6,0.001,0.960884333633354
22,17,615,0.75,6,0.01,0.978168183825628
22,17,615,0.75,6,0.1,0.983373381750642
22,17,615,0.5,6,0.001,0.884603985893828
22,17,615,0.5,6,0.01,0.944972313373876
22,17,615,0.5,6,0.1,0.962771721988897
22,17,615,0.25,6,0.001,0.800614444011042
22,17,615,0.25,6,0.01,0.909184110927585
22,17,615,0.25,6,0.1,0.935569777245509
22,17,615,0.75,7,0.001,0.948433736255892
22,17,615,0.75,7,0.01,0.965169255376175
22,17,615,0.75,7,0.1,0.969411991394759
22,17,615,0.5,7,0.001,0.866321613933271
22,17,615,0.5,7,0.01,0.930047931071097
22,17,615,0.5,7,0.1,0.944605599909361
22,17,615,0.25,7,0.001,0.797797913701186
22,17,615,0.25,7,0.01,0.905239451851156
22,17,615,0.25,7,0.1,0.927188626041894
22,17,615,0.75,8,0.001,0.948912135269811
22,17,615,0.75,8,0.01,0.968112964963975
22,17,615,0.75,8,0.1,0.97900614818931
22,17,615,0.5,8,0.001,0.844424562370072
22,17,615,0.5,8,0.01,0.920181236067123
22,17,615,0.5,8,0.1,0.950813212676821
22,17,615,0.25,8,0.001,0.765103102939596
22,17,615,0.25,8,0.01,0.886395379296373
22,17,615,0.25,8,0.1,0.924158916712658
22,18,507,0.75,1,0.001,0.923076652128481
22,18,507,0.75,1,0.01,0.951436752937064
22,18,507,0.75,1,0.1,0.936342897603213
22,18,507,0.5,1,0.001,0.883116026204056
22,18,507,0.5,1,0.01,0.92505805749429
22,18,507,0.5,1,0.1,0.910143513667303
22,18,507,0.25,1,0.001,0.865747650181406
22,18,507,0.25,1,0.01,0.909107049092006
22,18,507,0.25,1,0.1,0.901146526525558
22,18,507,0.75,2,0.001,0.873417676628215
22,18,507,0.75,2,0.01,0.927090048487446
22,18,507,0.75,2,0.1,0.921934302574357
22,18,507,0.5,2,0.001,0.866367291924776
22,18,507,0.5,2,0.01,0.914153806562025
22,18,507,0.5,2,0.1,0.908569375592249
22,18,507,0.25,2,0.001,0.873819696462735
22,18,507,0.25,2,0.01,0.915060914502191
22,18,507,0.25,2,0.1,0.909450827462013
22,18,507,0.75,3,0.001,0.915037188175584
22,18,507,0.75,3,0.01,0.940607692504415
22,18,507,0.75,3,0.1,0.929059063883927
22,18,507,0.5,3,0.001,0.901009110262737
22,18,507,0.5,3,0.01,0.924513988313596
22,18,507,0.5,3,0.1,0.903077744985353
22,18,507,0.25,3,0.001,0.889987813378423
22,18,507,0.25,3,0.01,0.914785563668642
22,18,507,0.25,3,0.1,0.898200774116734
22,18,507,0.75,4,0.001,0.908047146467505
22,18,507,0.75,4,0.01,0.949105705220364
22,18,507,0.75,4,0.1,0.938158781138144
22,18,507,0.5,4,0.001,0.889820901619008
22,18,507,0.5,4,0.01,0.917355681327359
22,18,507,0.5,4,0.1,0.907058118976608
22,18,507,0.25,4,0.001,0.880807748404456
22,18,507,0.25,4,0.01,0.905728605784644
22,18,507,0.25,4,0.1,0.896412599654755
22,18,507,0.75,5,0.001,0.920280407769063
22,18,507,0.75,5,0.01,0.941571980893023
22,18,507,0.75,5,0.1,0.930416123965909
22,18,507,0.5,5,0.001,0.88205127237508
22,18,507,0.5,5,0.01,0.917661290141379
22,18,507,0.5,5,0.1,0.902792517443219
22,18,507,0.25,5,0.001,0.865921739767524
22,18,507,0.25,5,0.01,0.908036537527394
22,18,507,0.25,5,0.1,0.894274720970893
22,18,507,0.75,6,0.001,0.897295918852507
22,18,507,0.75,6,0.01,0.94428405634945
22,18,507,0.75,6,0.1,0.930608712932297
22,18,507,0.5,6,0.001,0.876725596449711
22,18,507,0.5,6,0.01,0.918703221449653
22,18,507,0.5,6,0.1,0.907664801867816
22,18,507,0.25,6,0.001,0.873403118365505
22,18,507,0.25,6,0.01,0.904704789697026
22,18,507,0.25,6,0.1,0.901541588552522
22,18,507,0.75,7,0.001,0.878817326513842
22,18,507,0.75,7,0.01,0.928591790112888
22,18,507,0.75,7,0.1,0.917850634540526
22,18,507,0.5,7,0.001,0.859660428353981
22,18,507,0.5,7,0.01,0.90161784402847
22,18,507,0.5,7,0.1,0.888011919574989
22,18,507,0.25,7,0.001,0.860657881703072
22,18,507,0.25,7,0.01,0.896290209827303
22,18,507,0.25,7,0.1,0.886469001894928
22,18,507,0.75,8,0.001,0.864037012125021
22,18,507,0.75,8,0.01,0.922530452386443
22,18,507,0.75,8,0.1,0.912003857713629
22,18,507,0.5,8,0.001,0.810246221487632
22,18,507,0.5,8,0.01,0.892034911089129
22,18,507,0.5,8,0.1,0.882518035157596
22,18,507,0.25,8,0.001,0.831297192502419
22,18,507,0.25,8,0.01,0.891182820899258
22,18,507,0.25,8,0.1,0.883703810576502
22,19,829,0.75,1,0.001,0.761261212313575
22,19,829,0.75,1,0.01,0.842491788753307
22,19,829,0.75,1,0.1,0.853756309084201
22,19,829,0.5,1,0.001,0.702201462243453
22,19,829,0.5,1,0.01,0.815684068811396
22,19,829,0.5,1,0.1,0.839165170563718
22,19,829,0.25,1,0.001,0.681345652105673
22,19,829,0.25,1,0.01,0.805212851693859
22,19,829,0.25,1,0.1,0.836411715696519
22,19,829,0.75,2,0.001,0.763630557886342
22,19,829,0.75,2,0.01,0.843192760904545
22,19,829,0.75,2,0.1,0.856388960386086
22,19,829,0.5,2,0.001,0.714437699884068
22,19,829,0.5,2,0.01,0.822102314149586
22,19,829,0.5,2,0.1,0.842628453696438
22,19,829,0.25,2,0.001,0.704344794690379
22,19,829,0.25,2,0.01,0.818788842132491
22,19,829,0.25,2,0.1,0.842725652971955
22,19,829,0.75,3,0.001,0.792157796910469
22,19,829,0.75,3,0.01,0.852358299391667
22,19,829,0.75,3,0.1,0.858754100764659
22,19,829,0.5,3,0.001,0.723143862496479
22,19,829,0.5,3,0.01,0.827221585410379
22,19,829,0.5,3,0.1,0.842805981269905
22,19,829,0.25,3,0.001,0.669892386235408
22,19,829,0.25,3,0.01,0.81131132634622
22,19,829,0.25,3,0.1,0.838639175014342
22,19,829,0.75,4,0.001,0.775874739862814
22,19,829,0.75,4,0.01,0.849644757716495
22,19,829,0.75,4,0.1,0.856546323431919
22,19,829,0.5,4,0.001,0.711481221184743
22,19,829,0.5,4,0.01,0.81694380894049
22,19,829,0.5,4,0.1,0.839755789297684
22,19,829,0.25,4,0.001,0.672598839647338
22,19,829,0.25,4,0.01,0.798620522196923
22,19,829,0.25,4,0.1,0.83474222219965
22,19,829,0.75,5,0.001,0.780182560644555
22,19,829,0.75,5,0.01,0.858298148405344
22,19,829,0.75,5,0.1,0.857398158573324
22,19,829,0.5,5,0.001,0.700132674418225
22,19,829,0.5,5,0.01,0.821257712143685
22,19,829,0.5,5,0.1,0.844985911393419
22,19,829,0.25,5,0.001,0.662965486185466
22,19,829,0.25,5,0.01,0.797853401568432
22,19,829,0.25,5,0.1,0.838783473210043
22,19,829,0.75,6,0.001,0.745281946926387
22,19,829,0.75,6,0.01,0.83028694533618
22,19,829,0.75,6,0.1,0.850515258783697
22,19,829,0.5,6,0.001,0.672014248621062
22,19,829,0.5,6,0.01,0.799168722928614
22,19,829,0.5,6,0.1,0.831945703897766
22,19,829,0.25,6,0.001,0.638829731859409
22,19,829,0.25,6,0.01,0.791617679210296
22,19,829,0.25,6,0.1,0.829968723086977
22,19,829,0.75,7,0.001,0.790529414457476
22,19,829,0.75,7,0.01,0.856216116362875
22,19,829,0.75,7,0.1,0.859128205750342
22,19,829,0.5,7,0.001,0.714517023001856
22,19,829,0.5,7,0.01,0.824918561040412
22,19,829,0.5,7,0.1,0.842687265335894
22,19,829,0.25,7,0.001,0.669872286676543
22,19,829,0.25,7,0.01,0.809728968921375
22,19,829,0.25,7,0.1,0.837933219012695
22,19,829,0.75,8,0.001,0.750721025521386
22,19,829,0.75,8,0.01,0.821063861149364
22,19,829,0.75,8,0.1,0.843020517984992
22,19,829,0.5,8,0.001,0.678183880718246
22,19,829,0.5,8,0.01,0.789276734565391
22,19,829,0.5,8,0.1,0.820054178865324
22,19,829,0.25,8,0.001,0.648663830003981
22,19,829,0.25,8,0.01,0.786151268352408
22,19,829,0.25,8,0.1,0.82157887961045
22,20,769,0.75,1,0.001,0.859571216371809
22,20,769,0.75,1,0.01,0.91235458238486
22,20,769,0.75,1,0.1,0.932334080446198
22,20,769,0.5,1,0.001,0.682130291156738
22,20,769,0.5,1,0.01,0.821822420100021
22,20,769,0.5,1,0.1,0.862343783850383
22,20,769,0.25,1,0.001,0.547716225060676
22,20,769,0.25,1,0.01,0.717347763389235
22,20,769,0.25,1,0.1,0.781203145808648
22,20,769,0.75,2,0.001,0.868206718971511
22,20,769,0.75,2,0.01,0.919554672475666
22,20,769,0.75,2,0.1,0.93897627188401
22,20,769,0.5,2,0.001,0.72419611113211
22,20,769,0.5,2,0.01,0.846025616998707
22,20,769,0.5,2,0.1,0.879700039179399
22,20,769,0.25,2,0.001,0.556204453714251
22,20,769,0.25,2,0.01,0.748310686339211
22,20,769,0.25,2,0.1,0.805279875875161
22,20,769,0.75,3,0.001,0.8625322394745
22,20,769,0.75,3,0.01,0.913882696697458
22,20,769,0.75,3,0.1,0.932361236148551
22,20,769,0.5,3,0.001,0.67237368538142
22,20,769,0.5,3,0.01,0.804974900000886
22,20,769,0.5,3,0.1,0.855319077811397
22,20,769,0.25,3,0.001,0.516587656555779
22,20,769,0.25,3,0.01,0.689376272149349
22,20,769,0.25,3,0.1,0.768673121937438
22,20,769,0.75,4,0.001,0.848116405794696
22,20,769,0.75,4,0.01,0.911801267383494
22,20,769,0.75,4,0.1,0.933566446888342
22,20,769,0.5,4,0.001,0.666726697295848
22,20,769,0.5,4,0.01,0.814487328170235
22,20,769,0.5,4,0.1,0.865765811724061
22,20,769,0.25,4,0.001,0.549841053052878
22,20,769,0.25,4,0.01,0.72497500867477
22,20,769,0.25,4,0.1,0.789682274638849
22,20,769,0.75,5,0.001,0.848224071717471
22,20,769,0.75,5,0.01,0.918823029781786
22,20,769,0.75,5,0.1,0.941762120211169
22,20,769,0.5,5,0.001,0.69438439721322
22,20,769,0.5,5,0.01,0.838692452622049
22,20,769,0.5,5,0.1,0.87835675299978
22,20,769,0.25,5,0.001,0.551430266506112
22,20,769,0.25,5,0.01,0.740794922252672
22,20,769,0.25,5,0.1,0.79856801454751
22,20,769,0.75,6,0.001,0.843800874153433
22,20,769,0.75,6,0.01,0.917571217896625
22,20,769,0.75,6,0.1,0.940558134009044
22,20,769,0.5,6,0.001,0.667203218844911
22,20,769,0.5,6,0.01,0.837794893468972
22,20,769,0.5,6,0.1,0.873060700866258
22,20,769,0.25,6,0.001,0.540150883876449
22,20,769,0.25,6,0.01,0.744427754114985
22,20,769,0.25,6,0.1,0.7881512974883
22,20,769,0.75,7,0.001,0.889646873375735
22,20,769,0.75,7,0.01,0.927271341831969
22,20,769,0.75,7,0.1,0.942265043656316
22,20,769,0.5,7,0.001,0.749065697569566
22,20,769,0.5,7,0.01,0.848377788626136
22,20,769,0.5,7,0.1,0.879924007692004
22,20,769,0.25,7,0.001,0.567101023264526
22,20,769,0.25,7,0.01,0.749634679096483
22,20,769,0.25,7,0.1,0.804414928747628
22,20,769,0.75,8,0.001,0.888759408966954
22,20,769,0.75,8,0.01,0.933068556894079
22,20,769,0.75,8,0.1,0.94584799036325
22,20,769,0.5,8,0.001,0.711807566613342
22,20,769,0.5,8,0.01,0.848151568332073
22,20,769,0.5,8,0.1,0.885742296072256
22,20,769,0.25,8,0.001,0.54424756588526
22,20,769,0.25,8,0.01,0.737653906084351
22,20,769,0.25,8,0.1,0.807450098884188
22,21,571,0.75,1,0.001,0.807411224165349
22,21,571,0.75,1,0.01,0.8572568058429
22,21,571,0.75,1,0.1,0.86573847293804
22,21,571,0.5,1,0.001,0.750165890306116
22,21,571,0.5,1,0.01,0.82542400399495
22,21,571,0.5,1,0.1,0.842818248707182
22,21,571,0.25,1,0.001,0.726816476567124
22,21,571,0.25,1,0.01,0.810599064245004
22,21,571,0.25,1,0.1,0.831438221077708
22,21,571,0.75,2,0.001,0.810368727153025
22,21,571,0.75,2,0.01,0.874849622049094
22,21,571,0.75,2,0.1,0.861038457988722
22,21,571,0.5,2,0.001,0.785630889135226
22,21,571,0.5,2,0.01,0.860730447102361
22,21,571,0.5,2,0.1,0.844040787574681
22,21,571,0.25,2,0.001,0.781494464363476
22,21,571,0.25,2,0.01,0.857361360880061
22,21,571,0.25,2,0.1,0.841286970656132
22,21,571,0.75,3,0.001,0.781570923442821
22,21,571,0.75,3,0.01,0.876073387864441
22,21,571,0.75,3,0.1,0.87580435953849
22,21,571,0.5,3,0.001,0.730941415396472
22,21,571,0.5,3,0.01,0.851137712944336
22,21,571,0.5,3,0.1,0.8571330442557
22,21,571,0.25,3,0.001,0.72274383907974
22,21,571,0.25,3,0.01,0.841726733668736
22,21,571,0.25,3,0.1,0.849066118651106
22,21,571,0.75,4,0.001,0.80611042325561
22,21,571,0.75,4,0.01,0.886300211214037
22,21,571,0.75,4,0.1,0.885066721599916
22,21,571,0.5,4,0.001,0.780759868563854
22,21,571,0.5,4,0.01,0.858008703795166
22,21,571,0.5,4,0.1,0.865139576169367
22,21,571,0.25,4,0.001,0.753474389752621
22,21,571,0.25,4,0.01,0.833460205256068
22,21,571,0.25,4,0.1,0.852098462831083
22,21,571,0.75,5,0.001,0.745346562271572
22,21,571,0.75,5,0.01,0.882282536325377
22,21,571,0.75,5,0.1,0.884914477758399
22,21,571,0.5,5,0.001,0.731508044522856
22,21,571,0.5,5,0.01,0.874544557893441
22,21,571,0.5,5,0.1,0.8741706128262
22,21,571,0.25,5,0.001,0.744725431084856
22,21,571,0.25,5,0.01,0.868413548731038
22,21,571,0.25,5,0.1,0.864300696774553
22,21,571,0.75,6,0.001,0.75692767164629
22,21,571,0.75,6,0.01,0.878109173788536
22,21,571,0.75,6,0.1,0.886636267109579
22,21,571,0.5,6,0.001,0.734094534133845
22,21,571,0.5,6,0.01,0.853181268625276
22,21,571,0.5,6,0.1,0.864248727486055
22,21,571,0.25,6,0.001,0.731006132861642
22,21,571,0.25,6,0.01,0.836608902129181
22,21,571,0.25,6,0.1,0.847219261983913
22,21,571,0.75,7,0.001,0.75823265274322
22,21,571,0.75,7,0.01,0.865470322084147
22,21,571,0.75,7,0.1,0.875182471120206
22,21,571,0.5,7,0.001,0.671789740972583
22,21,571,0.5,7,0.01,0.816094294392453
22,21,571,0.5,7,0.1,0.846291954524273
22,21,571,0.25,7,0.001,0.649135396954006
22,21,571,0.25,7,0.01,0.782809439902856
22,21,571,0.25,7,0.1,0.828346173841868
22,21,571,0.75,8,0.001,0.830713751864637
22,21,571,0.75,8,0.01,0.889042402338462
22,21,571,0.75,8,0.1,0.883871557526742
22,21,571,0.5,8,0.001,0.783370312547663
22,21,571,0.5,8,0.01,0.861010513820941
22,21,571,0.5,8,0.1,0.860936343769436
22,21,571,0.25,8,0.001,0.74749911346886
22,21,571,0.25,8,0.01,0.842571213910476
22,21,571,0.25,8,0.1,0.849694707381812
22,22,875,0.75,1,0.001,0.65886126668888
22,22,875,0.75,1,0.01,0.841268194560034
22,22,875,0.75,1,0.1,0.88445843752214
22,22,875,0.5,1,0.001,0.541101061564584
22,22,875,0.5,1,0.01,0.748858000527474
22,22,875,0.5,1,0.1,0.8130217611507
22,22,875,0.25,1,0.001,0.43741940201058
22,22,875,0.25,1,0.01,0.713800480072175
22,22,875,0.25,1,0.1,0.783593101849665
22,22,875,0.75,2,0.001,0.545625609161187
22,22,875,0.75,2,0.01,0.802476793342819
22,22,875,0.75,2,0.1,0.872545778222305
22,22,875,0.5,2,0.001,0.483926157318476
22,22,875,0.5,2,0.01,0.719762147472755
22,22,875,0.5,2,0.1,0.796009847764204
22,22,875,0.25,2,0.001,0.394234450598482
22,22,875,0.25,2,0.01,0.6918937577825
22,22,875,0.25,2,0.1,0.768893222378688
22,22,875,0.75,3,0.001,0.644598000372657
22,22,875,0.75,3,0.01,0.835323461985471
22,22,875,0.75,3,0.1,0.876673139920665
22,22,875,0.5,3,0.001,0.52729004256534
22,22,875,0.5,3,0.01,0.748691965702035
22,22,875,0.5,3,0.1,0.801116297071112
22,22,875,0.25,3,0.001,0.414085272306423
22,22,875,0.25,3,0.01,0.707554623917575
22,22,875,0.25,3,0.1,0.772900714664421
22,22,875,0.75,4,0.001,0.665209082467366
22,22,875,0.75,4,0.01,0.829688027304105
22,22,875,0.75,4,0.1,0.869814006902089
22,22,875,0.5,4,0.001,0.519446146803983
22,22,875,0.5,4,0.01,0.713441906227159
22,22,875,0.5,4,0.1,0.789173724441168
22,22,875,0.25,4,0.001,0.405754352033139
22,22,875,0.25,4,0.01,0.673542083847614
22,22,875,0.25,4,0.1,0.761826617122416
22,22,875,0.75,5,0.001,0.658897032471156
22,22,875,0.75,5,0.01,0.8380734068749
22,22,875,0.75,5,0.1,0.881629905099715
22,22,875,0.5,5,0.001,0.536371033277568
22,22,875,0.5,5,0.01,0.749634710097716
22,22,875,0.5,5,0.1,0.808946741827569
22,22,875,0.25,5,0.001,0.439128408230421
22,22,875,0.25,5,0.01,0.717711903170542
22,22,875,0.25,5,0.1,0.778466640865532
22,22,875,0.75,6,0.001,0.676452680134345
22,22,875,0.75,6,0.01,0.836758779087147
22,22,875,0.75,6,0.1,0.863928618599554
22,22,875,0.5,6,0.001,0.536268586279972
22,22,875,0.5,6,0.01,0.738106226322456
22,22,875,0.5,6,0.1,0.783555985275954
22,22,875,0.25,6,0.001,0.414677924286789
22,22,875,0.25,6,0.01,0.693018051572538
22,22,875,0.25,6,0.1,0.75212120621254
22,22,875,0.75,7,0.001,0.658674878373447
22,22,875,0.75,7,0.01,0.840102199729775
22,22,875,0.75,7,0.1,0.877913688853848
22,22,875,0.5,7,0.001,0.559094046751947
22,22,875,0.5,7,0.01,0.757872028160549
22,22,875,0.5,7,0.1,0.804209094838946
22,22,875,0.25,7,0.001,0.437920422634795
22,22,875,0.25,7,0.01,0.71690233710437
22,22,875,0.25,7,0.1,0.772397692239442
22,22,875,0.75,8,0.001,0.63556632138766
22,22,875,0.75,8,0.01,0.830090452589553
22,22,875,0.75,8,0.1,0.879957221006783
22,22,875,0.5,8,0.001,0.494389801479925
22,22,875,0.5,8,0.01,0.72200349283992
22,22,875,0.5,8,0.1,0.797038373694612
22,22,875,0.25,8,0.001,0.387344046289888
22,22,875,0.25,8,0.01,0.679750957668954
22,22,875,0.25,8,0.1,0.760639194403928
22,23,712,0.75,1,0.001,0.580837643247367
22,23,712,0.75,1,0.01,0.670904775094897
22,23,712,0.75,1,0.1,0.660056533647847
22,23,712,0.5,1,0.001,0.489717054945952
22,23,712,0.5,1,0.01,0.62343214986031
22,23,712,0.5,1,0.1,0.631671808365165
22,23,712,0.25,1,0.001,0.475522995829503
22,23,712,0.25,1,0.01,0.596361535587845
22,23,712,0.25,1,0.1,0.632231278208486
22,23,712,0.75,2,0.001,0.605324883353092
22,23,712,0.75,2,0.01,0.684808434029951
22,23,712,0.75,2,0.1,0.664670986042452
22,23,712,0.5,2,0.001,0.56921029429911
22,23,712,0.5,2,0.01,0.660432244313026
22,23,712,0.5,2,0.1,0.645439366564604
22,23,712,0.25,2,0.001,0.54060896273369
22,23,712,0.25,2,0.01,0.63182793351531
22,23,712,0.25,2,0.1,0.648161570063452
22,23,712,0.75,3,0.001,0.59658695780236
22,23,712,0.75,3,0.01,0.66448573050904
22,23,712,0.75,3,0.1,0.648555548648902
22,23,712,0.5,3,0.001,0.550636623101921
22,23,712,0.5,3,0.01,0.637738902958767
22,23,712,0.5,3,0.1,0.637839922872727
22,23,712,0.25,3,0.001,0.522044663729797
22,23,712,0.25,3,0.01,0.614069723949319
22,23,712,0.25,3,0.1,0.646966161038056
22,23,712,0.75,4,0.001,0.595435691521768
22,23,712,0.75,4,0.01,0.677854379444607
22,23,712,0.75,4,0.1,0.660566252295522
22,23,712,0.5,4,0.001,0.544794202532792
22,23,712,0.5,4,0.01,0.650971345383153
22,23,712,0.5,4,0.1,0.64452463005027
22,23,712,0.25,4,0.001,0.53143095736646
22,23,712,0.25,4,0.01,0.62639313175295
22,23,712,0.25,4,0.1,0.65025310567056
22,23,712,0.75,5,0.001,0.601971680816998
22,23,712,0.75,5,0.01,0.683721271106858
22,23,712,0.75,5,0.1,0.66684028749514
22,23,712,0.5,5,0.001,0.56592165313803
22,23,712,0.5,5,0.01,0.660811475416976
22,23,712,0.5,5,0.1,0.649141605450665
22,23,712,0.25,5,0.001,0.542552729848179
22,23,712,0.25,5,0.01,0.631187912344308
22,23,712,0.25,5,0.1,0.646414065997527
22,23,712,0.75,6,0.001,0.624215993751468
22,23,712,0.75,6,0.01,0.687812808545787
22,23,712,0.75,6,0.1,0.670332616968653
22,23,712,0.5,6,0.001,0.603394550811941
22,23,712,0.5,6,0.01,0.679924562629365
22,23,712,0.5,6,0.1,0.665072848102825
22,23,712,0.25,6,0.001,0.573717095135965
22,23,712,0.25,6,0.01,0.658598479144852
22,23,712,0.25,6,0.1,0.673284507405701
22,23,712,0.75,7,0.001,0.604207031972778
22,23,712,0.75,7,0.01,0.680915150562684
22,23,712,0.75,7,0.1,0.665454239530714
22,23,712,0.5,7,0.001,0.574429399250184
22,23,712,0.5,7,0.01,0.66911769671143
22,23,712,0.5,7,0.1,0.665380565446954
22,23,712,0.25,7,0.001,0.553241461198487
22,23,712,0.25,7,0.01,0.643396285400542
22,23,712,0.25,7,0.1,0.670018728412659
22,23,712,0.75,8,0.001,0.599255670352927
22,23,712,0.75,8,0.01,0.684903812960337
22,23,712,0.75,8,0.1,0.676295675137462
22,23,712,0.5,8,0.001,0.545420790227764
22,23,712,0.5,8,0.01,0.68985815268146
22,23,712,0.5,8,0.1,0.682757309748775
22,23,712,0.25,8,0.001,0.570881890207711
22,23,712,0.25,8,0.01,0.674658667818587
22,23,712,0.25,8,0.1,0.689035482470122
22,24,552,0.75,1,0.001,0.887598099332521
22,24,552,0.75,1,0.01,0.911225199259031
22,24,552,0.75,1,0.1,0.901211170362935
22,24,552,0.5,1,0.001,0.780915712285376
22,24,552,0.5,1,0.01,0.827637568500538
22,24,552,0.5,1,0.1,0.829692297395615
22,24,552,0.25,1,0.001,0.705873654647563
22,24,552,0.25,1,0.01,0.757880091120867
22,24,552,0.25,1,0.1,0.772789253908312
22,24,552,0.75,2,0.001,0.89156456229168
22,24,552,0.75,2,0.01,0.901863840953822
22,24,552,0.75,2,0.1,0.888962008241853
22,24,552,0.5,2,0.001,0.787372973022458
22,24,552,0.5,2,0.01,0.825560993461217
22,24,552,0.5,2,0.1,0.820213822495511
22,24,552,0.25,2,0.001,0.725792900151053
22,24,552,0.25,2,0.01,0.772002632317256
22,24,552,0.25,2,0.1,0.779190801646511
22,24,552,0.75,3,0.001,0.895750532551871
22,24,552,0.75,3,0.01,0.895841603903933
22,24,552,0.75,3,0.1,0.892201953094187
22,24,552,0.5,3,0.001,0.779619436819455
22,24,552,0.5,3,0.01,0.809586772732562
22,24,552,0.5,3,0.1,0.820850832373562
22,24,552,0.25,3,0.001,0.687986711697644
22,24,552,0.25,3,0.01,0.740135428307633
22,24,552,0.25,3,0.1,0.767752111198899
22,24,552,0.75,4,0.001,0.900264300304818
22,24,552,0.75,4,0.01,0.89686730298543
22,24,552,0.75,4,0.1,0.894028921000217
22,24,552,0.5,4,0.001,0.798389502802916
22,24,552,0.5,4,0.01,0.799732939316884
22,24,552,0.5,4,0.1,0.816107184784897
22,24,552,0.25,4,0.001,0.723780179158718
22,24,552,0.25,4,0.01,0.74618354459818
22,24,552,0.25,4,0.1,0.764859515359021
22,24,552,0.75,5,0.001,0.880930198854331
22,24,552,0.75,5,0.01,0.900963264865026
22,24,552,0.75,5,0.1,0.895409844181192
22,24,552,0.5,5,0.001,0.761264027466057
22,24,552,0.5,5,0.01,0.817390154425879
22,24,552,0.5,5,0.1,0.823077866564224
22,24,552,0.25,5,0.001,0.676136822933626
22,24,552,0.25,5,0.01,0.751341162380091
22,24,552,0.25,5,0.1,0.774596545743446
22,24,552,0.75,6,0.001,0.906656863883089
22,24,552,0.75,6,0.01,0.902547297726394
22,24,552,0.75,6,0.1,0.896022286113888
22,24,552,0.5,6,0.001,0.820003202092094
22,24,552,0.5,6,0.01,0.823449846687759
22,24,552,0.5,6,0.1,0.825171876390517
22,24,552,0.25,6,0.001,0.759940979044532
22,24,552,0.25,6,0.01,0.774883647348732
22,24,552,0.25,6,0.1,0.781087325983071
22,24,552,0.75,7,0.001,0.890323816965681
22,24,552,0.75,7,0.01,0.89356665908185
22,24,552,0.75,7,0.1,0.881352859888494
22,24,552,0.5,7,0.001,0.797997698304026
22,24,552,0.5,7,0.01,0.819486275505233
22,24,552,0.5,7,0.1,0.81412664628583
22,24,552,0.25,7,0.001,0.721563228332314
22,24,552,0.25,7,0.01,0.756214492434415
22,24,552,0.25,7,0.1,0.771116051803772
22,24,552,0.75,8,0.001,0.81420667363765
22,24,552,0.75,8,0.01,0.886599025651547
22,24,552,0.75,8,0.1,0.892947649114968
22,24,552,0.5,8,0.001,0.711103523631092
22,24,552,0.5,8,0.01,0.797902325910268
22,24,552,0.5,8,0.1,0.821944629131142
22,24,552,0.25,8,0.001,0.670686560133974
22,24,552,0.25,8,0.01,0.749660880913395
22,24,552,0.25,8,0.1,0.776158650314712
