chr,block_id,m,w_eur,candidate,min_eig_pre,min_eig_post,r2_pre,r2_post
22,1,255,0.75,MELD_lambda0,-0.00197381477623282,-6.50868664305521e-16,0.709430896684393,0.709144936946378
22,1,255,0.75,MELD_lambda1,-0.00175849219843402,-1.56070416416529e-15,0.691321799417941,0.691115883076069
22,1,255,0.75,EUR,-0.00584059146681115,-3.1966457914655e-15,0.624946406097595,0.637797379111618
22,1,255,0.75,AFR,-0.00178156677884713,-1.23131782025837e-15,0.325373880708464,0.325525132919879
22,1,255,0.5,MELD_lambda0,-0.00139883112398001,-2.01757167682449e-15,0.65505431957193,0.654846464627013
22,1,255,0.5,MELD_lambda1,-0.00113881818966614,-9.47234686719188e-16,0.653827229650028,0.653639483304769
22,1,255,0.5,EUR,-0.00584059146681115,-3.1966457914655e-15,0.262409892088053,0.273813866947698
22,1,255,0.5,AFR,-0.00178156677884713,-1.23131782025837e-15,0.398218993093136,0.398190455065021
22,1,255,0.5,MELD_pooled,-0.00166830765104511,-8.28066017682149e-16,0.639972492811652,0.639494071399028
22,1,255,0.25,MELD_lambda0,-0.000914052789923637,-1.24228355828849e-15,0.604161548354227,0.603955064893441
22,1,255,0.25,MELD_lambda1,-0.000800251637493025,-4.60574811419449e-16,0.61334192216871,0.613128578138492
22,1,255,0.25,EUR,-0.00584059146681115,-3.1966457914655e-15,0.0682580447530695,0.0722936753582572
22,1,255,0.25,AFR,-0.00178156677884713,-1.23131782025837e-15,0.46607450135852,0.465786737305348
22,2,310,0.75,MELD_lambda0,-0.00183912706215973,-9.92079194390875e-16,0.760300720390139,0.760374651857832
22,2,310,0.75,MELD_lambda1,-0.00167107019416509,-6.83514013325408e-16,0.734713128648345,0.734668089117832
22,2,310,0.75,EUR,-0.0313237638100281,-1.46580170036641e-15,0.820076532313541,0.803695871977704
22,2,310,0.75,AFR,-0.0626228173402288,-1.40186193492487e-15,0.456114429107589,0.571785785185049
22,2,310,0.5,MELD_lambda0,-0.000174836757866724,-7.93709751423345e-16,0.58034215814313,0.580375065017593
22,2,310,0.5,MELD_lambda1,-0.000157243884689001,-8.41370145752005e-16,0.572112262339422,0.572140313318044
22,2,310,0.5,EUR,-0.0313237638100281,-1.46580170036641e-15,0.664382000978908,0.603407455755485
22,2,310,0.5,AFR,-0.0626228173402288,-1.40186193492487e-15,0.351824019313403,0.42849881219089
22,2,310,0.5,MELD_pooled,-0.00146489064935639,-4.2705942499487e-16,0.540194735154605,0.54104074633307
22,2,310,0.25,MELD_lambda0,-0.000355254082045325,-8.38590026416623e-16,0.482483089506178,0.482696820266347
22,2,310,0.25,MELD_lambda1,-0.000331508115090481,-7.01394533484139e-16,0.491670021974131,0.491854567061245
22,2,310,0.25,EUR,-0.0313237638100281,-1.46580170036641e-15,0.600494441095016,0.518489561903855
22,2,310,0.25,AFR,-0.0626228173402288,-1.40186193492487e-15,0.34607093574797,0.399454592745812
22,3,715,0.75,MELD_lambda0,-0.324559082672381,-3.0061690010515e-15,0.890969940381889,0.917989798390144
22,3,715,0.75,MELD_lambda1,-0.307319381061816,-2.86846934821716e-15,0.896092663128386,0.915531686485053
22,3,715,0.75,EUR,-0.555117066220487,-5.06288432002942e-15,0.777626101850735,0.785386478891875
22,3,715,0.75,AFR,-0.372309917124642,-2.66381420397083e-15,0.291277631102828,0.607329670040432
22,3,715,0.5,MELD_lambda0,-0.283201432024691,-2.84867862773029e-15,0.819656335681684,0.839866673133339
22,3,715,0.5,MELD_lambda1,-0.264508614918819,-2.99280528451569e-15,0.807621889437626,0.827880314581066
22,3,715,0.5,EUR,-0.555117066220487,-5.06288432002942e-15,0.635528398858491,0.679154361767338
22,3,715,0.5,AFR,-0.372309917124642,-2.66381420397083e-15,0.235027769486251,0.544046494159614
22,3,715,0.5,MELD_pooled,-0.289085744668047,-2.77387260919234e-15,0.762919343775027,0.809494203655969
22,3,715,0.25,MELD_lambda0,-0.302256050543925,-3.5373922121728e-15,0.610830043057126,0.763079993329992
22,3,715,0.25,MELD_lambda1,-0.286439586979565,-2.782700904107e-15,0.557758899140612,0.751851988255433
22,3,715,0.25,EUR,-0.555117066220487,-5.06288432002942e-15,0.609606986448247,0.660747322978556
22,3,715,0.25,AFR,-0.372309917124642,-2.66381420397083e-15,0.272353513419154,0.542893164220645
22,4,809,0.75,MELD_lambda0,-0.031346609325416,-8.43969405965777e-15,0.95634510998176,0.960211280047398
22,4,809,0.75,MELD_lambda1,-0.0295857967261067,-1.05874516585399e-14,0.954866289297575,0.957649517470002
22,4,809,0.75,EUR,-0.0546621009429645,-1.61392950525429e-14,0.832802551421049,0.884809966459519
22,4,809,0.75,AFR,-0.0588062081994196,-5.40826123610354e-15,0.656403358255732,0.779216579266113
22,4,809,0.5,MELD_lambda0,-0.0225852430230342,-7.88650262728259e-15,0.831446027630189,0.909129927693028
22,4,809,0.5,MELD_lambda1,-0.0208248166790427,-4.41270430016275e-15,0.313961722896183,0.908411414596739
22,4,809,0.5,EUR,-0.0546621009429645,-1.61392950525429e-14,0.63523419212836,0.73590926709932
22,4,809,0.5,AFR,-0.0588062081994196,-5.40826123610354e-15,0.60977454617973,0.767715092220559
22,4,809,0.5,MELD_pooled,-0.0285579751260317,-6.35395255313004e-15,0.897128606354182,0.898195624349954
22,4,809,0.25,MELD_lambda0,-0.0308508206785456,-5.15598641354206e-15,0.834267931403596,0.8560722669938
22,4,809,0.25,MELD_lambda1,-0.0294964753690344,-9.55040481735213e-15,0.853543208786162,0.864508864849857
22,4,809,0.25,EUR,-0.0546621009429645,-1.61392950525429e-14,0.512888252017315,0.634437661606219
22,4,809,0.25,AFR,-0.0588062081994196,-5.40826123610354e-15,0.593684147987247,0.757570201236289
22,5,417,0.75,MELD_lambda0,-0.00470526500373057,-1.03177644660116e-15,0.505328126076585,0.504734852042682
22,5,417,0.75,MELD_lambda1,-0.0044282933744135,-1.27183918812959e-15,0.478041974680589,0.477628890299355
22,5,417,0.75,EUR,-0.104272549620969,-3.22733364129902e-15,0.0635931594952461,0.242481466311253
22,5,417,0.75,AFR,-0.0217531256821907,-7.72963268374347e-16,0.456352464096773,0.464896117643208
22,5,417,0.5,MELD_lambda0,-0.0087870739171856,-7.145876552016e-16,0.54455225916295,0.537784586227921
22,5,417,0.5,MELD_lambda1,-0.00827644148708531,-9.92600856667993e-16,0.505969357280726,0.498337102437904
22,5,417,0.5,EUR,-0.104272549620969,-3.22733364129902e-15,0.0248947499993017,0.170769538931762
22,5,417,0.5,AFR,-0.0217531256821907,-7.72963268374347e-16,0.480022779833921,0.495652911213921
22,5,417,0.5,MELD_pooled,-0.0107034214880846,-9.8639080731263e-16,0.469774624664548,0.512388042843628
22,5,417,0.25,MELD_lambda0,-0.0142209004385443,-7.1520006052443e-16,0.469346398157583,0.556680689079365
22,5,417,0.25,MELD_lambda1,-0.0135850578151648,-1.31979268687399e-15,0.427009816096068,0.534473386975632
22,5,417,0.25,EUR,-0.104272549620969,-3.22733364129902e-15,0.0295629615710961,0.160693173401256
22,5,417,0.25,AFR,-0.0217531256821907,-7.72963268374347e-16,0.496893655134205,0.51482354948684
22,6,480,0.75,MELD_lambda0,-0.0108589865743841,-1.41886415659782e-15,0.495423334035834,0.891604681981643
22,6,480,0.75,MELD_lambda1,-0.010299151858448,-1.09093438130985e-15,0.866700043507696,0.882165731562168
22,6,480,0.75,EUR,-0.0251101431568857,-4.61589095868317e-15,0.76258922338258,0.775562075344866
22,6,480,0.75,AFR,-0.0539193292765614,-1.51914665665441e-15,0.750379666780965,0.757327715814577
22,6,480,0.5,MELD_lambda0,-0.0233714747413014,-1.98563725661979e-15,0.816836536992312,0.817840794527809
22,6,480,0.5,MELD_lambda1,-0.0222028837550063,-1.37147981972104e-15,0.802690084509139,0.803670118212483
22,6,480,0.5,EUR,-0.0251101431568857,-4.61589095868317e-15,0.536619330003612,0.530237545102741
22,6,480,0.5,AFR,-0.0539193292765614,-1.51914665665441e-15,0.719327183492018,0.73954486669949
22,6,480,0.5,MELD_pooled,-0.0266511460257735,-1.77440965288277e-15,0.808620317416923,0.816991906126449
22,6,480,0.25,MELD_lambda0,-0.0368029439799198,-1.96096384347852e-15,0.778811618284094,0.785091670974834
22,6,480,0.25,MELD_lambda1,-0.0355488385900292,-1.22219198866308e-15,0.775104011944152,0.779441130755736
22,6,480,0.25,EUR,-0.0251101431568857,-4.61589095868317e-15,0.400497696107404,0.383376868660905
22,6,480,0.25,AFR,-0.0539193292765614,-1.51914665665441e-15,0.731410566595922,0.758689383485502
22,7,948,0.75,MELD_lambda0,-0.0910859738153868,-1.87760460225067e-15,0.605292430303218,0.765282379471567
22,7,948,0.75,MELD_lambda1,-0.0871432690216713,-2.39129379034878e-15,0.714980232509906,0.764157164923495
22,7,948,0.75,EUR,-0.136957193731329,-4.00111963200717e-15,0.0841724805307549,0.570287997087904
22,7,948,0.75,AFR,-0.17970378313449,-2.74419439281624e-15,0.306866312322414,0.506577024377736
22,7,948,0.5,MELD_lambda0,-0.106125795975751,-2.0990660190791e-15,0.650478405502573,0.654621977405794
22,7,948,0.5,MELD_lambda1,-0.100511925680309,-3.05304907061304e-15,0.0130879890754696,0.671579241216699
22,7,948,0.5,EUR,-0.136957193731329,-4.00111963200717e-15,0.0739169651021404,0.362772648655843
22,7,948,0.5,AFR,-0.17970378313449,-2.74419439281624e-15,0.217519123675544,0.50372985153897
22,7,948,0.5,MELD_pooled,-0.0951672833815531,-3.13312591756998e-15,0.630084675892091,0.662793475578034
22,7,948,0.25,MELD_lambda0,-0.130938438788909,-2.37664473643662e-15,0.578533511050687,0.608403812555837
22,7,948,0.25,MELD_lambda1,-0.12567071267977,-3.3189010321575e-15,0.598738914512718,0.632739706641908
22,7,948,0.25,EUR,-0.136957193731329,-4.00111963200717e-15,0.0797056849228208,0.326182216183295
22,7,948,0.25,AFR,-0.17970378313449,-2.74419439281624e-15,0.184366345073272,0.499457513758061
22,8,863,0.75,MELD_lambda0,-0.200127840683511,-1.67013702195916e-15,0.722935586838851,0.823694757954628
22,8,863,0.75,MELD_lambda1,-0.185089899353944,-1.92849612292518e-15,0.744819397865869,0.826189167824767
22,8,863,0.75,EUR,-0.284197606281297,-3.50913464927219e-15,0.384266724810821,0.481712451225919
22,8,863,0.75,AFR,-0.226367032983436,-2.77204954857132e-15,0.0931871290003496,0.476850128358721
22,8,863,0.5,MELD_lambda0,-0.170248483302289,-1.46075314316551e-15,0.553947143555403,0.797157325550786
22,8,863,0.5,MELD_lambda1,-0.15419622257988,-2.33004128628394e-15,0.637541062848735,0.804113179660484
22,8,863,0.5,EUR,-0.284197606281297,-3.50913464927219e-15,0.329522321894251,0.413740293093842
22,8,863,0.5,AFR,-0.226367032983436,-2.77204954857132e-15,0.0485836105768191,0.629909486153693
22,8,863,0.5,MELD_pooled,-0.179977418069216,-2.32228855964808e-15,0.737072045155191,0.794754631123805
22,8,863,0.25,MELD_lambda0,-0.169218169802904,-2.05029777241886e-15,0.250681179377633,0.788193473518415
22,8,863,0.25,MELD_lambda1,-0.156908770617217,-1.73899202234266e-15,0.0663505004453722,0.804556469343914
22,8,863,0.25,EUR,-0.284197606281297,-3.50913464927219e-15,0.343986991412062,0.424656066276952
22,8,863,0.25,AFR,-0.226367032983436,-2.77204954857132e-15,0.0512337690933245,0.704050752396003
22,9,733,0.75,MELD_lambda0,-0.0227658334594017,-2.48317012216098e-15,0.930018703618549,0.936450522531101
22,9,733,0.75,MELD_lambda1,-0.0196208609008155,-2.11513128801282e-15,0.932368805567266,0.936855291073714
22,9,733,0.75,EUR,-0.0561372158557853,-3.48173816253616e-15,0.827519093810503,0.867292028226253
22,9,733,0.75,AFR,-0.0520760085285133,-1.805917064742e-15,0.302002518750154,0.319512212768203
22,9,733,0.5,MELD_lambda0,-0.0275349876328333,-2.17885888860512e-15,0.888450070506664,0.889620874978355
22,9,733,0.5,MELD_lambda1,-0.0240324219186079,-2.2473326892765e-15,0.88935211163346,0.894337438861991
22,9,733,0.5,EUR,-0.0561372158557853,-3.48173816253616e-15,0.643730885542396,0.745357430285403
22,9,733,0.5,AFR,-0.0520760085285133,-1.805917064742e-15,0.385228389522303,0.429020103679915
22,9,733,0.5,MELD_pooled,-0.0491777093848442,-2.16805871189202e-15,0.882628768444057,0.888495940864091
22,9,733,0.25,MELD_lambda0,-0.0350232805191411,-1.85988930829061e-15,0.803603140500106,0.799068370087679
22,9,733,0.25,MELD_lambda1,-0.0320037677939823,-2.25645447750849e-15,0.81517832827883,0.814929221463355
22,9,733,0.25,EUR,-0.0561372158557853,-3.48173816253616e-15,0.541829585118799,0.671793415220021
22,9,733,0.25,AFR,-0.0520760085285133,-1.805917064742e-15,0.469316369983392,0.527671781448859
22,10,689,0.75,MELD_lambda0,-0.0446399828622194,-2.59337172540774e-15,0.944289861028836,0.981518538308103
22,10,689,0.75,MELD_lambda1,-0.0424907671546192,-2.84853104577189e-15,0.97246016430709,0.981306337188858
22,10,689,0.75,EUR,-0.0450586821099729,-4.23742108187151e-15,0.945268064391468,0.945828610059869
22,10,689,0.75,AFR,-0.145131179040311,-2.08362460306351e-15,0.823697108934593,0.817607879977958
22,10,689,0.5,MELD_lambda0,-0.0674863953269878,-2.20652678422379e-15,0.831673808346463,0.947140175902776
22,10,689,0.5,MELD_lambda1,-0.0640529592332257,-2.04093995360358e-15,0.926428507253927,0.946502957036493
22,10,689,0.5,EUR,-0.0450586821099729,-4.23742108187151e-15,0.832393719307371,0.832745349241823
22,10,689,0.5,AFR,-0.145131179040311,-2.08362460306351e-15,0.841711681942762,0.839806140993382
22,10,689,0.5,MELD_pooled,-0.067234083392056,-3.00550161164576e-15,0.931290656746937,0.944473470350034
22,10,689,0.25,MELD_lambda0,-0.0993499473050182,-2.37015454005824e-15,0.923397004495671,0.907461988873915
22,10,689,0.25,MELD_lambda1,-0.0956503854049593,-2.08160231335252e-15,0.927604386750213,0.905900721283486
22,10,689,0.25,EUR,-0.0450586821099729,-4.23742108187151e-15,0.713710854945096,0.715032482313985
22,10,689,0.25,AFR,-0.145131179040311,-2.08362460306351e-15,0.854932925844981,0.856350304260827
22,11,437,0.75,MELD_lambda0,-0.0881117880136106,-2.93533129773975e-15,0.932556108880462,0.919052252144413
22,11,437,0.75,MELD_lambda1,-0.0767403210476119,-2.8684269492325e-15,0.925583079164648,0.918018732348353
22,11,437,0.75,EUR,-0.175770846103575,-4.42956352197724e-15,0.81440453837402,0.811408833440555
22,11,437,0.75,AFR,-0.0577350606562911,-1.60098302492612e-15,0.747130279267561,0.713819008352937
22,11,437,0.5,MELD_lambda0,-0.0612766263278852,-1.75182349636165e-15,0.151206775185009,0.933178902268728
22,11,437,0.5,MELD_lambda1,-0.0496259818450274,-2.19666125375009e-15,0.917523217119015,0.932731677731148
22,11,437,0.5,EUR,-0.175770846103575,-4.42956352197724e-15,0.62378876864631,0.615482049632804
22,11,437,0.5,AFR,-0.0577350606562911,-1.60098302492612e-15,0.839878592092902,0.814220742924784
22,11,437,0.5,MELD_pooled,-0.0632263897921635,-1.82414267914767e-15,0.890307148605193,0.929265203387336
22,11,437,0.25,MELD_lambda0,-0.044919901071605,-1.64643984825876e-15,0.0279980183852622,0.936139458901417
22,11,437,0.25,MELD_lambda1,-0.0383380759048507,-2.8292770277293e-15,0.890909417602675,0.937986507931642
22,11,437,0.25,EUR,-0.175770846103575,-4.42956352197724e-15,0.546555078819997,0.537423535225693
22,11,437,0.25,AFR,-0.0577350606562911,-1.60098302492612e-15,0.884676884882587,0.867688237515135
22,12,1159,0.75,MELD_lambda0,-0.0816283394308233,-3.28927507847222e-15,0.913000357032878,0.921684646719027
22,12,1159,0.75,MELD_lambda1,-0.0752047556046328,-3.16869095996496e-15,0.906123097923299,0.905131715759623
22,12,1159,0.75,EUR,-0.125934740782806,-4.86413316888627e-15,0.739250756657652,0.83363564602044
22,12,1159,0.75,AFR,-0.158802080402799,-8.82237088374529e-15,0.314186070941178,0.660636325443415
22,12,1159,0.5,MELD_lambda0,-0.0573740952449312,-3.47013697953589e-15,0.124020631277659,0.821827467186617
22,12,1159,0.5,MELD_lambda1,-0.0500938034449173,-3.24640669227974e-15,0.815692457472013,0.817325136421791
22,12,1159,0.5,EUR,-0.125934740782806,-4.86413316888627e-15,0.471081128017002,0.621774525569569
22,12,1159,0.5,AFR,-0.158802080402799,-8.82237088374529e-15,0.415542283663075,0.630722419929692
22,12,1159,0.5,MELD_pooled,-0.0954563976066203,-3.87857377375214e-15,0.695806068506517,0.810802443026877
22,12,1159,0.25,MELD_lambda0,-0.0466302915151903,-2.91393086061055e-15,0.0747555828886747,0.749068166875276
22,12,1159,0.25,MELD_lambda1,-0.0385028738422922,-3.73945970222296e-15,0.252211689078358,0.76205876621285
22,12,1159,0.25,EUR,-0.125934740782806,-4.86413316888627e-15,0.368819704704363,0.494093605007078
22,12,1159,0.25,AFR,-0.158802080402799,-8.82237088374529e-15,0.483586412083978,0.604798509729043
22,13,618,0.75,MELD_lambda0,-0.035431439643589,-2.21453649721341e-15,0.90566293285607,0.912714783554241
22,13,618,0.75,MELD_lambda1,-0.0334748464016555,-1.95240757055254e-15,0.88706160927631,0.901199682173522
22,13,618,0.75,EUR,-0.11445564735275,-4.84238655425462e-15,0.58618533378625,0.74491822099463
22,13,618,0.75,AFR,-0.0418406740891541,-1.77603929005336e-15,0.816563409034465,0.83485757247839
22,13,618,0.5,MELD_lambda0,-0.0313743160197264,-1.41552103615211e-15,0.852893463163305,0.863207073640685
22,13,618,0.5,MELD_lambda1,-0.0293769247628513,-1.66550880373402e-15,0.827660180107321,0.851239535309015
22,13,618,0.5,EUR,-0.11445564735275,-4.84238655425462e-15,0.328730043406866,0.565567862474945
22,13,618,0.5,AFR,-0.0418406740891541,-1.77603929005336e-15,0.83968781747186,0.855391679470921
22,13,618,0.5,MELD_pooled,-0.0364320482518872,-2.16007692963653e-15,0.831251468690347,0.84813051530864
22,13,618,0.25,MELD_lambda0,-0.0328756584005545,-1.93498128003584e-15,0.662317215875878,0.843266196465363
22,13,618,0.25,MELD_lambda1,-0.0313608884868635,-1.86472682109937e-15,0.377817701163956,0.839875874293777
22,13,618,0.25,EUR,-0.11445564735275,-4.84238655425462e-15,0.236369844630437,0.500555868610808
22,13,618,0.25,AFR,-0.0418406740891541,-1.77603929005336e-15,0.854063696026462,0.866836994460211
22,14,1069,0.75,MELD_lambda0,-0.286107607218116,-4.04248815421983e-15,0.929507130910724,0.933386700286139
22,14,1069,0.75,MELD_lambda1,-0.209548376838708,-4.20526610671981e-15,0.923450111981458,0.931958771781262
22,14,1069,0.75,EUR,-0.455159896517504,-5.56467764053238e-15,0.279876712475805,0.852024199685422
22,14,1069,0.75,AFR,-1.27734102624133,-5.39929835211519e-15,1.85871967161954e-09,0.79203379212389
22,14,1069,0.5,MELD_lambda0,-0.254655411066433,-5.01255365408432e-15,0.240483363014231,0.8280323833045
22,14,1069,0.5,MELD_lambda1,-0.194872825711802,-4.92370998289486e-15,0.809993415625594,0.841113244114844
22,14,1069,0.5,EUR,-0.455159896517504,-5.56467764053238e-15,0.0991915564223052,0.613243077102938
22,14,1069,0.5,AFR,-1.27734102624133,-5.39929835211519e-15,0.00284625733886814,0.732569486659687
22,14,1069,0.5,MELD_pooled,-0.443406751746908,-4.9005139873568e-15,0.847854866037051,0.801228532655872
22,14,1069,0.25,MELD_lambda0,-0.510029190115179,-3.21465763912237e-15,0.723956531776348,0.7080997600316
22,14,1069,0.25,MELD_lambda1,-0.38995795035803,-3.89684135444349e-15,0.728154679172573,0.721897259811176
22,14,1069,0.25,EUR,-0.455159896517504,-5.56467764053238e-15,0.0362906032346336,0.443205157313945
22,14,1069,0.25,AFR,-1.27734102624133,-5.39929835211519e-15,0.00714070013899135,0.661459077901696
22,15,709,0.75,MELD_lambda0,-0.223817255139178,-2.83335203059872e-15,0.929715603123345,0.964672647005846
22,15,709,0.75,MELD_lambda1,-0.191663894327023,-2.70151116517583e-15,0.941496958036001,0.961635113304692
22,15,709,0.75,EUR,-0.251928711678293,-4.06829105673041e-15,0.889897514911016,0.898199455524413
22,15,709,0.75,AFR,-0.320160427802518,-2.4178200809927e-15,0.667523124674169,0.806397203512073
22,15,709,0.5,MELD_lambda0,-0.234245350654851,-2.56664921433242e-15,0.85191278577056,0.891525572036418
22,15,709,0.5,MELD_lambda1,-0.191452239144094,-2.60831898874656e-15,0.807441031500123,0.883089115409828
22,15,709,0.5,EUR,-0.251928711678293,-4.06829105673041e-15,0.66612264230647,0.687132129560979
22,15,709,0.5,AFR,-0.320160427802518,-2.4178200809927e-15,0.630572141043095,0.745339156833409
22,15,709,0.5,MELD_pooled,-0.26259095248772,-2.88667489373819e-15,0.852217694295919,0.864679214414202
22,15,709,0.25,MELD_lambda0,-0.262127511308696,-2.73547967295689e-15,0.584618175427305,0.7933327115125
22,15,709,0.25,MELD_lambda1,-0.223612021024446,-1.82183258684159e-15,0.72680526139759,0.79009183837632
22,15,709,0.25,EUR,-0.251928711678293,-4.06829105673041e-15,0.444039721453918,0.465134461095316
22,15,709,0.25,AFR,-0.320160427802518,-2.4178200809927e-15,0.57987074586089,0.667673855461912
22,16,417,0.75,MELD_lambda0,-0.00136058540509725,-8.20094579831069e-16,0.977317672303649,0.977296920205262
22,16,417,0.75,MELD_lambda1,-0.00127315552280786,-7.46030746490294e-16,0.975591545566408,0.975559987062406
22,16,417,0.75,EUR,-0.00626685771410487,-2.41362245808217e-15,0.968996041924466,0.970999807946954
22,16,417,0.75,AFR,-0.0037576973796667,-7.88808888143535e-16,0.774723701080368,0.77462635450296
22,16,417,0.5,MELD_lambda0,-0.000924680021679593,-1.36119508686469e-15,0.919592472959651,0.919563502018817
22,16,417,0.5,MELD_lambda1,-0.000840423357865879,-1.64530307160254e-15,0.914713175980592,0.914670371835428
22,16,417,0.5,EUR,-0.00626685771410487,-2.41362245808217e-15,0.847183490390061,0.854728663134745
22,16,417,0.5,AFR,-0.0037576973796667,-7.88808888143535e-16,0.761200191813295,0.760273837033586
22,16,417,0.5,MELD_pooled,-0.00176096210257329,-1.08040306174219e-15,0.913342246777999,0.913561028050441
22,16,417,0.25,MELD_lambda0,-0.00100669513072106,-4.3292560921141e-16,0.830496798769785,0.830614611447124
22,16,417,0.25,MELD_lambda1,-0.000893450122977504,-1.15495511750798e-15,0.828370495820163,0.828435162402339
22,16,417,0.25,EUR,-0.00626685771410487,-2.41362245808217e-15,0.693117260011829,0.701310814254568
22,16,417,0.25,AFR,-0.0037576973796667,-7.88808888143535e-16,0.698719195755703,0.69720529230889
22,17,615,0.75,MELD_lambda0,-0.0513953797188825,-4.91986018581677e-15,0.980531012623144,0.980040765638583
22,17,615,0.75,MELD_lambda1,-0.0454853572205692,-5.41148888033375e-15,0.95981455185119,0.977867772312397
22,17,615,0.75,EUR,-0.0726845728781553,-7.81894480303853e-15,0.88725669827012,0.954884389717184
22,17,615,0.75,AFR,-0.0825315432930509,-6.75443130787943e-15,0.708146919081766,0.777547113798609
22,17,615,0.5,MELD_lambda0,-0.0450317708029043,-6.18044932851469e-15,0.940197010488342,0.946016301909366
22,17,615,0.5,MELD_lambda1,-0.0376506464200271,-4.70937053983588e-15,0.947549177783262,0.940919575380421
22,17,615,0.5,EUR,-0.0726845728781553,-7.81894480303853e-15,0.659177291728824,0.881978925445205
22,17,615,0.5,AFR,-0.0825315432930509,-6.75443130787943e-15,0.731770572781726,0.792132077141571
22,17,615,0.5,MELD_pooled,-0.111659880769718,-7.45442838734205e-15,0.920874714779399,0.929660316627552
22,17,615,0.25,MELD_lambda0,-0.0473503325784624,-5.34896647961189e-15,0.60279871065553,0.911856796896569
22,17,615,0.25,MELD_lambda1,-0.0401314924688955,-4.89003102903503e-15,0.00502790113204059,0.905464974045173
22,17,615,0.25,EUR,-0.0726845728781553,-7.81894480303853e-15,0.439122955011568,0.817637178801663
22,17,615,0.25,AFR,-0.0825315432930509,-6.75443130787943e-15,0.771101963295832,0.824165376430707
22,18,507,0.75,MELD_lambda0,-0.0908356336633076,-1.72253872915344e-15,0.794501405015023,0.957683515737401
22,18,507,0.75,MELD_lambda1,-0.0768276760140882,-1.76296860497778e-15,0.153780476794268,0.948587947941482
22,18,507,0.75,EUR,-0.176508738672174,-4.74089591860029e-15,0.869642803115375,0.905852886333397
22,18,507,0.75,AFR,-0.063120387480242,-1.77400531634189e-15,0.704428159508651,0.84131298009104
22,18,507,0.5,MELD_lambda0,-0.0627435692996295,-1.92334737915042e-15,0.93420923266728,0.940209854460931
22,18,507,0.5,MELD_lambda1,-0.0497611509432337,-1.82981383512013e-15,0.916929474179678,0.923051336114379
22,18,507,0.5,EUR,-0.176508738672174,-4.74089591860029e-15,0.747348177654712,0.811824264505073
22,18,507,0.5,AFR,-0.063120387480242,-1.77400531634189e-15,0.713079386396197,0.870945996280653
22,18,507,0.5,MELD_pooled,-0.0878977563957047,-1.99196190428787e-15,0.919032516431035,0.905804301605879
22,18,507,0.25,MELD_lambda0,-0.0443236328251829,-2.36971310519427e-15,0.902789726511245,0.920301290377077
22,18,507,0.25,MELD_lambda1,-0.0367536114864166,-2.113981424361e-15,0.886141054946359,0.914108513816722
22,18,507,0.25,EUR,-0.176508738672174,-4.74089591860029e-15,0.694078154866229,0.770163038950004
22,18,507,0.25,AFR,-0.063120387480242,-1.77400531634189e-15,0.731221354299001,0.881215126165041
22,19,829,0.75,MELD_lambda0,-0.0305386407966142,-2.26117652207241e-15,0.794342545812819,0.847423630303594
22,19,829,0.75,MELD_lambda1,-0.0296358337095613,-2.84702482192188e-15,0.809813392797377,0.832151289130538
22,19,829,0.75,EUR,-0.0484730702109275,-4.55061970870235e-15,0.192138948000468,0.636002124647308
22,19,829,0.75,AFR,-0.0536278083328401,-2.447855050842e-15,0.0981221837234871,0.570356184106258
22,19,829,0.5,MELD_lambda0,-0.0263312396942705,-2.50122299939672e-15,0.780234975067649,0.812479132682669
22,19,829,0.5,MELD_lambda1,-0.0251777759766796,-2.06089651975261e-15,0.782177671471365,0.808454037978109
22,19,829,0.5,EUR,-0.0484730702109275,-4.55061970870235e-15,0.095756253105241,0.488226742830885
22,19,829,0.5,AFR,-0.0536278083328401,-2.447855050842e-15,0.0564773635848109,0.604694664994928
22,19,829,0.5,MELD_pooled,-0.0294361368365942,-2.28301692968436e-15,0.274347484274241,0.720258208123819
22,19,829,0.25,MELD_lambda0,-0.027750072841024,-2.33797051736479e-15,0.662116798633726,0.784986087007058
22,19,829,0.25,MELD_lambda1,-0.0266260678016798,-1.92353078812973e-15,0.686484671247445,0.798348225150283
22,19,829,0.25,EUR,-0.0484730702109275,-4.55061970870235e-15,0.142719117175662,0.444940627051073
22,19,829,0.25,AFR,-0.0536278083328401,-2.447855050842e-15,0.0594360271804484,0.613101768759952
22,20,769,0.75,MELD_lambda0,-0.0627155151138455,-1.29742435458927e-15,0.934170844704146,0.932879098789436
22,20,769,0.75,MELD_lambda1,-0.0531851069826003,-1.94423902498521e-15,0.928337437994636,0.929541548393371
22,20,769,0.75,EUR,-0.0887069905077495,-2.57416279528483e-15,0.917988493811429,0.918761299498312
22,20,769,0.75,AFR,-0.31506393309349,-1.29139527052541e-15,0.666230052582802,0.641641231503674
22,20,769,0.5,MELD_lambda0,-0.0716015138238685,-1.09343131705139e-15,0.851945884536447,0.850707762813008
22,20,769,0.5,MELD_lambda1,-0.0545215361064287,-7.70249245207186e-16,0.856900662489679,0.859410568069409
22,20,769,0.5,EUR,-0.0887069905077495,-2.57416279528483e-15,0.784517040639869,0.774840157761067
22,20,769,0.5,AFR,-0.31506393309349,-1.29139527052541e-15,0.606194175607259,0.585192428520385
22,20,769,0.5,MELD_pooled,-0.210426754927827,-1.3246522695832e-15,0.859579703824536,0.849862896545903
22,20,769,0.25,MELD_lambda0,-0.120259814374515,-1.43999744710626e-15,0.743776834066702,0.739701125661342
22,20,769,0.25,MELD_lambda1,-0.0907593232965661,-1.53928759098628e-15,0.765101773586141,0.766633058065737
22,20,769,0.25,EUR,-0.0887069905077495,-2.57416279528483e-15,0.651334866233098,0.622684752702987
22,20,769,0.25,AFR,-0.31506393309349,-1.29139527052541e-15,0.550759076724244,0.54208751239762
22,21,571,0.75,MELD_lambda0,-0.283662090803466,-8.29449148456835e-16,0.905517110032399,0.893911407242635
22,21,571,0.75,MELD_lambda1,-0.264594214707265,-6.38982281732863e-16,0.921816320530714,0.909578895929232
22,21,571,0.75,EUR,-0.355827434321069,-2.28136223905424e-15,0.808314808009992,0.806733502653019
22,21,571,0.75,AFR,-0.362186601820536,-9.73636519259869e-16,0.599728179972061,0.538346063625292
22,21,571,0.5,MELD_lambda0,-0.273522070769719,-3.81746871723488e-16,0.884220340379779,0.870355393421594
22,21,571,0.5,MELD_lambda1,-0.251188509880244,-6.1985129639589e-16,0.889451984579226,0.870665839485914
22,21,571,0.5,EUR,-0.355827434321069,-2.28136223905424e-15,0.665843319073088,0.671142494314297
22,21,571,0.5,AFR,-0.362186601820536,-9.73636519259869e-16,0.669882121042896,0.632473614856543
22,21,571,0.5,MELD_pooled,-0.277052098799515,-5.48625917763613e-16,0.883391784739029,0.86824215519616
22,21,571,0.25,MELD_lambda0,-0.295433849387198,-1.09280466578456e-15,0.859197128117434,0.844057957518598
22,21,571,0.25,MELD_lambda1,-0.277170057090967,-8.29145071642464e-16,0.860489671693079,0.840240135331991
22,21,571,0.25,EUR,-0.355827434321069,-2.28136223905424e-15,0.5806136842569,0.586900220670378
22,21,571,0.25,AFR,-0.362186601820536,-9.73636519259869e-16,0.714172810121147,0.696610662876723
22,22,875,0.75,MELD_lambda0,-0.0977919526829585,-9.84996157857583e-16,0.854096776220795,0.839145463268626
22,22,875,0.75,MELD_lambda1,-0.0862285924003564,-8.42177607727101e-16,0.853599080976367,0.847971456315804
22,22,875,0.75,EUR,-0.156760073537507,-4.50202705399568e-15,0.662042337368229,0.649803244746478
22,22,875,0.75,AFR,-0.651525704456887,-2.35019459578878e-15,0.604588558415383,0.589241820705222
22,22,875,0.5,MELD_lambda0,-0.127606642653907,-8.17487819042823e-16,0.75331901471366,0.735566298907332
22,22,875,0.5,MELD_lambda1,-0.106152267555259,-1.1174037105109e-15,0.752737267662771,0.757461435133426
22,22,875,0.5,EUR,-0.156760073537507,-4.50202705399568e-15,0.545463850346302,0.543610185199437
22,22,875,0.5,AFR,-0.651525704456887,-2.35019459578878e-15,0.586278995396354,0.603054054579488
22,22,875,0.5,MELD_pooled,-0.222147976808828,-2.1346359696712e-15,0.334112788259736,0.731400887574541
22,22,875,0.25,MELD_lambda0,-0.246223199482349,-1.50737405267592e-15,0.713787193264129,0.697882195349169
22,22,875,0.25,MELD_lambda1,-0.205663010951288,-1.71372067090228e-15,0.720847413448146,0.726833776927389
22,22,875,0.25,EUR,-0.156760073537507,-4.50202705399568e-15,0.498524597387787,0.506161469769844
22,22,875,0.25,AFR,-0.651525704456887,-2.35019459578878e-15,0.55213082706812,0.597914411864651
22,23,712,0.75,MELD_lambda0,-0.0250414980689854,-1.14155713739993e-15,0.644449171523795,0.68336877190236
22,23,712,0.75,MELD_lambda1,-0.0232198427468425,-1.13513328265451e-15,0.624958052643672,0.684520375557849
22,23,712,0.75,EUR,-0.0614261826688515,-2.41962402212521e-15,0.0922959120813353,0.531916767915486
22,23,712,0.75,AFR,-0.00658676164159758,-1.09906109152727e-15,0.27194079486838,0.268604713168642
22,23,712,0.5,MELD_lambda0,-0.00489785204644735,-8.35255855520099e-16,0.658485808508265,0.657601406727555
22,23,712,0.5,MELD_lambda1,-0.00438333971072155,-1.33477275967004e-15,0.676698632820415,0.673610326975166
22,23,712,0.5,EUR,-0.0614261826688515,-2.41962402212521e-15,0.0567073906273899,0.319154510814177
22,23,712,0.5,AFR,-0.00658676164159758,-1.09906109152727e-15,0.390705058651686,0.381808263719793
22,23,712,0.5,MELD_pooled,-0.01593631979616,-1.19128980193375e-15,0.116792097543375,0.694844000767997
22,23,712,0.25,MELD_lambda0,-0.00154093362799206,-7.09093797748542e-16,0.620881073633149,0.620892332702229
22,23,712,0.25,MELD_lambda1,-0.001431739293607,-9.14022504472975e-16,0.639616923304478,0.639596569067932
22,23,712,0.25,EUR,-0.0614261826688515,-2.41962402212521e-15,0.050476814784292,0.255134140523827
22,23,712,0.25,AFR,-0.00658676164159758,-1.09906109152727e-15,0.476183507444981,0.465589852155725
22,24,552,0.75,MELD_lambda0,-0.00732767757947256,-1.34411842263536e-15,0.922439050161192,0.92245456285583
22,24,552,0.75,MELD_lambda1,-0.00692411717130942,-1.70446653512161e-15,0.900839901815798,0.900822753264055
22,24,552,0.75,EUR,-0.0144333137580233,-3.09781638753011e-15,0.7431422244968,0.746694784901948
22,24,552,0.75,AFR,-0.0159225176248567,-1.72876812577609e-15,0.630023924278899,0.631842969281037
22,24,552,0.5,MELD_lambda0,-0.00744587857856068,-8.55270070049135e-16,0.839421193807112,0.83954034974951
22,24,552,0.5,MELD_lambda1,-0.00685419958066008,-1.78954765062288e-15,0.814946405149232,0.81486957760945
22,24,552,0.5,EUR,-0.0144333137580233,-3.09781638753011e-15,0.514763347164198,0.52016085704253
22,24,552,0.5,AFR,-0.0159225176248567,-1.72876812577609e-15,0.622711256434328,0.623677271912758
22,24,552,0.5,MELD_pooled,-0.00948357084928902,-1.81052596802839e-15,0.808112511919132,0.807525510973733
22,24,552,0.25,MELD_lambda0,-0.00908548366094853,-1.16528257855194e-15,0.762560336541626,0.762867675862161
22,24,552,0.25,MELD_lambda1,-0.00846870955141785,-7.53581178599304e-16,0.757817329572255,0.757866990220259
22,24,552,0.25,EUR,-0.0144333137580233,-3.09781638753011e-15,0.413147602693524,0.417068252973516
22,24,552,0.25,AFR,-0.0159225176248567,-1.72876812577609e-15,0.618939083338094,0.622745963766685
