w_eur,chr,block_id,m,candidate,err
0.75,22,1,255,MELD_lambda0,0
0.75,22,1,255,MELD_lambda1,0.371441916945579
0.75,22,1,255,MELD_pooled,0.393117447389465
0.75,22,1,255,EUR,0.196096667961338
0.75,22,1,255,EAS,0.665329033666986
0.75,22,1,255,AFR,0.661301151409788
0.75,22,1,255,CSA,0.499541387230634
0.75,22,1,255,AMR,0.727495569266604
0.5,22,1,255,MELD_lambda0,0
0.5,22,1,255,MELD_lambda1,0.547867712619023
0.5,22,1,255,MELD_pooled,0.54989894745351
0.5,22,1,255,EUR,0.395828973973054
0.5,22,1,255,EAS,0.722862786616159
0.5,22,1,255,AFR,0.543894461588325
0.5,22,1,255,CSA,0.54627021401187
0.5,22,1,255,AMR,0.799976994960584
0.25,22,1,255,MELD_lambda0,0
0.25,22,1,255,MELD_lambda1,0.558697539895484
0.25,22,1,255,MELD_pooled,0.594054638656454
0.25,22,1,255,EUR,0.631641011709323
0.25,22,1,255,EAS,0.824668368019101
0.25,22,1,255,AFR,0.38418734475046
0.25,22,1,255,CSA,0.656389875135788
0.25,22,1,255,AMR,0.915586504656236
0.75,22,2,310,MELD_lambda0,0
0.75,22,2,310,MELD_lambda1,0.628888033579484
0.75,22,2,310,MELD_pooled,0.644169504282429
0.75,22,2,310,EUR,0.227206190688761
0.75,22,2,310,EAS,0.68963783811648
0.75,22,2,310,AFR,0.650633242059099
0.75,22,2,310,CSA,0.540241551031672
0.75,22,2,310,AMR,0.68345783439964
0.5,22,2,310,MELD_lambda0,0
0.5,22,2,310,MELD_lambda1,0.830085645004656
0.5,22,2,310,MELD_pooled,0.830982976273279
0.5,22,2,310,EUR,0.440571756108848
0.5,22,2,310,EAS,0.751163007837824
0.5,22,2,310,AFR,0.524928950807591
0.5,22,2,310,CSA,0.636491456026479
0.5,22,2,310,AMR,0.782907810219996
0.25,22,2,310,MELD_lambda0,0
0.25,22,2,310,MELD_lambda1,0.746687659871304
0.25,22,2,310,MELD_pooled,0.742671858603545
0.25,22,2,310,EUR,0.678992285278415
0.25,22,2,310,EAS,0.850761398542413
0.25,22,2,310,AFR,0.357627290700042
0.25,22,2,310,CSA,0.786264360911963
0.25,22,2,310,AMR,0.924371879411024
0.75,22,3,715,MELD_lambda0,0
0.75,22,3,715,MELD_lambda1,0.687422562877056
0.75,22,3,715,MELD_pooled,0.695844344194518
0.75,22,3,715,EUR,0.250682390140808
0.75,22,3,715,EAS,0.643447577163659
0.75,22,3,715,AFR,0.662018456230938
0.75,22,3,715,CSA,0.558213210740091
0.75,22,3,715,AMR,0.740702321070546
0.5,22,3,715,MELD_lambda0,0
0.5,22,3,715,MELD_lambda1,0.900909161938685
0.5,22,3,715,MELD_pooled,0.900392027143715
0.5,22,3,715,EUR,0.467037321856232
0.5,22,3,715,EAS,0.714172997331998
0.5,22,3,715,AFR,0.527721412744474
0.5,22,3,715,CSA,0.648850651360987
0.5,22,3,715,AMR,0.827187535540402
0.25,22,3,715,MELD_lambda0,0
0.25,22,3,715,MELD_lambda1,0.807069898890249
0.25,22,3,715,MELD_pooled,0.835630286230986
0.25,22,3,715,EUR,0.704723363157644
0.25,22,3,715,EAS,0.826684375312355
0.25,22,3,715,AFR,0.349029511887611
0.25,22,3,715,CSA,0.786455321566447
0.25,22,3,715,AMR,0.951372986805489
0.75,22,4,809,MELD_lambda0,0
0.75,22,4,809,MELD_lambda1,0.460788768483292
0.75,22,4,809,MELD_pooled,0.4633069679479
0.75,22,4,809,EUR,0.176574719922757
0.75,22,4,809,EAS,0.667746221289963
0.75,22,4,809,AFR,0.594838635046528
0.75,22,4,809,CSA,0.506524523417761
0.75,22,4,809,AMR,0.899380550359949
0.5,22,4,809,MELD_lambda0,0
0.5,22,4,809,MELD_lambda1,0.638564838682591
0.5,22,4,809,MELD_pooled,0.636471540117542
0.5,22,4,809,EUR,0.359886003908019
0.5,22,4,809,EAS,0.700837348739817
0.5,22,4,809,AFR,0.481882558569687
0.5,22,4,809,CSA,0.563863780344532
0.5,22,4,809,AMR,0.972716137759648
0.25,22,4,809,MELD_lambda0,0
0.25,22,4,809,MELD_lambda1,0.595297402929623
0.25,22,4,809,MELD_pooled,0.61643355855881
0.25,22,4,809,EUR,0.576737307123048
0.25,22,4,809,EAS,0.769202697346449
0.25,22,4,809,AFR,0.329141480169869
0.25,22,4,809,CSA,0.675166149248999
0.25,22,4,809,AMR,1.07310059291305
0.75,22,5,417,MELD_lambda0,0
0.75,22,5,417,MELD_lambda1,0.575867972303449
0.75,22,5,417,MELD_pooled,0.599115196173645
0.75,22,5,417,EUR,0.24578507050045
0.75,22,5,417,EAS,0.79990327263967
0.75,22,5,417,AFR,0.642757012594989
0.75,22,5,417,CSA,0.479452881534403
0.75,22,5,417,AMR,0.808911001816622
0.5,22,5,417,MELD_lambda0,0
0.5,22,5,417,MELD_lambda1,0.727603370504383
0.5,22,5,417,MELD_pooled,0.730191625069634
0.5,22,5,417,EUR,0.485206078273496
0.5,22,5,417,EAS,0.864220601432437
0.5,22,5,417,AFR,0.502738375210651
0.5,22,5,417,CSA,0.580652100803843
0.5,22,5,417,AMR,0.939894868725623
0.25,22,5,417,MELD_lambda0,0
0.25,22,5,417,MELD_lambda1,0.622720624114376
0.25,22,5,417,MELD_pooled,0.643253246967684
0.25,22,5,417,EUR,0.767823047298553
0.25,22,5,417,EAS,0.969917589944998
0.25,22,5,417,AFR,0.307356039760825
0.25,22,5,417,CSA,0.760165174855653
0.25,22,5,417,AMR,1.12217484922589
0.75,22,6,480,MELD_lambda0,0
0.75,22,6,480,MELD_lambda1,0.565203512076065
0.75,22,6,480,MELD_pooled,0.568486579476609
0.75,22,6,480,EUR,0.240623869876317
0.75,22,6,480,EAS,0.598832030056144
0.75,22,6,480,AFR,0.61842709186087
0.75,22,6,480,CSA,0.513894222126775
0.75,22,6,480,AMR,0.671583836367555
0.5,22,6,480,MELD_lambda0,0
0.5,22,6,480,MELD_lambda1,0.734138121005249
0.5,22,6,480,MELD_pooled,0.733841115390474
0.5,22,6,480,EUR,0.458244094568375
0.5,22,6,480,EAS,0.694948992872338
0.5,22,6,480,AFR,0.486211945072129
0.5,22,6,480,CSA,0.601817344803176
0.5,22,6,480,AMR,0.760614635116954
0.25,22,6,480,MELD_lambda0,0
0.25,22,6,480,MELD_lambda1,0.656684375885216
0.25,22,6,480,MELD_pooled,0.66545507246207
0.25,22,6,480,EUR,0.697686116186181
0.25,22,6,480,EAS,0.838647242218225
0.25,22,6,480,AFR,0.314766367643526
0.25,22,6,480,CSA,0.743393042337988
0.25,22,6,480,AMR,0.890822415793194
0.75,22,7,948,MELD_lambda0,0
0.75,22,7,948,MELD_lambda1,1.02331830272936
0.75,22,7,948,MELD_pooled,1.02105756579316
0.75,22,7,948,EUR,0.2848982370992
0.75,22,7,948,EAS,0.84306193079288
0.75,22,7,948,AFR,0.780323227116672
0.75,22,7,948,CSA,0.678713888352126
0.75,22,7,948,AMR,1.21130793933457
0.5,22,7,948,MELD_lambda0,0
0.5,22,7,948,MELD_lambda1,1.35499877831058
0.5,22,7,948,MELD_pooled,1.35658682403217
0.5,22,7,948,EUR,0.529823454803782
0.5,22,7,948,EAS,0.913221969239348
0.5,22,7,948,AFR,0.644160084538407
0.5,22,7,948,CSA,0.763617252627954
0.5,22,7,948,AMR,1.34444521803772
0.25,22,7,948,MELD_lambda0,0
0.25,22,7,948,MELD_lambda1,1.24357106795509
0.25,22,7,948,MELD_pooled,1.28355676202526
0.25,22,7,948,EUR,0.805369844355539
0.25,22,7,948,EAS,1.01704907337633
0.25,22,7,948,AFR,0.44250718904127
0.25,22,7,948,CSA,0.900921322668734
0.25,22,7,948,AMR,1.486855778626
0.75,22,8,863,MELD_lambda0,0
0.75,22,8,863,MELD_lambda1,0.707900921799481
0.75,22,8,863,MELD_pooled,0.722728263337443
0.75,22,8,863,EUR,0.269315046626959
0.75,22,8,863,EAS,0.808187004037653
0.75,22,8,863,AFR,0.742746083469454
0.75,22,8,863,CSA,0.703960889634803
0.75,22,8,863,AMR,1.06826476622985
0.5,22,8,863,MELD_lambda0,0
0.5,22,8,863,MELD_lambda1,0.949558060511892
0.5,22,8,863,MELD_pooled,0.950106571492676
0.5,22,8,863,EUR,0.516941145192969
0.5,22,8,863,EAS,0.861803193288781
0.5,22,8,863,AFR,0.588153570342269
0.5,22,8,863,CSA,0.785371515963359
0.5,22,8,863,AMR,1.17306962169775
0.25,22,8,863,MELD_lambda0,0
0.25,22,8,863,MELD_lambda1,0.839882274852569
0.25,22,8,863,MELD_pooled,0.87564240145736
0.25,22,8,863,EUR,0.785752373483546
0.25,22,8,863,EAS,0.946091608547865
0.25,22,8,863,AFR,0.374283705615049
0.25,22,8,863,CSA,0.911140833256686
0.25,22,8,863,AMR,1.2872508552736
0.75,22,9,733,MELD_lambda0,0
0.75,22,9,733,MELD_lambda1,0.504014804029474
0.75,22,9,733,MELD_pooled,0.505160547078722
0.75,22,9,733,EUR,0.252896311457963
0.75,22,9,733,EAS,0.760430606045023
0.75,22,9,733,AFR,0.693659523778498
0.75,22,9,733,CSA,0.585637462609331
0.75,22,9,733,AMR,0.79041847748408
0.5,22,9,733,MELD_lambda0,0
0.5,22,9,733,MELD_lambda1,0.692933968884711
0.5,22,9,733,MELD_pooled,0.696516184447822
0.5,22,9,733,EUR,0.487429315448853
0.5,22,9,733,EAS,0.799532537370622
0.5,22,9,733,AFR,0.557069224369516
0.5,22,9,733,CSA,0.671890577868293
0.5,22,9,733,AMR,0.89748261273609
0.25,22,9,733,MELD_lambda0,0
0.25,22,9,733,MELD_lambda1,0.646503243429056
0.25,22,9,733,MELD_pooled,0.686813715948343
0.25,22,9,733,EUR,0.742462726584093
0.25,22,9,733,EAS,0.873730108277938
0.25,22,9,733,AFR,0.374357271467531
0.25,22,9,733,CSA,0.808938609175329
0.25,22,9,733,AMR,1.03643028630854
0.75,22,10,689,MELD_lambda0,0
0.75,22,10,689,MELD_lambda1,0.391831409499997
0.75,22,10,689,MELD_pooled,0.413853711229157
0.75,22,10,689,EUR,0.235018806315752
0.75,22,10,689,EAS,0.73841822041354
0.75,22,10,689,AFR,0.713571296189889
0.75,22,10,689,CSA,0.618599470520458
0.75,22,10,689,AMR,0.674875837440086
0.5,22,10,689,MELD_lambda0,0
0.5,22,10,689,MELD_lambda1,0.560201231600672
0.5,22,10,689,MELD_pooled,0.560991509528069
0.5,22,10,689,EUR,0.451313176632561
0.5,22,10,689,EAS,0.779978024993367
0.5,22,10,689,AFR,0.586099641814388
0.5,22,10,689,CSA,0.671355789416386
0.5,22,10,689,AMR,0.758297168912637
0.25,22,10,689,MELD_lambda0,0
0.25,22,10,689,MELD_lambda1,0.550156464682582
0.25,22,10,689,MELD_pooled,0.576560490845681
0.25,22,10,689,EUR,0.720045799129084
0.25,22,10,689,EAS,0.861763047729512
0.25,22,10,689,AFR,0.397738612893429
0.25,22,10,689,CSA,0.781115165210879
0.25,22,10,689,AMR,0.899009703624024
0.75,22,11,437,MELD_lambda0,0
0.75,22,11,437,MELD_lambda1,0.345877607822963
0.75,22,11,437,MELD_pooled,0.344663026704471
0.75,22,11,437,EUR,0.214512434776298
0.75,22,11,437,EAS,0.781941858526039
0.75,22,11,437,AFR,0.629414888849617
0.75,22,11,437,CSA,0.491807747134342
0.75,22,11,437,AMR,0.583951976693961
0.5,22,11,437,MELD_lambda0,0
0.5,22,11,437,MELD_lambda1,0.496220480695937
0.5,22,11,437,MELD_pooled,0.494654451079079
0.5,22,11,437,EUR,0.430680490726317
0.5,22,11,437,EAS,0.828836879170294
0.5,22,11,437,AFR,0.507031283765996
0.5,22,11,437,CSA,0.562985209191717
0.5,22,11,437,AMR,0.683923719802149
0.25,22,11,437,MELD_lambda0,0
0.25,22,11,437,MELD_lambda1,0.484205168369616
0.25,22,11,437,MELD_pooled,0.491337707778293
0.25,22,11,437,EUR,0.679405013697087
0.25,22,11,437,EAS,0.908224669396471
0.25,22,11,437,AFR,0.340009041281224
0.25,22,11,437,CSA,0.694757155310314
0.25,22,11,437,AMR,0.835044497394311
0.75,22,12,1159,MELD_lambda0,0
0.75,22,12,1159,MELD_lambda1,0.87153934463802
0.75,22,12,1159,MELD_pooled,0.875940024226599
0.75,22,12,1159,EUR,0.326820409948422
0.75,22,12,1159,EAS,0.855158252831541
0.75,22,12,1159,AFR,0.830960018398656
0.75,22,12,1159,CSA,0.713259514641019
0.75,22,12,1159,AMR,1.05030586527554
0.5,22,12,1159,MELD_lambda0,0
0.5,22,12,1159,MELD_lambda1,1.13763453819439
0.5,22,12,1159,MELD_pooled,1.13790127923123
0.5,22,12,1159,EUR,0.585910788848445
0.5,22,12,1159,EAS,0.935593013358962
0.5,22,12,1159,AFR,0.674498205007837
0.5,22,12,1159,CSA,0.803171521722165
0.5,22,12,1159,AMR,1.16708529417294
0.25,22,12,1159,MELD_lambda0,0
0.25,22,12,1159,MELD_lambda1,1.01660333778314
0.25,22,12,1159,MELD_pooled,1.02883142711569
0.25,22,12,1159,EUR,0.87368596463075
0.25,22,12,1159,EAS,1.04902170216604
0.25,22,12,1159,AFR,0.44854017756833
0.25,22,12,1159,CSA,0.942501122234575
0.25,22,12,1159,AMR,1.30068873770784
0.75,22,13,618,MELD_lambda0,0
0.75,22,13,618,MELD_lambda1,0.497742743815724
0.75,22,13,618,MELD_pooled,0.500911108787026
0.75,22,13,618,EUR,0.271192457044415
0.75,22,13,618,EAS,0.707934639735435
0.75,22,13,618,AFR,0.720670003760166
0.75,22,13,618,CSA,0.534880942697747
0.75,22,13,618,AMR,0.633801125074846
0.5,22,13,618,MELD_lambda0,0
0.5,22,13,618,MELD_lambda1,0.6546496708101
0.5,22,13,618,MELD_pooled,0.652434634296133
0.5,22,13,618,EUR,0.527101175395642
0.5,22,13,618,EAS,0.792136213613069
0.5,22,13,618,AFR,0.559982082443061
0.5,22,13,618,CSA,0.657711102795907
0.5,22,13,618,AMR,0.745928621957605
0.25,22,13,618,MELD_lambda0,0
0.25,22,13,618,MELD_lambda1,0.57866629864155
0.25,22,13,618,MELD_pooled,0.596074829668918
0.25,22,13,618,EUR,0.80692359813609
0.25,22,13,618,EAS,0.925315883060519
0.25,22,13,618,AFR,0.342715120967941
0.25,22,13,618,CSA,0.842683534930621
0.25,22,13,618,AMR,0.912272895217348
0.75,22,14,1069,MELD_lambda0,0
0.75,22,14,1069,MELD_lambda1,1.29990130686818
0.75,22,14,1069,MELD_pooled,1.31057698188157
0.75,22,14,1069,EUR,0.307195753332564
0.75,22,14,1069,EAS,0.78062420664869
0.75,22,14,1069,AFR,0.78019304408897
0.75,22,14,1069,CSA,0.685140769048922
0.75,22,14,1069,AMR,1.01506520862932
0.5,22,14,1069,MELD_lambda0,0
0.5,22,14,1069,MELD_lambda1,1.6222203559554
0.5,22,14,1069,MELD_pooled,1.62158351321126
0.5,22,14,1069,EUR,0.54695406352311
0.5,22,14,1069,EAS,0.852847782604593
0.5,22,14,1069,AFR,0.613496633152269
0.5,22,14,1069,CSA,0.783330167042361
0.5,22,14,1069,AMR,1.09867684304907
0.25,22,14,1069,MELD_lambda0,0
0.25,22,14,1069,MELD_lambda1,1.38037329708355
0.25,22,14,1069,MELD_pooled,1.39952941095761
0.25,22,14,1069,EUR,0.782935537572882
0.25,22,14,1069,EAS,0.948177062018591
0.25,22,14,1069,AFR,0.392868287256752
0.25,22,14,1069,CSA,0.909378840376474
0.25,22,14,1069,AMR,1.18246893111015
0.75,22,15,709,MELD_lambda0,0
0.75,22,15,709,MELD_lambda1,0.592462830441158
0.75,22,15,709,MELD_pooled,0.612636804940192
0.75,22,15,709,EUR,0.215231278390791
0.75,22,15,709,EAS,0.594631545561739
0.75,22,15,709,AFR,0.674495596541506
0.75,22,15,709,CSA,0.476298007519388
0.75,22,15,709,AMR,0.775580999810853
0.5,22,15,709,MELD_lambda0,0
0.5,22,15,709,MELD_lambda1,0.803039632935443
0.5,22,15,709,MELD_pooled,0.802524171156521
0.5,22,15,709,EUR,0.425509580420226
0.5,22,15,709,EAS,0.652872657564933
0.5,22,15,709,AFR,0.559049085839806
0.5,22,15,709,CSA,0.543367487092745
0.5,22,15,709,AMR,0.88943496197589
0.25,22,15,709,MELD_lambda0,0
0.25,22,15,709,MELD_lambda1,0.751020712904946
0.25,22,15,709,MELD_pooled,0.779714456277285
0.25,22,15,709,EUR,0.692931322617091
0.25,22,15,709,EAS,0.775208742909595
0.25,22,15,709,AFR,0.383400111207653
0.25,22,15,709,CSA,0.689782866341717
0.25,22,15,709,AMR,1.06061004255341
0.75,22,16,417,MELD_lambda0,0
0.75,22,16,417,MELD_lambda1,0.508102441961813
0.75,22,16,417,MELD_pooled,0.512230308378483
0.75,22,16,417,EUR,0.202878862876404
0.75,22,16,417,EAS,0.712963493903505
0.75,22,16,417,AFR,0.704550775169701
0.75,22,16,417,CSA,0.495622634143456
0.75,22,16,417,AMR,0.83456963099975
0.5,22,16,417,MELD_lambda0,0
0.5,22,16,417,MELD_lambda1,0.729505208827471
0.5,22,16,417,MELD_pooled,0.730503815850842
0.5,22,16,417,EUR,0.429510267764308
0.5,22,16,417,EAS,0.760719030013814
0.5,22,16,417,AFR,0.583789777649523
0.5,22,16,417,CSA,0.58809583569563
0.5,22,16,417,AMR,0.956507221170505
0.25,22,16,417,MELD_lambda0,0
0.25,22,16,417,MELD_lambda1,0.711599144201925
0.25,22,16,417,MELD_pooled,0.732590455180506
0.25,22,16,417,EUR,0.722828752658879
0.25,22,16,417,EAS,0.866104916429325
0.25,22,16,417,AFR,0.395151844095187
0.25,22,16,417,CSA,0.772405517199754
0.25,22,16,417,AMR,1.14021884545938
0.75,22,17,615,MELD_lambda0,0
0.75,22,17,615,MELD_lambda1,0.38915317733338
0.75,22,17,615,MELD_pooled,0.390166971848907
0.75,22,17,615,EUR,0.228002550976483
0.75,22,17,615,EAS,0.830736817613228
0.75,22,17,615,AFR,0.718822521218965
0.75,22,17,615,CSA,0.443459610780233
0.75,22,17,615,AMR,0.794726390292703
0.5,22,17,615,MELD_lambda0,0
0.5,22,17,615,MELD_lambda1,0.549034800974652
0.5,22,17,615,MELD_pooled,0.550683443855963
0.5,22,17,615,EUR,0.456967445621898
0.5,22,17,615,EAS,0.918920833408342
0.5,22,17,615,AFR,0.604292542229072
0.5,22,17,615,CSA,0.565651379250619
0.5,22,17,615,AMR,0.930941123769481
0.25,22,17,615,MELD_lambda0,0
0.25,22,17,615,MELD_lambda1,0.552498533501376
0.25,22,17,615,MELD_pooled,0.567007116257277
0.25,22,17,615,EUR,0.76143337788346
0.25,22,17,615,EAS,1.07167597156775
0.25,22,17,615,AFR,0.42336712774253
0.25,22,17,615,CSA,0.786899632899463
0.25,22,17,615,AMR,1.14668556615459
0.75,22,18,507,MELD_lambda0,0
0.75,22,18,507,MELD_lambda1,0.552164721277741
0.75,22,18,507,MELD_pooled,0.556008744089435
0.75,22,18,507,EUR,0.233505139278332
0.75,22,18,507,EAS,0.729384413120408
0.75,22,18,507,AFR,0.728077330929487
0.75,22,18,507,CSA,0.507950745588871
0.75,22,18,507,AMR,0.740766272238268
0.5,22,18,507,MELD_lambda0,0
0.5,22,18,507,MELD_lambda1,0.771125009105724
0.5,22,18,507,MELD_pooled,0.773736995419878
0.5,22,18,507,EUR,0.483438763204256
0.5,22,18,507,EAS,0.771199574428734
0.5,22,18,507,AFR,0.595071440344457
0.5,22,18,507,CSA,0.599963804019687
0.5,22,18,507,AMR,0.832340291623492
0.25,22,18,507,MELD_lambda0,0
0.25,22,18,507,MELD_lambda1,0.725373228471238
0.25,22,18,507,MELD_pooled,0.734040588973984
0.25,22,18,507,EUR,0.796851852999876
0.25,22,18,507,EAS,0.870284121060243
0.25,22,18,507,AFR,0.387953462568344
0.25,22,18,507,CSA,0.787141656108774
0.25,22,18,507,AMR,0.990149924258231
0.75,22,19,829,MELD_lambda0,0
0.75,22,19,829,MELD_lambda1,0.492129313859713
0.75,22,19,829,MELD_pooled,0.498961676782518
0.75,22,19,829,EUR,0.202618900324254
0.75,22,19,829,EAS,0.751434627848047
0.75,22,19,829,AFR,0.679352659484157
0.75,22,19,829,CSA,0.547745897835304
0.75,22,19,829,AMR,1.17711531252525
0.5,22,19,829,MELD_lambda0,0
0.5,22,19,829,MELD_lambda1,0.703875972333645
0.5,22,19,829,MELD_pooled,0.704722522772299
0.5,22,19,829,EUR,0.422563400181128
0.5,22,19,829,EAS,0.82654888208832
0.5,22,19,829,AFR,0.551656701263967
0.5,22,19,829,CSA,0.633303517990795
0.5,22,19,829,AMR,1.2992837889264
0.25,22,19,829,MELD_lambda0,0
0.25,22,19,829,MELD_lambda1,0.669875024085029
0.25,22,19,829,MELD_pooled,0.689967201391246
0.25,22,19,829,EUR,0.689252379856163
0.25,22,19,829,EAS,0.948781142758021
0.25,22,19,829,AFR,0.363799744131414
0.25,22,19,829,CSA,0.787128240883712
0.25,22,19,829,AMR,1.44555905166721
0.75,22,20,769,MELD_lambda0,0
0.75,22,20,769,MELD_lambda1,0.860015112114091
0.75,22,20,769,MELD_pooled,0.863038830204198
0.75,22,20,769,EUR,0.222063593757174
0.75,22,20,769,EAS,0.73463556750541
0.75,22,20,769,AFR,0.766631141658035
0.75,22,20,769,CSA,0.612314342188655
0.75,22,20,769,AMR,0.951115002056599
0.5,22,20,769,MELD_lambda0,0
0.5,22,20,769,MELD_lambda1,1.18050766414266
0.5,22,20,769,MELD_pooled,1.17740277286769
0.5,22,20,769,EUR,0.449603388350985
0.5,22,20,769,EAS,0.802350235514969
0.5,22,20,769,AFR,0.64105083771747
0.5,22,20,769,CSA,0.68326398702076
0.5,22,20,769,AMR,1.04346564675025
0.25,22,20,769,MELD_lambda0,0
0.25,22,20,769,MELD_lambda1,1.10507282947344
0.25,22,20,769,MELD_pooled,1.11511348645219
0.25,22,20,769,EUR,0.721491725145547
0.25,22,20,769,EAS,0.921950426629262
0.25,22,20,769,AFR,0.445648648465871
0.25,22,20,769,CSA,0.819110888440513
0.25,22,20,769,AMR,1.16721172578572
0.75,22,21,571,MELD_lambda0,0
0.75,22,21,571,MELD_lambda1,0.938495838087974
0.75,22,21,571,MELD_pooled,0.95966275571945
0.75,22,21,571,EUR,0.271931974141446
0.75,22,21,571,EAS,0.764615072958319
0.75,22,21,571,AFR,0.675551937649457
0.75,22,21,571,CSA,0.544830879851925
0.75,22,21,571,AMR,0.845722224888889
0.5,22,21,571,MELD_lambda0,0
0.5,22,21,571,MELD_lambda1,1.1828176764643
0.5,22,21,571,MELD_pooled,1.18339570670334
0.5,22,21,571,EUR,0.507805222410438
0.5,22,21,571,EAS,0.857267097920789
0.5,22,21,571,AFR,0.534447015407387
0.5,22,21,571,CSA,0.647583730302758
0.5,22,21,571,AMR,0.962109131350771
0.25,22,21,571,MELD_lambda0,0
0.25,22,21,571,MELD_lambda1,1.0257279201721
0.25,22,21,571,MELD_pooled,1.04740882930766
0.25,22,21,571,EUR,0.765329009570525
0.25,22,21,571,EAS,0.991406654053047
0.25,22,21,571,AFR,0.346382163688027
0.25,22,21,571,CSA,0.807499028413499
0.25,22,21,571,AMR,1.10881332308321
0.75,22,22,875,MELD_lambda0,0
0.75,22,22,875,MELD_lambda1,0.758290261672053
0.75,22,22,875,MELD_pooled,0.765146189445668
0.75,22,22,875,EUR,0.256263514088543
0.75,22,22,875,EAS,0.805816508612154
0.75,22,22,875,AFR,0.72493969069566
0.75,22,22,875,CSA,0.709323222956322
0.75,22,22,875,AMR,1.08412366833071
0.5,22,22,875,MELD_lambda0,0
0.5,22,22,875,MELD_lambda1,1.03397900769742
0.5,22,22,875,MELD_pooled,1.03537758235489
0.5,22,22,875,EUR,0.512496245679062
0.5,22,22,875,EAS,0.881182842633246
0.5,22,22,875,AFR,0.578831338696343
0.5,22,22,875,CSA,0.801838403789852
0.5,22,22,875,AMR,1.21310751658627
0.25,22,22,875,MELD_lambda0,0
0.25,22,22,875,MELD_lambda1,0.935031937711165
0.25,22,22,875,MELD_pooled,0.951118704791503
0.25,22,22,875,EUR,0.795580186203305
0.25,22,22,875,EAS,0.994441017360008
0.25,22,22,875,AFR,0.372697117572525
0.25,22,22,875,CSA,0.943149242194934
0.25,22,22,875,AMR,1.35958921876134
0.75,22,23,712,MELD_lambda0,0
0.75,22,23,712,MELD_lambda1,0.651678666370584
0.75,22,23,712,MELD_pooled,0.662980568465102
0.75,22,23,712,EUR,0.241676975147272
0.75,22,23,712,EAS,0.826604742461826
0.75,22,23,712,AFR,0.809025127567267
0.75,22,23,712,CSA,0.675088463690572
0.75,22,23,712,AMR,1.0938583894675
0.5,22,23,712,MELD_lambda0,0
0.5,22,23,712,MELD_lambda1,0.950373373990644
0.5,22,23,712,MELD_pooled,0.952350776563159
0.5,22,23,712,EUR,0.50802541706876
0.5,22,23,712,EAS,0.884160934522359
0.5,22,23,712,AFR,0.680741906198805
0.5,22,23,712,CSA,0.766898139782925
0.5,22,23,712,AMR,1.2302640479962
0.25,22,23,712,MELD_lambda0,0
0.25,22,23,712,MELD_lambda1,0.917342416570301
0.25,22,23,712,MELD_pooled,0.947779819903735
0.25,22,23,712,EUR,0.822221945502805
0.25,22,23,712,EAS,0.983473158768963
0.25,22,23,712,AFR,0.481632027050339
0.25,22,23,712,CSA,0.925186739881342
0.25,22,23,712,AMR,1.39403600333156
0.75,22,24,552,MELD_lambda0,0
0.75,22,24,552,MELD_lambda1,0.77915148014167
0.75,22,24,552,MELD_pooled,0.778688364773733
0.75,22,24,552,EUR,0.242397621810043
0.75,22,24,552,EAS,0.678788088406743
0.75,22,24,552,AFR,0.66413612823681
0.75,22,24,552,CSA,0.538438739879613
0.75,22,24,552,AMR,0.879173613114025
0.5,22,24,552,MELD_lambda0,0
0.5,22,24,552,MELD_lambda1,1.02042291570361
0.5,22,24,552,MELD_pooled,1.0196770108086
0.5,22,24,552,EUR,0.469753701665714
0.5,22,24,552,EAS,0.739995322192448
0.5,22,24,552,AFR,0.533100761637431
0.5,22,24,552,CSA,0.618994124165207
0.5,22,24,552,AMR,0.980466554248529
0.25,22,24,552,MELD_lambda0,0
0.25,22,24,552,MELD_lambda1,0.914901230088464
0.25,22,24,552,MELD_pooled,0.941404673974523
0.25,22,24,552,EUR,0.716258425599861
0.25,22,24,552,EAS,0.839916052276495
0.25,22,24,552,AFR,0.357408965134921
0.25,22,24,552,CSA,0.752140597496766
0.25,22,24,552,AMR,1.10483706297295
